0.7243458035427647,-0.6624489424587073,0.0,0.7243458035427647,0.0,2.7735894920029462,0.36757546481294456,-0.16233746963686535,0.0,0.3675754648129446,0.0,1.05982586889962,0.43735887706905086,-0.2818159804990294,0.0068472032938347,0.4394204985691554,0.0009816927536648627,1.4651344299288407
0.267899091779036,-0.22487841767356398,0.0,0.267899091779036,0.0,0.9855550189052,1.2786268251736044,-0.584469941071647,0.0,1.2786268251736044,0.0,3.726193532490503,0.9040522531961998,-0.4385128233170669,-0.008830744985397512,0.8893916111477751,0.008362033276402284,2.6046723759418073
0.2944960005526364,-0.1401693033557009,0.0,0.2944960005526364,0.0,0.8693306078166745,1.8249429203423024,-1.7051504579607346,0.0,1.8249429203423024,0.0,7.060186756606067,1.1101249305781415,-0.978325304595062,-0.020615694920837625,1.1115242591557088,0.02146301932522475,4.126009268961303
0.3624492356644052,-0.061081065358741304,0.0,0.3624492356644052,0.0,0.847060602046293,1.0584826972573702,-0.8130709768455201,0.0,1.0584826972573702,0.0,3.7431073482057826,0.7682429824979023,-0.5066843796599518,-0.013365303435388052,0.7695268559719998,0.013457887529008304,2.515026148162918
1.8703952161695945,-0.16778165295194242,0.0,1.8703952161695945,0.0,4.076353738243074,0.6854254624729201,-0.450022716048549,0.0,0.6854254624729201,0.0,2.2708963570429375,0.9495418848335211,-0.4168300493698225,-0.014977273853362519,0.9453835289392405,-0.02223074969998881,2.752761072005766
1.6922095064753426,-1.2092016889786148,0.0,1.6922095064753426,0.0,5.802822390907915,0.44384865099390525,-0.3692088753404278,0.0,0.4438486509939053,0.0,1.6261150526686654,0.6850242144692098,-0.5061315745455124,-0.006873489473462428,0.6811340392542651,-0.012269223979738373,2.42555415247769
0.9386737465428249,-0.6832157254320911,0.0,0.9386737465428246,0.0,3.243778943949831,0.2554235969342944,-0.23874590212371138,0.0,0.25542359693429434,0.0,0.9883389981160093,0.391498111016602,-0.31123932827105405,-0.0033383659796077615,0.389323130863287,-0.007912224988879795,1.4261142649986334
1.246487427264114,-0.0791776921472675,0.0,1.2464874272641142,0.0,2.6513302388227635,1.319918821071166,-0.15208000153329956,0.0,1.3199188210711663,0.0,2.943997645208932,1.2970912569971733,-0.12941342629290983,-0.0007701791129497352,1.297090493768418,0.0007768935428833908,2.8472614398494156
1.4450915303373324,-0.08184656490945906,0.0,1.4450915303373324,0.0,3.053876190493583,1.7841485496726601,-1.282873959875213,0.0,1.78414854967266,0.0,6.134045019095743,1.6189766998641488,-0.8902895512650955,-0.011938342010042916,1.6261475956757725,0.0026044785465452196,4.988516115403464
0.6944788660379219,-0.2724144334275727,0.0,0.6944788660379219,0.0,1.9337865989309893,0.31553149908882655,-0.07756749825666709,0.0,0.31553149908882655,0.0,0.7861979946909874,0.408786091931583,-0.1211780345119948,0.00023574248246595867,0.40748634112158283,-0.007030317097910693,1.075220592301346
0.667934725672606,-0.1406815180921789,0.0,0.667934725672606,0.0,1.6172324875295698,0.4141749571146992,-0.03799385469145359,0.0,0.41417495711469915,0.0,0.9043376236123054,0.4832555086053316,-0.06463893902562332,0.0006247455404480941,0.48254629980614194,-0.005172168549937356,1.1066449995605558
2.781552904014693,-0.15766569414333395,0.0,2.7815529040146934,0.0,5.878437196316055,0.7225778819022791,-0.05023304616158979,0.0,0.7225778819022791,0.0,1.545621856127738,1.1404464610753644,-0.09523545425341745,-0.013137970887106816,1.1340035602845664,-0.0258624251559354,2.51361246591222
2.8094939522128803,-0.597936074148086,0.0,2.8094939522128803,0.0,6.814860052721933,2.044227094557951,-0.34420200699897424,0.0,2.0442270945579506,0.0,4.776858203113849,2.261736145344903,-0.4145905778394517,-0.0015006627174518822,2.2600584134177213,-0.004406563422999656,5.385127298464708
0.7058248318685784,-0.16885280024013377,0.0,0.7058248318685784,0.0,1.7493552642174242,0.8651992558303687,-0.08834962259457547,0.0,0.8651992558303686,0.0,1.9070977568498888,0.8134345454191317,-0.11578875951914167,0.0017948910134197862,0.8132017673888344,0.002927561112119482,1.8550829858997482
0.3934046289073284,-0.28451049170155224,0.0,0.39340462890732847,0.0,1.3558302412177607,0.3241881038996756,-0.060291762728009596,0.0,0.3241881038996756,0.0,0.7689597332553707,0.3352380253184598,-0.12628631604080792,0.005115625866449007,0.33646864452355846,0.0013425876811474701,0.9338859797759393
0.8513407090580298,-0.3362205523436622,0.0,0.8513407090580298,0.0,2.3751225228033843,0.7957933816403466,-0.1794911425054503,0.0,0.7957933816403467,0.0,1.950569048291594,0.8106601590490967,-0.22643923066654584,0.0025928225817887624,0.8108904963772037,8.047441841242746e-05,2.0817268972163996
2.4197129764131318,-1.7798694463041425,0.0,2.4197129764131318,0.0,8.399164845434546,2.0482666478057694,-1.664614324106924,0.0,2.0482666478057694,0.0,7.425761943825391,2.157609824669402,-1.6981756970979802,-0.003473328924822003,2.1571460406769503,-0.004268681201072755,7.723950198394554
1.235094086081205,-0.25940925164760725,0.0,1.235094086081205,0.0,2.9890066754576248,1.3531582465881278,-0.08069176498650847,0.0,1.3531582465881278,0.0,2.8677000231492724,1.314084271313524,-0.13805580511168744,0.0024506365904669518,1.3142140335701975,0.0018902062312601156,2.9067844755106753
2.2999376231443347,-1.6028080446624702,0.0,2.2999376231443343,0.0,7.80549133561361,1.5444853741362488,-0.5677920081047029,0.0,1.544485374136249,0.0,4.224554764481904,1.7278860420786641,-0.84188615903096,0.005631854454433315,1.7301602859540612,0.00317310122726507,5.196961512082041
2.644658330024599,-1.1567020604298042,0.0,2.6446583300245985,0.0,7.602720780908806,2.3910115344083627,-0.6774865117108386,0.0,2.3910115344083627,0.0,6.1369960922384035,2.4616490900610106,-0.8190193388804722,0.0022752367933113185,2.4622305749518305,0.0007979739777021012,6.5863952344776955
0.7336075528838587,-0.21568377341702244,0.0,0.7336075528838587,0.0,1.8985826526017622,0.810995296493041,-0.04644531709172166,0.0,0.8109952964930411,0.0,1.7148812271695253,0.783517189522317,-0.10125780524419718,0.0034229515206957144,0.7837953323628217,0.0021474745914882467,1.77337792101836
2.0590253696797878,-1.828946327567468,0.0,2.0590253696797878,0.0,7.775943394494505,0.7320177617284712,-0.28533744638812486,0.0,0.7320177617284712,0.0,2.0347104162331915,0.9675284428594578,-0.5941760579583817,0.007838773115519919,0.9714267682510233,0.004755760849566764,3.202446854853762
0.5079905618744837,-0.10421501657445624,0.0,0.5079905618744837,0.0,1.22441115689788,1.2422013269338685,-1.04467503331211,0.0,1.2422013269338688,0.0,4.573752720491961,0.9279112643153768,-0.6727021489552234,-0.013960416654842376,0.9321951792851891,0.013708069574860536,3.172775212932772
2.6319090999262755,-0.5609813366047917,0.0,2.631909099926275,0.0,6.385780873062132,0.754981111105008,-0.4528818082780989,0.0,0.754981111105008,0.0,2.415725838766215,1.1511602591758614,-0.495636865041494,-0.020451719719851734,1.1445483554928715,-0.027445908153843852,3.3359522928816645
1.7996201122492521,-1.746268145743663,0.0,1.799620112249252,0.0,7.091776515985796,0.6778081465573051,-0.18884251964929963,0.0,0.6778081465573051,0.0,1.7333013324132096,0.8457420560784169,-0.521011050790263,0.016642588488669348,0.8556104806574134,0.012512853040471637,2.8136902973673195
1.688587401573439,-0.5895146618587788,0.0,1.6885874015734388,0.0,4.556204126864435,1.678932736361191,-0.17084565237489396,0.0,1.678932736361191,0.0,3.6995567774721696,1.6741779242445203,-0.3002726785318634,0.004253801562357413,1.6751486761715986,0.001929873725208515,3.9654780483463474
2.19708027604232,-0.8496507884183778,0.0,2.19708027604232,0.0,6.093462128921395,0.6793268551504651,-0.3598910163642578,0.0,0.679326855150465,0.0,2.078435743029445,1.0104059675132344,-0.45675266499597567,-0.013250048231651438,1.0043771161575732,-0.020633630170921416,2.9790610724882867
1.8649970993705176,-1.1948589353586778,0.0,1.8649970993705176,0.0,6.119712069458391,0.6249708409340817,-0.3343935411368351,0.0,0.6249708409340816,0.0,1.9187287641418334,0.8897868714674974,-0.4964248683778255,-0.0050653870761185275,0.8860229505484226,-0.011375164673156503,2.823020053596676
0.6184701676546764,-0.12438395157722054,0.0,0.6184701676546763,0.0,1.4857082384637934,0.4352586246620181,-0.02696507825303975,0.0,0.4352586246620181,0.0,0.9244474058301158,0.48655060824533947,-0.05321331184088317,0.0011449270368666283,0.4861997631425299,-0.00363230855784709,1.0886795380695167
0.3308354420886102,-0.1712027088711061,0.0,0.3308354420886102,0.0,1.0040763019194328,0.6334295144184744,-0.5467783417387632,0.0,0.6334295144184744,0.0,2.3604157123144756,0.5149785385747542,-0.40713131612553516,-0.007008133032091677,0.5160139436774581,0.006231680709264052,1.831887847513544
0.5476792848155031,-0.24765313094812424,0.0,0.5476792848155031,0.0,1.590664831527255,0.40641331364963323,-0.12520434875951114,0.0,0.40641331364963323,0.0,1.0632353248182886,0.4455972782900139,-0.15867704550438705,0.0016177312740673407,0.4455120349175986,-0.0022474770463916743,1.2168718527105546
1.544575637320895,-0.33970521518794583,0.0,1.5445756373208948,0.0,3.7685617050176825,1.6001667184070756,-0.8792450815037861,0.0,1.6001667184070758,0.0,4.9588235998217245,1.570528877240197,-0.7141935900487418,-0.005981628773052841,1.5720617319943742,-0.0016318307483271272,4.553411533672983
0.5154587076853154,-0.27603832374811726,0.0,0.5154587076853154,0.0,1.5829940628668648,1.9203708128799324,-0.6745008862426949,0.0,1.9203708128799324,0.0,5.1897433982452545,1.4115227043951075,-0.5220416559113709,-0.007881103230122631,1.3932991186718064,0.008714126184420025,3.75985423665897
0.7491780868654437,-0.6413398789819095,0.0,0.7491780868654436,0.0,2.781035931694709,1.7585252070256039,-0.2971381936411933,0.0,1.758525207025604,0.0,4.111326801333595,1.3864989396167882,-0.45532774339968585,0.007052316836147972,1.3777321026254021,0.011335342424991469,3.6450763435898748
1.5225104619596266,-0.7216890544184568,0.0,1.5225104619596264,0.0,4.488399032756165,0.6598328129601483,-0.6051972394455352,0.0,0.6598328129601482,0.0,2.530060104811365,0.870773491698009,-0.6375207299259412,-0.010008491708627916,0.8671753700111333,-0.015614865332873712,3.038029789101321
1.5714650162556334,-0.6950834646337167,0.0,1.5714650162556336,0.0,4.533096961778702,0.4774992073269871,-0.09977270977192362,0.0,0.4774992073269871,0.0,1.1545438341978216,0.709313432047961,-0.2076318696662962,-0.003820726337682356,0.7053445301413912,-0.014724455793078222,1.8709549847995128
0.2988799843978736,-0.11740028088073887,0.0,0.29887998439787367,0.0,0.832560530557225,0.4392467789935089,-0.1529994204222031,0.0,0.43924677899350884,0.0,1.184492398831424,0.39346627727321487,-0.14125668327143032,-0.000567975450593415,0.3929756566092278,0.002802710569160722,1.0625750603290751
1.8971517370400808,-1.4968652073867275,0.0,1.8971517370400812,0.0,6.788033888853623,1.9546793798867377,-1.3062890869176178,0.0,1.9546793798867377,0.0,6.521936933608714,1.935442945024339,-1.3655518369510289,0.003609842039034073,1.935599479421386,0.0032604047862917003,6.6059519396257045
0.3183655551154734,-0.11598270167230758,0.0,0.31836555511547343,0.0,0.868696513575562,0.29780246412824934,-0.19488246013320382,0.0,0.29780246412824934,0.0,0.9853698485229063,0.3024200909611531,-0.17178498764150754,-0.0018486672002500579,0.30257017909600575,-0.0006846249873262416,0.9469669686878122
0.37542075580530815,-0.35271790362778005,0.0,0.3754207558053082,0.0,1.4562773188661813,0.4896627729618928,-0.06545018676743906,0.0,0.4896627729618928,0.0,1.1102259194586637,0.4336750085578319,-0.1701581691276094,0.00858194170202254,0.4355433216355393,0.006639996591814,1.2160232801180095
0.30908549337192487,-0.16496112358197962,0.0,0.30908549337192487,0.0,0.9480932339078092,2.117239316356923,-0.16665204025893557,0.0,2.117239316356923,0.0,4.5677827132317175,1.4274633013517766,-0.20923626094530254,-0.0122397464376914,1.3891042803873204,0.003343166020191006,3.0947015208717468
0.6473275660977164,-0.11201083315468484,0.0,0.6473275660977162,0.0,1.5186767985048022,0.3983367277766776,-0.04057413865210566,0.0,0.3983367277766776,0.0,0.8778217328575664,0.46619803395878967,-0.059523768016015687,0.00010671345169351487,0.46544131942143513,-0.005316564203277798,1.0611213094523588
2.0818281030124774,-1.6248715996139458,0.0,2.0818281030124774,0.0,7.413399405252839,0.41627310595723144,-0.2571798596813145,0.0,0.4162731059572315,0.0,1.346905931277092,0.6849051043040371,-0.4459502648295856,-0.005951274481352092,0.6812488044713698,-0.009952770181515925,2.315292768470969
1.6791757176527529,-0.5708661106584625,0.0,1.679175717652753,0.0,4.500083656622431,0.9002766236696964,-0.27890313947062345,0.0,0.9002766236696963,0.0,2.358359526280639,1.104059972821871,-0.35086202162891755,-0.003250606588144996,1.1013543300083628,-0.010300696578137574,2.939427956998793
0.3817653862723181,-0.12566958679622936,0.0,0.3817653862723181,0.0,1.014869946137095,0.8411488168369855,-0.34986586596661473,0.0,0.8411488168369855,0.0,2.3820293656072007,0.6809361642553156,-0.2664345172092806,-0.0044886354415413976,0.6781142829933244,0.00705664484190204,1.8651869899189146
2.172394424416231,-1.2217878110126787,0.0,2.172394424416231,0.0,6.788364470857819,1.3839608677493536,-0.5133994793090402,0.0,1.3839608677493536,0.0,3.7947206941167875,1.590253064336695,-0.6953752390951371,0.0006913325875309026,1.5897109219143353,-0.0029885794444612875,4.6165488755217075
0.3277465103428323,-0.07390839037640785,0.0,0.32774651034283236,0.0,0.8033098014384804,2.4718595697713734,-2.0452244750354827,0.0,2.4718595697713734,0.0,9.034168089613708,1.5057274795979685,-1.1294948320057365,-0.0270683395355688,1.4985946602391778,0.023137398482056367,5.13811229362483
0.335266995565951,-0.054057538360407824,0.0,0.335266995565951,0.0,0.7786490678527177,2.3522600466987122,-1.6106584143599632,0.0,2.3522600466987127,0.0,7.925836922117349,1.505083255368543,-0.9052165487275597,-0.02437626318407063,1.4885341829269834,0.016551252194580653,4.655836991211664
1.2177670109437364,-0.25062375639854817,0.0,1.2177670109437368,0.0,2.93678153468457,1.2843129749040378,-1.0114137936991248,0.0,1.2843129749040378,0.0,4.591453537206325,1.2322348701656156,-0.7773990180530446,-0.010327384489820922,1.2360088209281945,-0.0017483728570628005,4.00424732454536
0.33292494649984156,-0.1804812573616209,0.0,0.33292494649984156,0.0,1.0268124077229253,1.0349343152227808,-0.12610253680331415,0.0,1.0349343152227806,0.0,2.3220737040521895,0.7794552570924871,-0.16190178772984012,-0.0007360699317235095,0.7705490972642078,0.007996728074226876,1.838820428014506
1.4246265505799978,-0.7585936921308657,0.0,1.4246265505799978,0.0,4.366440485421727,2.1321778199755492,-0.9652781579848826,0.0,2.1321778199755492,0.0,6.1949119559208645,1.9006630538058151,-0.896235689623126,0.0010256150963445032,1.8980984159913667,0.005780021660694521,5.5605390490898685
0.26396678466239554,-0.21125496444629957,0.0,0.2639667846623955,0.0,0.9504434982173899,0.41553259778227186,-0.15153450854286643,0.0,0.41553259778227186,0.0,1.1341342126502765,0.3635288285642164,-0.1746785116493403,0.0021054945503224576,0.3629206319836912,0.003524370720273928,1.0725714898346124
2.35230076563307,-0.5193388988608394,0.0,2.35230076563307,0.0,5.7432793289878195,0.4892075823278771,-0.14648933732060465,0.0,0.4892075823278772,0.0,1.2713938392969637,0.8356830738428255,-0.2171845227059852,-0.014954686023414055,0.8315787934706645,-0.02622747643328169,2.144512033592977
0.8673517568568473,-0.8159775535014848,0.0,0.8673517568568472,0.0,3.3666586207166693,0.33248570475282874,-0.2418808374579313,0.0,0.33248570475282874,0.0,1.1487330844215198,0.43927739566716467,-0.3584926228134675,0.00477299276346494,0.43985556577895374,-0.0025997871770075402,1.6237404433036635
0.919826227875416,-0.6077767949683346,0.0,0.9198262278754159,0.0,3.055206045687501,0.8705286549548131,-0.18420026890685004,0.0,0.870528654954813,0.0,2.109457847723326,0.8708377879081121,-0.3149073058938102,0.008113514155247822,0.8727694279625513,0.004079586191759793,2.3894267802411946
1.0424048912379504,-0.7048611086691469,0.0,1.0424048912379502,0.0,3.4945319998141935,1.165226130533226,-0.12639954597395092,0.0,1.165226130533226,0.0,2.5832513530143544,1.1001712210765742,-0.32003207649251936,0.011287061066381542,1.103236855390819,0.008085619182125504,2.8599174484871157
0.7134844209513203,-0.4482744015242069,0.0,0.7134844209513203,0.0,2.3235176449510537,1.2199255754459843,-0.5685964841892021,0.0,1.2199255754459846,0.0,3.5770441192703726,1.05109333864868,-0.5280963267320772,0.000351558048049681,1.0485063812167812,0.006536954081069446,3.134417888799075
0.9449517131238229,-0.34747760211683604,0.0,0.9449517131238229,0.0,2.584858630481318,0.7313764343044108,-0.5404690650185688,0.0,0.7313764343044107,0.0,2.5436909986459604,0.788473584801926,-0.4896566939005415,-0.005289788463005119,0.7883993581816213,-0.005531214521006316,2.5567939085346167
0.8872466215056096,-0.7045561225578236,0.0,0.8872466215056095,0.0,3.1836054881268643,0.3652507967855729,-0.11624284614436854,0.0,0.3652507967855729,0.0,0.962987285859883,0.46908592644395936,-0.24175784408909776,0.005482771916398366,0.4700469339542286,-0.001945540083260744,1.4531261526202555
1.1564149708901776,-0.5407967941542929,0.0,1.1564149708901776,0.0,3.3944235300889405,2.1303007267668135,-1.3264002632656644,0.0,2.1303007267668135,0.0,6.913401980064956,1.7862314794868084,-1.0402558538181839,-0.005410170187115191,1.7841875806528609,0.007317415759979432,5.599107045174688
1.99895628075038,-0.7075045461750967,0.0,1.99895628075038,0.0,5.412921653850953,0.29350568397665816,-0.16289084888452157,0.0,0.2935056839766581,0.0,0.9127930657223595,0.5621238819256362,-0.23462593297519016,-0.013714848286993231,0.561816226990528,-0.022731518774202344,1.6210474043685945
0.4890749906388146,-0.07923131331818783,0.0,0.4890749906388146,0.0,1.1366126079140049,0.32859889834923095,-0.24720768105309607,0.0,0.32859889834923095,0.0,1.1516131588046534,0.3670387994627263,-0.2064530784192719,-0.00419647880789586,0.36707669355084205,-0.004047372618979349,1.1469164501801679
0.3358092760010189,-0.09584818097556995,0.0,0.33580927600101884,0.0,0.8633149139531775,0.6075247176121411,-0.2635172689859775,0.0,0.607524717612141,0.0,1.742083973196237,0.5142458174140982,-0.20314296420516956,-0.0035189840182211726,0.5132614260216369,0.005024606718347773,1.4178308867699894
1.301419270600517,-0.7839278519873927,0.0,1.301419270600517,0.0,4.17069424517582,0.9297854956466101,-0.7289846009679304,0.0,0.9297854956466101,0.0,3.317540193229079,1.0349405364807691,-0.7451495293721455,-0.003769333666529926,1.0340256345623224,-0.006456755453374324,3.570764291707904
2.0052243008709585,-0.7718082187114829,0.0,2.0052243008709585,0.0,5.554065039164883,1.7847407198166658,-1.5463863520525742,0.0,1.784740719816666,0.0,6.662254143738484,1.825815184913969,-1.3256686211475548,-0.012247067065500584,1.8280809914750293,-0.009523250610832954,6.292810954017894
0.9125703407911279,-0.1958513695033698,0.0,0.912570340791128,0.0,2.216843420588996,0.8754583173290407,-0.5211485806576853,0.0,0.8754583173290407,0.0,2.7932137959734518,0.8780407724047772,-0.4249660128496648,-0.005681918490555625,0.8789762073089695,-0.0018624438916925619,2.598805794594593
0.3150592984102847,-0.09115177670999096,0.0,0.3150592984102846,0.0,0.8124221502405514,0.9127459806529878,-0.820460467523276,0.0,0.9127459806529881,0.0,3.466412896352524,0.6497845096222572,-0.5207017872879087,-0.013342104230932152,0.6530448156969421,0.013709430354270675,2.3223811558704273
0.7081829479197289,-0.6053448680664049,0.0,0.7081829479197288,0.0,2.627055631972269,0.7224631636686372,-0.27288875129216655,0.0,0.7224631636686373,0.0,1.9907038299216078,0.7058048163716566,-0.3789717217490909,0.007727137008639744,0.7073534948790134,0.004913494970572508,2.1815254122968906
0.31113306565061327,-0.30435144331509956,0.0,0.31113306565061327,0.0,1.2309690179314159,0.758567801653032,-0.6148554928106177,0.0,0.7585678016530321,0.0,2.7468465889273017,0.5959102319522519,-0.4945056655336985,-0.0054908071669890444,0.5937750411024445,0.006981820427908565,2.159382120970541
0.9097550213717461,-0.4105932968105883,0.0,0.9097550213717461,0.0,2.6406966363646682,2.8609318324194093,-1.0613846426418834,0.0,2.8609318324194093,0.0,7.844632950122587,2.1624579660929553,-0.8122312967972581,-0.008813345212062812,2.1413325701262895,0.0079959903539805,5.809170523708809
0.2769020745363782,-0.17002543467457032,0.0,0.2769020745363782,0.0,0.8938550184218969,0.6690029546673478,-0.3559526849070697,0.0,0.6690029546673478,0.0,2.0499112791488354,0.5308353525063754,-0.28564515441183425,-0.003847029564126407,0.5280729807683352,0.006211664534592743,1.6099924249529018
0.43336682683999206,-0.06360854773504414,0.0,0.4333668268399921,0.0,0.9939507491500724,0.5571669833459328,-0.16833618309597695,0.0,0.5571669833459328,0.0,1.4510063328838196,0.5167271981226063,-0.13372825680210623,-0.0020735937582203115,0.5166446907701889,0.002439253181092161,1.2923172817605404
0.5454621862291296,-0.2814642500207295,0.0,0.5454621862291296,0.0,1.653852872499718,0.42444806408325464,-0.1690328124168916,0.0,0.4244480640832546,0.0,1.1869617530002925,0.45837441229883286,-0.20033844775506435,0.0015026682879331278,0.4583396982339476,-0.0017906435580296513,1.324694616101116
2.7051929061906566,-0.8917718283544177,0.0,2.705192906190657,0.0,7.19392946909015,1.8513764781435786,-0.46995706345443017,0.0,1.8513764781435784,0.0,4.642667083196018,2.089078515721839,-0.5826175626364227,-0.0019610264457575986,2.087206362312277,-0.005012772859564698,5.382380823722296
0.41014146837798354,-0.15272052166186645,0.0,0.41014146837798354,0.0,1.1257239800796996,0.5197521605815068,-0.20990752132196158,0.0,0.5197521605815066,0.0,1.4593193638069362,0.4846651342590248,-0.19118757314563573,-0.000899038070960503,0.4844901363356745,0.002082930462150308,1.345889959210561
1.1316347792992303,-0.6538158507391937,0.0,1.1316347792992303,0.0,3.570901260076846,0.6274736521690967,-0.5165274840204203,0.0,0.6274736521690967,0.0,2.288002272379036,0.7608539732660281,-0.5518564794804693,-0.004071197456800916,0.7590747956223342,-0.008960452727789713,2.640953406320301
0.31442972965307997,-0.13568139035083412,0.0,0.31442972965307997,0.0,0.9002222400078284,2.119454898573929,-0.4352464001424949,0.0,2.119454898573929,0.0,5.109402597432848,1.4419079910278128,-0.33059950562765145,-0.014611218852812895,1.4060832964843852,0.004709543095910954,3.358640783346471
0.7761185175359552,-0.509839221489838,0.0,0.7761185175359552,0.0,2.5719154780515865,1.5780035841308473,-0.41168983216843535,0.0,1.5780035841308475,0.0,3.9793868325985655,1.2994332916602138,-0.45959784852717606,0.003492600482211083,1.2933621619433162,0.009021923578584749,3.4829566653447355
1.480853501601684,-0.6429313385609355,0.0,1.480853501601684,0.0,4.247569680325238,1.515763296282202,-0.5902411365717565,0.0,1.515763296282202,0.0,4.212008865707918,1.504890766365459,-0.6065204962656434,0.0009244675729271973,1.504900012408801,0.0008199076287491077,4.223413965710759
1.2068370495241025,-0.34774035317374813,0.0,1.2068370495241025,0.0,3.109154805395702,1.4066510980380522,-1.0023232753339755,0.0,1.4066510980380522,0.0,4.817948746744057,1.3231428858843264,-0.7929980069739948,-0.007833322883562482,1.3257094054634238,6.12891387892825e-05,4.21327992717366
1.2256073835188646,-0.5819995029116171,0.0,1.2256073835188643,0.0,3.6152137728609635,0.7530941267105801,-0.30262128978385894,0.0,0.7530941267105801,0.0,2.1114308329888773,0.8798954642257718,-0.3736668242797777,-0.00013145450055148004,0.8788043845587112,-0.006191073729971806,2.528835143814501
0.4151618942921115,-0.04294565219116307,0.0,0.4151618942921115,0.0,0.916215092966549,1.0667590213346945,-0.37482278586173595,0.0,1.0667590213346945,0.0,2.8831636143928607,0.8345708223816053,-0.247396983755206,-0.0072206990028116005,0.8298573783562763,0.00897224975901465,2.1142153387438114
2.01692048943701,-1.044617615638275,0.0,2.01692048943701,0.0,6.12307621015057,1.1621019958553052,-1.023807234319744,0.0,1.162101995855305,0.0,4.3718184603501,1.3895012930171848,-1.0356023104604555,-0.011893256911589463,1.3864758748058834,-0.014751241266247748,4.869855013447915
1.9555481685728793,-0.813878254515952,0.0,1.9555481685728793,0.0,5.5388528461776625,0.775929222918533,-0.5308556110974068,0.0,0.7759292229185328,0.0,2.6135696680318783,1.057632196297082,-0.5969962876885122,-0.011835483473896093,1.0526595518930781,-0.017948864466220297,3.343816236570534
0.7847260805746102,-0.25548576449827637,0.0,0.7847260805746101,0.0,2.080423690145773,0.3902300512091106,-0.027161321143917456,0.0,0.39023005120911064,0.0,0.8347827447060563,0.48950469359391874,-0.08010706383787279,0.0012933515578893425,0.4883280602643013,-0.007053217069063948,1.156569396992823
0.6738448481096984,-0.49450517849773706,0.0,0.6738448481096985,0.0,2.336700053214871,0.4285629126072172,-0.3117408962186621,0.0,0.4285629126072172,0.0,1.4806076176517593,0.49402618849110114,-0.3586517003066395,0.000953654399435509,0.49365234200675023,-0.0033999590705096143,1.7170423093484244
2.012731618441726,-1.39624648051652,0.0,2.0127316184417263,0.0,6.817956197916495,0.8879933878800448,-0.06858932975556617,0.0,0.8879933878800449,0.0,1.9131654352712217,1.1144871720253333,-0.3622576265623281,0.00790436640079219,1.1174027342624133,0.0006351988549175402,3.0241050060189467
0.6069340075636687,-0.5324678739921327,0.0,0.6069340075636688,0.0,2.278803763111606,0.3582847000864783,-0.07985813930530022,0.0,0.3582847000864782,0.0,0.8762856787835571,0.4012263199502373,-0.19755527940771625,0.008419569654155513,0.4041759303771977,0.0025147532376919896,1.2215207244423987
0.7993155758217024,-0.4530951387389991,0.0,0.7993155758217022,0.0,2.504821429121402,0.5837899734471714,-0.4879596179207507,0.0,0.5837899734471713,0.0,2.1434991827358436,0.6444608059585034,-0.47991182278146904,-0.0029136741394353884,0.6439758802724538,-0.004943746541058154,2.252966298606458
0.3237530207113434,-0.04538781800762587,0.0,0.3237530207113434,0.0,0.7382816774379385,1.5559449112379458,-0.49640101616005955,0.0,1.5559449112379458,0.0,4.104691854796011,1.0987182164095648,-0.31257474525606577,-0.01261601651548222,1.080940462621654,0.009331800176450966,2.704185400989377
0.6037901516978593,-0.1373645507447777,0.0,0.6037901516978593,0.0,1.4823094048852743,0.8675466210040738,-0.5069329402040694,0.0,0.8675466210040738,0.0,2.748959122416287,0.7717488648815782,-0.38037773890343773,-0.005918481595299988,0.772590934928085,0.004304094560616877,2.286350623294131
0.958663059131478,-0.29133329324019847,0.0,0.958663059131478,0.0,2.4999927047433532,2.465724715902686,-0.9823038580390224,0.0,2.4657247159026854,0.0,6.896057147883416,1.9316356315454297,-0.7186163981090686,-0.007505819263953056,1.919940400584236,0.008873616555423054,5.19616493426223
0.4223313284168033,-0.22300177912679586,0.0,0.4223313284168033,0.0,1.2906662150871986,1.3005050747808287,-0.22396418093034173,0.0,1.3005050747808284,0.0,3.04893851142234,0.9844160745682986,-0.23806009711395265,-0.0017762613712757765,0.9734485883038936,0.008479276869011619,2.3879461891473284
0.2422269879618405,-0.22749021300774544,0.0,0.2422269879618405,0.0,0.9394344019391714,0.2802970393511163,-0.16244189340851434,0.0,0.2802970393511163,0.0,0.8854778655192612,0.2672324565956421,-0.183788524749854,0.0021428424310927976,0.26733515061455937,0.0013312646633224755,0.9025183793383654
2.8010015992915656,-0.5898968549451961,0.0,2.801001599291566,0.0,6.781796908473525,0.31111974526886765,-0.10770011919988103,0.0,0.3111197452688676,0.0,0.8376397289374974,0.6526746101376523,-0.1743864203009703,-0.01899129239654748,0.6597239434379739,-0.02961342462081735,1.6754755084046271
2.231571246609804,-0.4835070296674471,0.0,2.2315712466098034,0.0,5.430156552554501,0.5681710871363713,-0.4492515797390509,0.0,0.5681710871363713,0.0,2.0348453337508445,0.9011359142894935,-0.47872881873600526,-0.019588476725723877,0.8963448822744163,-0.027467597912652946,2.7941160487781223
0.6933207435153728,-0.12986826963900863,0.0,0.6933207435153728,0.0,1.6463780263087626,0.6085087678428973,-0.07626622218345595,0.0,0.6085087678428973,0.0,1.3695499800527065,0.6335558273924813,-0.0918980567117543,0.0007415654197759574,0.6335001093086812,-0.0015106635659636767,1.455815131387667
1.6780234636981974,-0.7527376651927008,0.0,1.6780234636981974,0.0,4.861522257781796,2.32855925530503,-0.22957556555527206,0.0,2.32855925530503,0.0,5.116269641720604,2.1004560066503033,-0.41885047652290186,0.0055406559926427755,2.0996637925675983,0.006069018780617092,5.0327324125479524
2.324925495773048,-0.9778662601823677,0.0,2.324925495773048,0.0,6.605583511910831,1.346910707163904,-0.9551654767152644,0.0,1.3469107071639035,0.0,4.604152367758334,1.6078825403914851,-0.9682649718865003,-0.011905950439462354,1.6044412931627097,-0.014751012276307958,5.176433434603301
0.47937804186043736,-0.20471184844948132,0.0,0.47937804186043736,0.0,1.3681797806198375,0.49886710757222824,-0.036575482265182535,0.0,0.49886710757222824,0.0,1.0708851796748218,0.48822718782116387,-0.09006653707260714,0.003972699644312145,0.4887726485261584,0.0016310487753898688,1.1626029274178753
0.9820618997385278,-0.8818662446568977,0.0,0.982061899738528,0.0,3.7278562887908526,0.5191130343862458,-0.027748579889077,0.0,0.5191130343862458,0.0,1.0937232285506455,0.5830863479236833,-0.24462561559350998,0.015511370331697619,0.5905772247288263,0.0076717467663747155,1.7006215282648958
1.9520482923824243,-0.6347814926764492,0.0,1.9520482923824243,0.0,5.1736595701177475,1.5390545661975417,-0.4833274631115016,0.0,1.5390545661975417,0.0,4.044764058618087,1.6586382159263757,-0.5262843910360905,-0.0011168383375632209,1.65795590466142,-0.003780343055818969,4.387467225639897
2.4713145187362553,-1.5901987044636505,0.0,2.4713145187362553,0.0,8.123026446399813,0.3148417760973073,-0.17939037459854568,0.0,0.3148417760973073,0.0,0.9884643013917059,0.6118595161000255,-0.32212276224564473,-0.01326319093743322,0.6092931718743748,-0.018316910257439933,1.9002084861430795
0.4094601562726427,-0.26011094639064913,0.0,0.40946015627264276,0.0,1.3391422053265838,0.5903487977210511,-0.133069288562957,0.0,0.5903487977210511,0.0,1.446836172568016,0.5270287231683921,-0.17987314264770263,0.003721960116496345,0.5266770555427023,0.004496072360742548,1.4114826487424146
0.620600146383793,-0.18668934412275273,0.0,0.620600146383793,0.0,1.6145789810130913,0.26931949537779426,-0.24546638515407945,0.0,0.2693194953777942,0.0,1.0295717610637465,0.35315440225873146,-0.23831006649816597,-0.004202463053085267,0.3518440309179361,-0.008411892451797374,1.1890614745169106
2.276992077029296,-1.5402194324727152,0.0,2.276992077029296,0.0,7.63442301900402,0.3580456899279602,-0.13882234653499304,0.0,0.3580456899279602,0.0,0.9937360729259066,0.6444668508200877,-0.3030046340278658,-0.008941149197206946,0.640352313359377,-0.01517985201863083,1.9366077994956277
0.4236733169152188,-0.1894928794467841,0.0,0.42367331691521887,0.0,1.226332392724006,2.022740592716396,-1.7266722547037767,0.0,2.022740592716396,0.0,7.498825694840345,1.326523949287701,-1.0485052604863778,-0.020467415780080517,1.3244955316674376,0.019713080386900256,4.67641520217597
0.3137899486595118,-0.06813195732514074,0.0,0.3137899486595118,0.0,0.7638438119693051,0.5936751545448647,-0.08348445141414672,0.0,0.5936751545448646,0.0,1.354319211918023,0.4987664049448525,-0.08034682451510193,-0.0007334508481202019,0.49691899100039205,0.004960285186252235,1.1427287108646178
1.4256488266142426,-0.8089582306972906,0.0,1.4256488266142426,0.0,4.469214114623067,1.2770663800329203,-0.4437835955752432,0.0,1.27706638003292,0.0,3.4416999512163264,1.3154138866257619,-0.5517518769519328,0.004279414953931609,1.3161534694421133,0.0014749958649113949,3.7517333954576695
1.6221928668033945,-0.30765667904130145,0.0,1.6221928668033943,0.0,3.859699091689392,0.2939283966002926,-0.2078449093669352,0.0,0.2939283966002925,0.0,1.0035466119344552,0.5243636706978136,-0.23838132854764604,-0.012648422489269222,0.5232896669607455,-0.02212942439692793,1.549982001805986
0.3552112680118274,-0.04608431723239982,0.0,0.35521126801182734,0.0,0.8025911704884542,0.5868292275362351,-0.24131334525441317,0.0,0.5868292275362351,0.0,1.6562851455812964,0.506490864066976,-0.1721115038308616,-0.00420370748878207,0.5061636790098802,0.004716902828554646,1.3411282851663948
1.6432727385589536,-0.9795607904443783,0.0,1.6432727385589534,0.0,5.245667058006664,0.5082936313011942,-0.1258548453002476,0.0,0.5082936313011942,0.0,1.2682969532028836,0.7391154936251643,-0.27943192988093046,-0.0013821710373118972,0.7360573748800111,-0.010847968735825555,2.0826294048954983
1.349814186465514,-0.21491261770494471,0.0,1.3498141864655142,0.0,3.129453608340918,1.0815157647557174,-0.5239968489603739,0.0,1.0815157647557174,0.0,3.211025227432182,1.1521848434775608,-0.44073916779498834,-0.006008301521577806,1.1523277012967974,-0.005608109730952352,3.1847963420996916
1.1003052360474141,-0.8278870288089903,0.0,1.1003052360474144,0.0,3.856384529712808,0.7375745602638911,-0.21190269917106244,0.0,0.7375745602638911,0.0,1.8989545188699068,0.81632638385031,-0.3768915782752843,0.008473186138413786,0.8187991485885181,0.0021338141295210787,2.419228318892019
1.1867369945747783,-0.3595510701049859,0.0,1.1867369945747783,0.0,3.092576129359529,0.32273893315942204,-0.31185322776694163,0.0,0.3227389331594221,0.0,1.2691843218527312,0.4980863222020427,-0.33154668305550805,-0.008977850095437443,0.49541451327743213,-0.016428673991859908,1.6761833247225209
0.38022927814253726,-0.10951591667273353,0.0,0.3802292781425373,0.0,0.9794903896305416,0.3441017073949145,-0.09682476183368918,0.0,0.3441017073949145,0.0,0.8818529384572075,0.3548929631113443,-0.10058550312751027,0.0001334145359510558,0.35486665012387847,-0.0007867309126232708,0.9125824721649269
2.420323889359407,-0.2825022847626468,0.0,2.420323889359407,0.0,5.405652348244108,1.4283498433459931,-0.8258640642275955,0.0,1.4283498433459931,0.0,4.508427815147179,1.6777018742341563,-0.7077808003171782,-0.013153215091114055,1.675462986652163,-0.015350832338286022,4.7814211809135045
2.429249392943754,-1.5273339787121698,0.0,2.429249392943754,0.0,7.913166743311846,0.5889769545301623,-0.0597231472472081,0.0,0.5889769545301623,0.0,1.297400203554741,0.9189808632506332,-0.288475003320108,-0.004133528718041741,0.9145006973159159,-0.012063327473077229,2.4770089280824212
0.5360311654684594,-0.4692273412460151,0.0,0.5360311654684593,0.0,2.0105170134289496,1.1058453493915459,-0.14096787235786112,0.0,1.1058453493915459,0.0,2.4936264434988136,0.8892508989853647,-0.2824126987801695,0.00847238191432329,0.8860261290120295,0.010696207197389144,2.329815797157194
0.4876427629680996,-0.12281216380425368,0.0,0.4876427629680996,0.0,1.2209098535447065,2.2673631277321733,-1.5136904570423906,0.0,2.2673631277321733,0.0,7.562107169549127,1.5465041157880965,-0.9126723449474253,-0.019315772200271388,1.535342496197721,0.015755780651817586,4.79224040022531
0.42762259005397474,-0.05441303899917659,0.0,0.4276225900539748,0.0,0.9640712581063028,0.6073100623460049,-0.38309409706946057,0.0,0.6073100623460049,0.0,1.9808083188309311,0.5367873591611357,-0.2707957676875045,-0.006409799395014558,0.5381213815890771,0.004285935607698305,1.6023155292726114
1.8905326090949581,-1.6140083478333263,0.0,1.8905326090949581,0.0,7.009081913856571,0.3260526440719557,-0.04834275746030061,0.0,0.3260526440719557,0.0,0.7487908030645126,0.5291691851168482,-0.2518279631358419,0.0033240033571805537,0.5291837013441286,-0.003244905537966254,1.6108529623013017
0.42449323180755133,-0.09588898706625389,0.0,0.42449323180755133,0.0,1.0407644377476106,0.7375237455701799,-0.18597377971651427,0.0,0.7375237455701799,0.0,1.8469950505733883,0.6328868996095736,-0.1550506183005047,-0.0018416038310502755,0.6312956822283923,0.005277721940545841,1.5574397495537606
2.1175842723305283,-0.23754245079743339,0.0,2.1175842723305283,0.0,4.710253446255924,2.5293272795625206,-0.1654585659416117,0.0,2.5293272795625206,0.0,5.389571691008264,2.3986834949604305,-0.1903731849722453,0.0004624035752341132,2.398010467405182,0.0020424362355098745,5.1634256987290605
0.9474791611450243,-0.6307842054236261,0.0,0.9474791611450243,0.0,3.1565267331373015,0.45873748533128644,-0.20501089301310654,0.0,0.45873748533128644,0.0,1.327496756688786,0.5743444743960376,-0.30176080336031236,0.0022726763994043715,0.5737380071542553,-0.0050065875063221585,1.7779657537258662
0.48622365328156997,-0.21769036453607774,0.0,0.48622365328156997,0.0,1.4078280356352955,1.9896798552306605,-0.9183123968220633,0.0,1.9896798552306605,0.0,5.815984504105449,1.431514507274377,-0.63115358221028,-0.01191732462267273,1.4140332991098934,0.00997040429504073,4.006312905239407
0.5991827075409558,-0.25040910725178717,0.0,0.5991827075409558,0.0,1.6991836295854852,1.5838417344363835,-0.378129163782342,0.0,1.5838417344363838,0.0,3.9239417964374512,1.2378617684396658,-0.338732940338221,-0.00274507692765612,1.227708456022798,0.008530055172219943,3.0898131226477497
0.341160285205779,-0.027256755994177893,0.0,0.34116028520577896,0.0,0.7368340823999138,1.7274835706265625,-0.406660623567396,0.0,1.7274835706265623,0.0,4.268288388387917,1.214743016188785,-0.25778059312964796,-0.012986186655673878,1.192475606961446,0.008252515248719517,2.80537565970587
1.0433334765960987,-0.5821379582510507,0.0,1.0433334765960987,0.0,3.250942869694299,0.8137175473691257,-0.25766192953124983,0.0,0.8137175473691257,0.0,2.1427589538007514,0.874414037720338,-0.3484639485162186,0.00391337715548843,0.8749000160753874,-0.0008449344271643852,2.4639502521860592
0.6328144979782974,-0.14851191293386076,0.0,0.6328144979782974,0.0,1.562652821824316,2.751552572902207,-1.2954078985834017,0.0,2.751552572902207,0.0,8.093920942971218,1.9507275276487486,-0.8160350351131077,-0.017060924411700554,1.9276269486345137,0.010667696452548735,5.353877946495882
0.32756874791525187,-0.10786189905258192,0.0,0.32756874791525187,0.0,0.8708612939356675,0.3137373027805698,-0.18826151161085375,0.0,0.3137373027805698,0.0,1.0039976287828472,0.3164012041811497,-0.16445510721979997,-0.00184702222034311,0.3165587996169543,-0.0005056396426102302,0.9599792469925311
0.48353389811322645,-0.12352292757364786,0.0,0.48353389811322645,0.0,1.2141136513737485,2.088906625857604,-0.43837050475155104,0.0,2.088906625857604,0.0,5.05455426121831,1.5020415273883245,-0.32514226515503036,-0.010775362616392363,1.4775318634989356,0.007233885392190129,3.511615306142397
0.4139485189911934,-0.049057978656378946,0.0,0.4139485189911933,0.0,0.9260129952951447,1.1007333789611908,-0.4238770124513909,0.0,1.1007333789611908,0.0,3.0492207828251634,0.8538132282581538,-0.27851469539947843,-0.007870822656064584,0.8489319844810177,0.009332457685340625,2.2123197853509406
0.44806013068898487,-0.20709904893815306,0.0,0.4480601306889849,0.0,1.310318359254276,1.0067037212715082,-0.26780787939033734,0.0,1.006703721271508,0.0,2.5490232013236906,0.8136626376855313,-0.25019211081730053,-0.0010323987563287404,0.8089146803370234,0.007465012571501183,2.095880966723812
2.5606893741533403,-1.0979908268611618,0.0,2.5606893741533403,0.0,7.317360402029003,0.42645662256040645,-0.04806115211726114,0.0,0.42645662256040656,0.0,0.9490355493553354,0.7772201324741438,-0.18168993715070858,-0.012689910529908302,0.773299701431366,-0.023318561953018214,1.9553889042186368
2.848715003031129,-0.36612940944921063,0.0,2.848715003031129,0.0,6.429688824960678,2.0536432232647996,-0.9408483360463467,0.0,2.0536432232647996,0.0,5.9889831186222935,2.264562512923386,-0.7963944102808721,-0.008100579071538815,2.2636772870905726,-0.008863366494649182,6.127700388640378
2.561245303664278,-1.0720652513984104,0.0,2.561245303664278,0.0,7.266621110125379,1.3987890272418588,-0.5824369652593702,0.0,1.3987890272418588,0.0,3.962451985002458,1.7038576647954853,-0.7029198742371389,-0.006651692173842092,1.699991976513475,-0.010234685679364967,4.858731322245238
1.0463985638019782,-0.8562003286729071,0.0,1.0463985638019782,0.0,3.805197784949768,1.2579735980787048,-0.7163316930566233,0.0,1.2579735980787048,0.0,3.948610582270657,1.1888837867467057,-0.763440131703833,0.004691402502004895,1.1886711645815633,0.005132061348597711,3.9022895356467435
0.5505354865415295,-0.32620337876276007,0.0,0.5505354865415294,0.0,1.7534777306085785,2.8651321948187496,-0.3290216016697384,0.0,2.86513219481875,0.0,6.388307592976978,1.9962696831383444,-0.37834990666345353,-0.01176604637644406,1.953598261089336,0.002339555428886666,4.550545602119067
0.8454368212134562,-0.6359679346079058,0.0,0.8454368212134562,0.0,2.9628095116427224,1.7562355443532296,-0.4102162056915565,0.0,1.7562355443532298,0.0,4.3329035000895715,1.4332609244189647,-0.5116097601141766,0.005689367630979613,1.4263333765734056,0.010181127697284619,3.854181062013047
1.7411857504105168,-0.16589103482028844,0.0,1.7411857504105164,0.0,3.81415357046161,0.6946795781308311,-0.1419255742456764,0.0,0.6946795781308311,0.0,1.6732103047530158,0.943444770345744,-0.1589786218879478,-0.007148489459729093,0.9391363777387921,-0.01723055643582928,2.2311335579055704
1.7071723679401631,-1.08210173143978,0.0,1.7071723679401631,0.0,5.578548198759885,0.3532247820489567,-0.056360294925281454,0.0,0.3532247820489567,0.0,0.8191701539484763,0.582161138461146,-0.2009319806140419,-0.002866468191151158,0.5787236534898588,-0.012508272920773536,1.6050533366314428
0.6000188429406401,-0.30923700032267915,0.0,0.6000188429406401,0.0,1.8185116865266389,0.7672419755238286,-0.6808898778590463,0.0,0.7672419755238286,0.0,2.8962637067657466,0.7015354692674145,-0.5579977159382905,-0.006025830392845452,0.7029749044490965,0.002059488169264004,2.5094766742515024
0.32185090688220175,-0.08526643246767618,0.0,0.32185090688220175,0.0,0.8142346786997556,2.750766325724065,-1.018457568249367,0.0,2.750766325724065,0.0,7.538447787946865,1.8183731938804195,-0.6154967282322109,-0.023522507271531247,1.7729517252111553,0.004598499584757807,4.5924522637104035
0.3223648124265523,-0.3060658311964447,0.0,0.3223648124265523,0.0,1.2568612872459988,0.734061106902113,-0.052464489062053386,0.0,0.734061106902113,0.0,1.5730511919283328,0.5715563134526828,-0.16600311421616562,0.006966984271914471,0.5690131893684964,0.008791535270658162,1.4655167652403598
1.0741113366630561,-0.6729683030435484,0.0,1.0741113366630561,0.0,3.4941592794132106,1.2478060410371872,-0.29585064265062105,0.0,1.2478060410371872,0.0,3.087313367375616,1.181660979659277,-0.4218359455173059,0.007534511947436172,1.1826321815475824,0.006112709680697972,3.215195769508156
0.32775572368509576,-0.19775619923521598,0.0,0.32775572368509576,0.0,1.0510238458406231,1.0243898898611892,-0.8550142636928599,0.0,1.0243898898611894,0.0,3.7588083071080947,0.7427790825277305,-0.5850984782188561,-0.011314841163660189,0.7418713414521525,0.011320040983122785,2.625453147496366
1.496173244877039,-0.8107078878408965,0.0,1.4961732448770395,0.0,4.613762265435873,0.8362102321918966,-0.1213102374939761,0.0,0.8362102321918966,0.0,1.915040939371745,0.9949037689900991,-0.2891946363823832,0.004646123161158786,0.9951678870986799,-0.0036240344712165015,2.6093022922189557
2.749643290020125,-0.8606781704923887,0.0,2.749643290020125,0.0,7.2206429210250285,0.6447333591024016,-0.3505423092483148,0.0,0.6447333591024015,0.0,1.990551336701433,1.0567345539140074,-0.44593621765488717,-0.02053861599164946,1.050453924763871,-0.027185524234943474,3.055734960936425
0.3261774805905478,-0.05423111227802934,0.0,0.3261774805905478,0.0,0.7608171857371542,1.0606345062128695,-0.510537064852453,0.0,1.0606345062128693,0.0,3.142343142130644,0.7867404167150849,-0.3261026728569071,-0.010013827869104104,0.7811997655308,0.01027514771707595,2.169124205769457
1.0287975009156134,-0.08072220367446273,0.0,1.0287975009156134,0.0,2.2190394091801524,0.7292426349806204,-0.33776312171450484,0.0,0.7292426349806203,0.0,2.1340115133902504,0.806369890882628,-0.2735710245559924,-0.005873600594464382,0.8061809141193826,-0.006479478929356545,2.161049786623284
0.7522024175146891,-0.20526787661319343,0.0,0.7522024175146892,0.0,1.9149405882557655,0.5337110142380048,-0.24244565777507293,0.0,0.5337110142380048,0.0,1.5523133440261554,0.5947515484994209,-0.23401884627553862,-0.0022193523677711035,0.594230714593912,-0.004899247253113879,1.6625658249344628
0.4794289898866288,-0.028767888843175143,0.0,0.4794289898866288,0.0,1.0163937574596078,0.49045183917383073,-0.09971169817694421,0.0,0.49045183917383073,0.0,1.1803270747015502,0.4863822453765987,-0.07800525943921036,-0.0014818654941303995,0.4864671627698981,0.00019449242163310264,1.1257930656732387
0.7271103698221956,-0.17972245256002406,0.0,0.7271103698221956,0.0,1.813665644764439,0.29086756414894516,-0.205668494969573,0.0,0.29086756414894516,0.0,0.9930721182370367,0.393785840383117,-0.2062361011070325,-0.004370031369833832,0.3920784357574826,-0.009996678521833507,1.2094729665753896
1.744238201191133,-0.12826537357535708,0.0,1.7442382011911333,0.0,3.745007149532981,1.2884330649668854,-0.1866895982634699,0.0,1.2884330649668856,0.0,2.9502453264607116,1.4174794986639518,-0.17343496977262435,-0.002181866202149991,1.4164631963613326,-0.005470869052218988,3.1945814840538915
0.4866506843639638,-0.3131366084006993,0.0,0.4866506843639638,0.0,1.5995745855293266,0.807204017892887,-0.23408618576490578,0.0,0.807204017892887,0.0,2.0825804073155854,0.6980125161023439,-0.2662399122007672,0.0028642900782879115,0.696415883417056,0.005978797705376446,1.9177724898167292
0.8155674589394813,-0.11587635772769632,0.0,0.8155674589394812,0.0,1.8628876333343551,0.6615190771426797,-0.387250965002761,0.0,0.6615190771426798,0.0,2.0975400842908813,0.6981176684031206,-0.3135246801945028,-0.0057068783569151045,0.6986122675382159,-0.003852418169391849,2.0205068508608854
0.43760467525539226,-0.2596521204708497,0.0,0.4376046752553922,0.0,1.3945135914524835,1.7780764577622161,-0.48886984449505133,0.0,1.7780764577622163,0.0,4.533892604514535,1.2899648953096887,-0.4100149485829564,-0.0069094666038918865,1.2700995414423208,0.008090979763085307,3.294892509118796
1.551804721112598,-0.46855970163169575,0.0,1.551804721112598,0.0,4.040728845488587,1.4797654876759363,-0.5368166879753916,0.0,1.4797654876759365,0.0,4.0331643513026565,1.5011951632179297,-0.5165415243280396,-0.001237159195782315,1.5011920855142682,-0.001261970071239838,4.03559590866163
0.3455332077885738,-0.16981084201644578,0.0,0.34553320778857377,0.0,1.0306880996100392,2.438588500713431,-0.7432329624988089,0.0,2.438588500713431,0.0,6.363642926424479,1.650283276538891,-0.5119673187755961,-0.01767176085878232,1.61057107166452,0.0046114657049171415,4.1076395626112525
0.5637190732972391,-0.20564698905632392,0.0,0.5637190732972391,0.0,1.5387321247071262,2.047591740914786,-0.40920178153008824,0.0,2.0475917409147857,0.0,4.913587044889748,1.511265654615426,-0.3448189513165422,-0.007306964439666841,1.4907164138668996,0.007573495506264359,3.596062861805979
0.29269897050008586,-0.1229339433330502,0.0,0.29269897050008586,0.0,0.8312658276662723,1.1530118293918454,-0.7328503591373243,0.0,1.1530118293918454,0.0,3.7717243770583395,0.8182564356889854,-0.47694854821671673,-0.012064043089721354,0.8121244599403181,0.01131562316460589,2.5320073063801534
0.8094651057233775,-0.3588270480023032,0.0,0.8094651057233774,0.0,2.336584307451361,1.1253589558351222,-0.3424546750777549,0.0,1.1253589558351225,0.0,2.9356272618257555,1.022645400299228,-0.3498282277066464,0.0016182693022086547,1.0216242257276509,0.004773569732794556,2.732997922024864
0.9303180121338369,-0.36102244362189206,0.0,0.9303180121338368,0.0,2.5826809115114577,1.8339860172984381,-0.2795348440470132,0.0,1.8339860172984381,0.0,4.2270417226909025,1.5225370357203147,-0.32116417309046563,0.0010804191906311129,1.5160072897459043,0.00749664426931209,3.6438268152486506
2.0230652632343897,-0.8382636411309524,0.0,2.0230652632343897,0.0,5.722657808730684,1.4805233562920928,-0.7171993692922854,0.0,1.4805233562920925,0.0,4.395445451168756,1.6350725017856818,-0.7516395584732846,-0.003636595272620874,1.6338393211583966,-0.006214931365288605,4.792221965486477
0.48358849231649187,-0.0825297741759673,0.0,0.483588492316492,0.0,1.1322365329849184,1.180175133253169,-0.3273191561121599,0.0,1.180175133253169,0.0,3.0149885787306574,0.9368414509266612,-0.23663177546919617,-0.0052721682465496,0.931152298937904,0.008431893698905854,2.296853911191948
0.34964876241969206,-0.19996139972757704,0.0,0.34964876241969195,0.0,1.0992203242945386,0.8445418629507215,-0.7355860584818605,0.0,0.8445418629507214,0.0,3.160255842865163,0.6465133904280624,-0.5255521776377746,-0.009521661892715288,0.6472702961305498,0.009300322982720932,2.3251620597200566
0.7274538511840654,-0.3149799900740464,0.0,0.7274538511840652,0.0,2.084867682516224,2.412145666989648,-0.7554392781306744,0.0,2.4121456669896486,0.0,6.335169890240646,1.8082037873177939,-0.5912485656903484,-0.007872762050502856,1.788002404879831,0.00798055258179138,4.6738019326678115
1.933377190673042,-0.5939004602449814,0.0,1.9333771906730417,0.0,5.054555301836047,1.2599737909077187,-0.6076333531657822,0.0,1.2599737909077187,0.0,3.735214288147002,1.4453019874235886,-0.6085881311654936,-0.006297297567331529,1.4432946906772626,-0.009686361498750413,4.1254706253970035
0.2871957256411513,-0.12940075248585134,0.0,0.2871957256411513,0.0,0.8331929562540052,0.5489494298539143,-0.2993221594024533,0.0,0.5489494298539143,0.0,1.6965431785127354,0.45791358670809146,-0.23724972511583153,-0.00351416614573622,0.456940282996901,0.004839303314763462,1.3753120706945834
0.29632968217631106,-0.24615546885839346,0.0,0.29632968217631106,0.0,1.0849703020694093,1.7383129896074005,-0.21906791198569095,0.0,1.7383129896074003,0.0,3.9147618031861824,1.1912289989175713,-0.26547794235192423,-0.007301874513994409,1.1627297792081326,0.005755449259202628,2.787518529188599
1.1672452030345997,-0.4035615478997015,0.0,1.1672452030345997,0.0,3.141613501868602,0.5108526016049832,-0.040824555011265536,0.0,0.5108526016049831,0.0,1.1033543132324974,0.6696720307568774,-0.12019611272132126,0.00033097483647635486,0.6674486676285868,-0.010227696585227448,1.6064330671469955
0.3103580473350724,-0.10199344662663888,0.0,0.3103580473350724,0.0,0.8247029879234223,0.8933745510697731,-0.48240511459861385,0.0,0.893374551069773,0.0,2.7515593313367726,0.6778450833918916,-0.33140404011190167,-0.008091902201092339,0.6741874887118311,0.008956895907848237,1.979058105645634
0.4930262724152547,-0.2044862522624479,0.0,0.4930262724152547,0.0,1.3950250493554055,1.3863110821995401,-1.188314004216362,0.0,1.3863110821995401,0.0,5.1492501728318,1.0135068133461604,-0.7894653730398778,-0.013775860297995176,1.0155379850215305,0.013761984288859521,3.5714867459336945
2.099198803444959,-2.047070655817426,0.0,2.099198803444959,0.0,8.29253891852478,2.0677348629572685,-0.6339551612273209,0.0,2.0677348629572685,0.0,5.403380048369178,2.000163024984582,-1.0894044605190714,0.022730173864654285,2.0106459719983363,0.02135462107088538,6.236635438006561
2.0515764094012012,-0.5752271690158526,0.0,2.0515764094012012,0.0,5.253607156834107,0.6393152148730725,-0.5777001059811098,0.0,0.6393152148730725,0.0,2.4340306417083672,0.9438647981694948,-0.5973854749350407,-0.018184913223651303,0.9387299660414626,-0.024831723254658086,3.1114699149684313
0.6329573442133434,-0.09203523377448694,0.0,0.6329573442133434,0.0,1.449985155975661,0.3195746524040639,-0.05014560875008009,0.0,0.3195746524040639,0.0,0.7394405223082879,0.40031286031936886,-0.06210290631530792,-0.0011011093603544428,0.3991118745407853,-0.0070731836762428415,0.9345620315533113
2.283331450691543,-0.7015761954658197,0.0,2.2833314506915428,0.0,5.969815292314725,2.0549860655944303,-0.37988215261735053,0.0,2.0549860655944303,0.0,4.869736436423561,2.120704800536961,-0.47452786472826486,0.0015456998653408864,2.120910969879681,-0.0003821901002878871,5.209838394142534
2.6994131449016887,-1.647139471762515,0.0,2.6994131449016887,0.0,8.693105233328406,0.6080053262983269,-0.09439257379707121,0.0,0.6080053262983269,0.0,1.4047958001907963,0.9783543246498992,-0.3253903080381555,-0.008023739034506058,0.9726356669455117,-0.014358688479600945,2.6718249750769565
1.899470779379215,-1.5761278982154987,0.0,1.899470779379215,0.0,6.951197355189426,2.6133498243956357,-1.3499496406763922,0.0,2.6133498243956352,0.0,7.926598930144051,2.3778028332679217,-1.4327207150258114,0.008355818320785937,2.3757402339393985,0.009634053130836309,7.603496238156579
1.638970798881555,-1.121296359297717,0.0,1.638970798881555,0.0,5.5205343163585425,2.261508442231131,-1.2749340027603862,0.0,2.261508442231131,0.0,7.072884889983031,2.060442229105088,-1.2249151365190551,0.0026534703528019268,2.0586183785998005,0.005750721753423986,6.545173537280265
1.5258894609342675,-0.6286669619063115,0.0,1.5258894609342672,0.0,4.309112845681157,1.0188662011874257,-0.0651602989912686,0.0,1.0188662011874257,0.0,2.1680530003573883,1.149166366727468,-0.21313405268516164,0.00448662551853148,1.1495526925675656,-0.002995106685155417,2.75953021366391
2.064532002058809,-1.6939577507808388,0.0,2.064532002058809,0.0,7.516979505679302,1.3034412519941314,-0.40828250436109537,0.0,1.3034412519941314,0.0,3.423447512710453,1.4591150276891927,-0.746096551237366,0.011962169285140392,1.4651421528833046,0.009029093921328024,4.478827589843922
1.5651893234019711,-1.0493247636141052,0.0,1.5651893234019714,0.0,5.229028174032151,1.1749952895646998,-0.9407074617490949,0.0,1.1749952895646996,0.0,4.231405502627588,1.2867464824574768,-0.9713831293564521,-0.00352121170246606,1.2859416849716603,-0.005656900934983463,4.528818978456769
1.5015179703343817,-0.5118263021367753,0.0,1.5015179703343817,0.0,4.0266885449423135,0.2852362536890429,-0.2633845837239113,0.0,0.2852362536890429,0.0,1.0972416748259084,0.5000424843035973,-0.3078274319970975,-0.01146666464741471,0.4982433423758932,-0.01943191856081094,1.6391988244065072
1.5894647846115162,-0.2902029184281383,0.0,1.5894647846115164,0.0,3.7593354060793085,2.072934752898016,-1.110324933297994,0.0,2.0729347528980164,0.0,6.36651937239202,1.8973825378952593,-0.8377161672899855,-0.00618420210507782,1.8995540703149312,0.0028113060462194124,5.432310199776679
1.8784456265953078,-0.28146073704948177,0.0,1.8784456265953078,0.0,4.3198127272895785,0.29518325756893465,-0.16008222446285233,0.0,0.29518325756893465,0.0,0.9105309640635741,0.5523983394018896,-0.1950873209969493,-0.014021251041147216,0.5528545910255851,-0.024490908020506158,1.5205284906575958
0.7734391551898399,-0.04179251105453973,0.0,0.77343915518984,0.0,1.6304633324887594,2.395036389952484,-1.9983344015390958,0.0,2.3950363899524842,0.0,8.78674158298316,1.675486099335873,-1.1853783504076272,-0.020658319756920687,1.684280771952334,0.022783541284280753,5.654219290064788
0.4830494532486997,-0.20182655656603057,0.0,0.4830494532486997,0.0,1.3697520196294604,0.6328081152909193,-0.20916576442041115,0.0,0.6328081152909192,0.0,1.6839477594226606,0.5847650326214123,-0.20730875804852042,0.0003864357222452387,0.5843795758076458,0.0028837807171733327,1.578188352895386
0.49662037557329264,-0.13944261038593483,0.0,0.49662037557329275,0.0,1.2721259719184546,0.6594768811686413,-0.33432325741690727,0.0,0.6594768811686413,0.0,1.9876002771710979,0.6038956661906737,-0.26919809099806874,-0.003451420647980336,0.6040752285955385,0.002850590852824557,1.7350539719078566
1.1769809387696821,-0.10069225719946473,0.0,1.1769809387696821,0.0,2.5553463919382935,1.0978846834102773,-0.6710274516692136,0.0,1.0978846834102773,0.0,3.5378242701589815,1.100857601854311,-0.5047269444425934,-0.008591632077573828,1.1030472671164862,-0.0027602408449362253,3.1998154203603866
0.8158490807152416,-0.6691776889986812,0.0,0.8158490807152416,0.0,2.970053539427847,0.6760287346252426,-0.1931764328218762,0.0,0.6760287346252426,0.0,1.7384103348942368,0.6967658310531581,-0.33387063330732186,0.009406692850026864,0.6995132381137869,0.004436135497244228,2.0838319580463995
1.4370803861557067,-0.32636458080345493,0.0,1.4370803861557067,0.0,3.526889933918323,0.5762763741720666,-0.5263993102866167,0.0,0.5762763741720667,0.0,2.2053513689173654,0.7738806302542884,-0.5008427564590393,-0.012361403623647224,0.7707812593889507,-0.018216475689331102,2.56298075577247
0.5637680949963645,-0.2933092282423318,0.0,0.5637680949963645,0.0,1.714154646477392,2.1198392225673333,-1.343914051116158,0.0,2.1198392225673333,0.0,6.927506547366982,1.522591579549076,-0.9073017991159839,-0.013555939932032704,1.5108862726813144,0.012329337267311804,4.757101820063679
0.9922675125706383,-0.23514367996022129,0.0,0.9922675125706383,0.0,2.454822385061719,1.586174441642884,-0.8593177461518261,0.0,1.586174441642884,0.0,4.8909843755894205,1.375238793735663,-0.6393384734658902,-0.006235402797535247,1.3755114203924443,0.005905655448047811,3.990896409806337
0.4180958252008327,-0.23491531944104835,0.0,0.4180958252008327,0.0,1.3060222892837623,1.0723469221979696,-0.5700118361642157,0.0,1.0723469221979698,0.0,3.284717516724371,0.8391360659937498,-0.44132179782370573,-0.005468398678205704,0.834438114698809,0.008274414397628157,2.5209640933265387
2.218940540292728,-1.5158356791652112,0.0,2.218940540292728,0.0,7.469552438915878,1.2566046234557782,-0.4408794544025121,0.0,1.2566046234557782,0.0,3.394968155716579,1.4847539066934723,-0.704738798740763,0.0036858954807589403,1.4858445339465371,0.00030874105694301933,4.4411435799621035
1.6450511814345363,-0.4142947726624204,0.0,1.6450511814345363,0.0,4.118691908193914,0.5240699442983098,-0.04485486046531477,0.0,0.5240699442983099,0.0,1.1378496095272495,0.771373316999906,-0.11866868811252888,-0.004978173225211835,0.7669131407037172,-0.01749845126959386,1.8126933317502383
0.41918762258068276,-0.10358850223190691,0.0,0.4191876225806827,0.0,1.0455522496251792,0.375186226119648,-0.2059551341209817,0.0,0.3751862261196481,0.0,1.1622827204812594,0.38613859506555004,-0.1766380736143234,-0.0023838926890536027,0.38630591327922553,-0.001234410040008905,1.1240205785753739
0.8857337085993464,-0.4720676119148002,0.0,0.8857337085993463,0.0,2.715602641028294,1.5408175755842006,-0.12846129481424068,0.0,1.5408175755842006,0.0,3.338557740796883,1.305514190002943,-0.26661831937110636,0.0060427361781989234,1.302608592175748,0.008511942618626419,3.12799372039693
1.1209245718797323,-0.8874887738262819,0.0,1.120924571879732,0.0,4.016826691412029,2.840845932888342,-0.9228972526862159,0.0,2.8408459328883424,0.0,7.527486371149115,2.235175203331629,-0.9323026300112189,0.0009693765989315952,2.2176735820421856,0.008983186739233501,6.242879592694649
1.529051453375323,-0.2567639837289144,0.0,1.5290514533753234,0.0,3.5716308742084752,1.54527704716854,-0.7385232950363498,0.0,1.54527704716854,0.0,4.56760068440978,1.5298047969365856,-0.5926020204047496,-0.005394313724134198,1.531057751866933,-0.0015350791032550865,4.230557278302533
2.0270948254261745,-1.4582110198316574,0.0,2.0270948254261745,0.0,6.970611690515663,0.29417679186804496,-0.12881097567792757,0.0,0.29417679186804496,0.0,0.8459755350919452,0.5380595260572437,-0.27603535457552353,-0.006969048332395955,0.5346877491235847,-0.012979429721470969,1.663362154868911
0.6736551172404731,-0.5519168042971064,0.0,0.673655117240473,0.0,2.451143843075158,1.29771656748229,-0.6665293546927493,0.0,1.2977165674822901,0.0,3.9284918443500785,1.0863510384714574,-0.6286258183343532,0.001234912065381344,1.0822551662809505,0.007809578997300025,3.4009424740267398
0.9715929608785306,-0.579485556588521,0.0,0.9715929608785304,0.0,3.102157034934103,0.3699729984636261,-0.05684088353204208,0.0,0.3699729984636261,0.0,0.8536277639913363,0.4987725619915197,-0.16230678041625057,0.0028874666632136784,0.49785247317508957,-0.006475096032938314,1.3510272921272026
1.9028419844885982,-1.2827419671335107,0.0,1.9028419844885982,0.0,6.371167903244214,0.9751283449332963,-0.9236986068899843,0.0,0.9751283449332963,0.0,3.797653903646552,1.2131200044379018,-1.0097778048841006,-0.009123130111384077,1.2097619913048303,-0.012312316889447244,4.475121998846079
0.5426811753855348,-0.43652966039239893,0.0,0.5426811753855348,0.0,1.958421671555866,0.8939054656220249,-0.17710482068237224,0.0,0.8939054656220248,0.0,2.1420205726087946,0.7641162782038711,-0.27881451768693966,0.007351323293618832,0.7632265265388553,0.00831040344542408,2.081525500064727
0.827216111346176,-0.33288950198301404,0.0,0.827216111346176,0.0,2.32021122665838,2.1230422860048273,-0.9638099773889454,0.0,2.1230422860048273,0.0,6.173704526787545,1.6625062044246497,-0.7222087937871516,-0.006655427158210584,1.6528422517121388,0.00930768299392702,4.684049851538385
0.5994957752201291,-0.34296185077617913,0.0,0.5994957752201291,0.0,1.8849152519926164,0.5991166007397505,-0.08544543582082087,0.0,0.5991166007397505,0.0,1.3691240731211427,0.5907259754920341,-0.16654298283706617,0.005819120862785441,0.5918043556868924,0.0025268262127191446,1.5246763067652955
0.28308785031012584,-0.136350113292052,0.0,0.28308785031012584,0.0,0.8388759272043554,1.4213124676867006,-0.08575273640685656,0.0,1.4213124676867008,0.0,3.014130408187115,0.9920037456688753,-0.1348284758099949,-0.005955425869016848,0.9713178859329447,0.006878909849397971,2.1572621443298763
0.45826465762073365,-0.08526573574184752,0.0,0.4582646576207337,0.0,1.0870607867251625,0.38788887032868746,-0.1335780438100843,0.0,0.38788887032868746,0.0,1.0429338282775433,0.4079635984539351,-0.12019223887552391,-0.0013156038293114882,0.4079150887092582,-0.0017427641439282011,1.056996355098625
1.9254322873606347,-0.363112607499239,0.0,1.9254322873606347,0.0,4.577089789719748,0.3503276027206867,-0.026060024752640965,0.0,0.35032760272068664,0.0,0.7527752549466553,0.626165432899145,-0.08434232120835057,-0.010253460452016723,0.6240675236041994,-0.023659592210185567,1.44794303599843
0.3071710789205127,-0.09106584419899671,0.0,0.30717107892051265,0.0,0.7964738462390188,0.7975490575312234,-0.2586539949256094,0.0,0.7975490575312235,0.0,2.1124061049136658,0.6251984013415697,-0.19612030500140867,-0.004397337190088675,0.6208655191311602,0.0072600034547213735,1.6084607875604964
0.8908073728290448,-0.40539837078940544,0.0,0.8908073728290448,0.0,2.5924114872369,0.7479406188430149,-0.21614384410338705,0.0,0.7479406188430149,0.0,1.9281689258928039,0.7877932397099786,-0.2704636262961716,0.002505281831199998,0.7879529378785931,-0.0011416168696694324,2.127563383960732
1.0433497273691812,-0.9954298293277609,0.0,1.0433497273691812,0.0,4.077559113393874,2.632512962037322,-0.9933376132751903,0.0,2.632512962037322,0.0,7.251701150625022,2.0719567257909453,-1.0165996406231212,0.003567506455074197,2.055734433045843,0.01075771262149604,6.095890310145847
0.5806612789132151,-0.20074974188489172,0.0,0.5806612789132152,0.0,1.5628220415962142,0.6413278544482333,-0.18326000884814062,0.0,0.6413278544482333,0.0,1.649175726592748,0.6223572701832092,-0.1889334592591636,0.0006197058107947663,0.6223069910132191,0.0012881827531782985,1.621016878043963
2.3501334374656304,-0.4693234808670982,0.0,2.3501334374656304,0.0,5.6389138366654565,0.7021583792361272,-0.30153603589042177,0.0,0.7021583792361272,0.0,2.0073888302530984,1.056725971588175,-0.349996501736086,-0.015235200650059073,1.0505859021467276,-0.024226619400838513,2.8530930368681524
0.36306527569519326,-0.14157694268023532,0.0,0.3630652756951932,0.0,1.0092844367508569,2.3713314124048748,-2.192280242063898,0.0,2.3713314124048748,0.0,9.127223308937547,1.4297585818659326,-1.2379000124716788,-0.026401622957222606,1.431526074942244,0.027407268137752495,5.256294895332815
1.9597204562433554,-1.5673396540224975,0.0,1.9597204562433554,0.0,7.054120220531709,0.46197199815837475,-0.3130463331677977,0.0,0.46197199815837475,0.0,1.5500366626523439,0.7218088815959182,-0.5052447814042136,-0.004586538369883405,0.7186489742404553,-0.008487739761242886,2.50995143144902
1.8224300547394319,-0.4763033713400994,0.0,1.8224300547394316,0.0,4.597466852159063,0.28478076861480545,-0.13532510431435207,0.0,0.28478076861480545,0.0,0.840211745858315,0.5352818280605741,-0.18899349992088743,-0.01246195470518871,0.5349630351376035,-0.022561922287393742,1.474242496505373
1.7169934115916647,-0.21053125545665186,0.0,1.7169934115916647,0.0,3.8550493340966336,1.4301119775064697,-0.2997054206066728,0.0,1.4301119775064695,0.0,3.459634796226285,1.5133110709278903,-0.2756189003256361,-0.001973957199547965,1.5129333331308605,-0.0034505086062250395,3.5843621069460245
1.838021889982251,-1.6873529169234693,0.0,1.8380218899822507,0.0,7.0507496138114485,0.9876009042751631,-0.07139749103814037,0.0,0.9876009042751631,0.0,2.117996790626607,1.1004515215120745,-0.48600341900268645,0.02317965249484102,1.1153819673383802,0.018056789248587706,3.258667203916853
1.7580674640368055,-0.5181778742813621,0.0,1.7580674640368055,0.0,4.552490676636336,0.9845662895608941,-0.14806239065901677,0.0,0.9845662895608941,0.0,2.2652573604398216,1.1883470666547165,-0.23936959011066122,-0.0010540549675876313,1.1859838984606945,-0.008825243027927622,2.8885379656097
0.41486246812115607,-0.24321332608632595,0.0,0.4148624681211561,0.0,1.3161515884149642,2.1266765732213178,-1.298093977245512,0.0,2.1266765732213178,0.0,6.849541100933657,1.459406836279793,-0.8438093108987914,-0.01657691363832919,1.4412835909108603,0.011737307899665568,4.476558030292066
0.6051997819391588,-0.19609086259811817,0.0,0.6051997819391588,0.0,1.6025812890745534,0.2811019550516597,-0.26194439744090897,0.0,0.2811019550516597,0.0,1.0860927049851379,0.3598445667986086,-0.2523710422141354,-0.0040451671306748985,0.358669894041463,-0.007897497308333348,1.2296806151201574
1.0893923154123293,-0.16239978450566428,0.0,1.0893923154123293,0.0,2.503584199835987,0.6785703480581515,-0.25100564801832914,0.0,0.6785703480581515,0.0,1.8591519921529611,0.7887039653603547,-0.23267703570158335,-0.004161087924196593,0.787496816961645,-0.008325140737477883,2.0515709771276387
0.35880557787588724,-0.21797601541187359,0.0,0.3588055778758873,0.0,1.1535631865755214,1.7100963331980175,-0.8471827083426972,0.0,1.7100963331980177,0.0,5.114558083081429,1.2023865816047636,-0.5844350679812673,-0.012278336433457078,1.185000412814209,0.009679404628819391,3.4646970511403534
0.4741823907074301,-0.13352672474454527,0.0,0.4741823907074301,0.0,1.2154182309039507,1.2819847962221358,-0.857596457905586,0.0,1.2819847962221358,0.0,4.279162508255445,0.9687850038312549,-0.5696414783650287,-0.011247016990583149,0.9671654769577375,0.011459892490946618,3.0294319813921464
0.3511715477784199,-0.2982377352816374,0.0,0.35117154777841997,0.0,1.2988185661201135,0.3395333626309381,-0.31095775855208035,0.0,0.33953336263093803,0.0,1.3009822423660353,0.362130595849257,-0.29383307358957483,-0.006354358247702815,0.3621232668599597,0.005496355026311135,1.3004358086556373
0.5708018915368999,-0.5308719176138089,0.0,0.5708018915368998,0.0,2.2033476183014162,0.7491879870967919,-0.2933310001215406,0.0,0.749187987096792,0.0,2.085037974436665,0.6826155231668506,-0.3774989851536604,0.006961043151945031,0.6830097194612166,0.0063871259257452725,2.1227399702955405
1.0085550679230781,-0.19053344123219876,0.0,1.0085550679230781,0.0,2.398177018310554,0.34129420459394316,-0.020085369555572316,0.0,0.34129420459394316,0.0,0.722759148299031,0.492144567439161,-0.05702618618244079,-0.0025336574608600423,0.4894721511930759,-0.013033442844334317,1.1173357165504416
0.9035822363638174,-0.7793550403529673,0.0,0.9035822363638175,0.0,3.365874553433569,0.9946971943217099,-0.1972289942965916,0.0,0.9946971943217101,0.0,2.383852377236603,0.9350798976096509,-0.39285005792592603,0.013422427590588287,0.9388762626142353,0.010116929081284066,2.6767541317545542
0.9726349698645326,-0.7236477104291632,0.0,0.9726349698645326,0.0,3.392565360587394,2.7223658942300597,-0.9990356367265093,0.0,2.7223658942300597,0.0,7.442803061913137,2.1045579227849798,-0.9085497119692492,-0.0022841980088790883,2.0855689914658386,0.00866034544941368,5.920526397869377
2.9952677714235305,-0.2306606997171063,0.0,2.9952677714235305,0.0,6.451856942281274,2.399996806352205,-0.15772821499004855,0.0,2.399996806352205,0.0,5.115450042684507,2.573119985664403,-0.17982589224774953,-0.0007414772832122597,2.572079176965905,-0.0028912901687186184,5.5290458866387855
2.8278817872723407,-0.841290055516184,0.0,2.827881787272341,0.0,7.338343685577051,0.4506873283603412,-0.17013550119476903,0.0,0.4506873283603412,0.0,1.2416456591102207,0.8413351190561462,-0.2671941544296143,-0.01969932846757182,0.8396672851133535,-0.028739787405226893,2.2571221287002996
0.6554630146621653,-0.16206758888198744,0.0,0.6554630146621653,0.0,1.6350612070883057,1.4095319868249203,-0.2911527620170981,0.0,1.40953198682492,0.0,3.401369497684036,1.1507175632542628,-0.24858143217644552,-0.0024664980389423547,1.144824611821519,0.007787916217170166,2.751660557270089
1.9943529847243129,-0.17567425467503184,0.0,1.9943529847243124,0.0,4.340054478798688,2.0550756939352492,-1.3123863345788913,0.0,2.0550756939352492,0.0,6.734924057028279,1.9926120008102346,-0.9661266125828788,-0.010072097333422826,1.9978185199266456,-0.0022391078966893475,5.8905291163708835
1.374553860208697,-0.3538889137911669,0.0,1.374553860208697,0.0,3.4568855479997285,0.42432383073320923,-0.035592734338872986,0.0,0.42432383073320923,0.0,0.9198331301441643,0.6314340429008233,-0.09803712868359597,-0.003941064436772787,0.6277370038167586,-0.016096330111411643,1.4862191216233394
1.299772644832211,-0.7684581730942497,0.0,1.299772644832211,0.0,4.136461635852921,1.5995547257697182,-0.09765825863444134,0.0,1.599554725769718,0.0,3.39442596880832,1.474047589353143,-0.33055563610180594,0.01040997843659289,1.4767130398451658,0.008356716925691477,3.625944931894218
2.028998119819232,-0.24309517443181364,0.0,2.028998119819232,0.0,4.544186588502092,0.8890920775121325,-0.05025091993938229,0.0,0.8890920775121326,0.0,1.87868599490303,1.1704241307825975,-0.10063942607833556,-0.004628012595803803,1.165644257030951,-0.015034103537777916,2.57634529264574
2.4890044344326845,-0.9885322854705599,0.0,2.489004434432685,0.0,6.955073439806489,0.5330177442146198,-0.14359650855495365,0.0,0.5330177442146198,0.0,1.3532285055391469,0.8970866410325178,-0.2728485840482992,-0.013572430595721574,0.891424879033411,-0.022844089459808137,2.3875495601269847
3.040868679845983,-0.3156693796005346,0.0,3.0408686798459827,0.0,6.713076118893036,0.3576368522413531,-0.0965192120724094,0.0,0.3576368522413531,0.0,0.9083121286275251,0.7352644890188873,-0.15031265975169658,-0.020516940263304875,0.7426827140231983,-0.032475919355644804,1.7967827791909958
3.1086895910625185,-0.20910823554107452,0.0,3.108689591062519,0.0,6.635595653207186,1.9101869444928639,-1.3338468613159127,0.0,1.9101869444928634,0.0,6.4880676116175495,2.1903586263855916,-1.0762468092927162,-0.017696130622931298,2.1899218780240832,-0.0179635565222728,6.5347458736269335
1.224726419916159,-0.9758815759568494,0.0,1.224726419916159,0.0,4.401215991746019,0.30652416323716575,-0.09516446324614898,0.0,0.30652416323716575,0.0,0.8033772529666297,0.45999682786876905,-0.23722351877865025,0.0026194380917364353,0.4593820845917738,-0.004798235093818663,1.4328853467777662
0.35063990144386425,-0.2558695464218694,0.0,0.3506399014438643,0.0,1.2130188957314667,1.0143323685057815,-0.9809325951209223,0.0,1.0143323685057815,0.0,3.9905299272534074,0.7510733439678805,-0.6698926546468041,-0.02014517048404742,0.7525166304609762,0.02146006150788347,2.812370091031073
2.459500467666243,-0.268083220164365,0.0,2.459500467666243,0.0,5.455167375661216,2.3392211812967116,-0.1578945366305449,0.0,2.339221181296711,0.0,4.994231435854512,2.3753241174783,-0.19091951526147466,0.00043874460576903603,2.3753155294732315,-0.0005090528236134869,5.141247852671934
1.4779044347934178,-0.3072249416373762,0.0,1.4779044347934178,0.0,3.5702587528615886,0.44900458605115323,-0.062471623480047304,0.0,0.4490045860511531,0.0,1.0229524190624009,0.6725464858038194,-0.11412328551389575,-0.005641682370865035,0.6685937717118347,-0.01771255902870206,1.6008449138413763
0.6467104282035313,-0.16933802209754598,0.0,0.6467104282035314,0.0,1.632096900602155,0.6625042761843175,-0.593159655484379,0.0,0.6625042761843175,0.0,2.5113278633373937,0.6384858009681639,-0.46432536289251974,-0.007787640891511783,0.6407016576086836,-0.0001461881258316779,2.1991982393589855
2.863382286170413,-1.13960644122825,0.0,2.8633822861704132,0.0,8.005977454797327,0.3133369785076017,-0.18632390618405237,0.0,0.3133369785076017,0.0,0.9993217693833082,0.6572058798059893,-0.28422901452215227,-0.02023763919396675,0.6618549504847939,-0.027204624266998625,1.9060127947675476
0.3045337242014787,-0.16069609193777995,0.0,0.3045337242014787,0.0,0.9304596322785175,2.6244097168680143,-0.9809691412359568,0.0,2.6244097168680147,0.0,7.210757716207942,1.7369754154049655,-0.6305690263982355,-0.021755791994129567,1.6922096419779447,0.004100667835926823,4.481742960552195
0.3574707627690937,-0.3235006677790512,0.0,0.3574707627690937,0.0,1.3619428610962887,0.72092323740459,-0.22724531542899581,0.0,0.7209232374045899,0.0,1.8963371056671716,0.5923178549139032,-0.26972960696069986,0.0034386316159730514,0.589705532870662,0.0067934939545270835,1.7110446029304351
1.2222473896669173,-0.5252137421454043,0.0,1.2222473896669173,0.0,3.494922263624643,2.8816831008865846,-0.7169099295314564,0.0,2.881683100886585,0.0,7.197186060836084,2.3052940829356654,-0.6601120407084753,-0.0030524926166709478,2.2902400511619954,0.006664066180895746,5.83190968639143
1.1698262413915044,-1.0690426436210592,0.0,1.1698262413915044,0.0,4.477737770025126,0.29860860054471056,-0.10884237109129714,0.0,0.2986086005447106,0.0,0.8149019432720154,0.4294048568850671,-0.2698713446504919,0.0059913939105593365,0.43131413874096397,9.242183844027439e-05,1.441329228149582
0.3802573725098685,-0.24868888927095395,0.0,0.38025737250986846,0.0,1.2578925235616445,1.6829660215518065,-0.6761487452093176,0.0,1.6829660215518063,0.0,4.718229533522247,1.2038329926675877,-0.505874743349073,-0.009382713244289489,1.1853975282482978,0.008716143450437601,3.3148054940364324
0.3197180412642227,-0.06413588590666316,0.0,0.31971804126422265,0.0,0.7677078543417716,1.2558031317086513,-0.14657537229485393,0.0,1.2558031317086515,0.0,2.804757008007011,0.9144720454516452,-0.1267742394077634,-0.006390701156895598,0.9004585936625866,0.008056648762347334,2.003331016888073
0.3182428213008693,-0.18178403493951403,0.0,0.3182428213008693,0.0,1.0000537124807667,3.0454530615753916,-0.2984310175544962,0.0,3.045453061575392,0.0,6.687768158259776,1.9957160931769802,-0.30897276138414853,-0.02123672176531378,1.9303975692879016,-0.0034620112240992336,4.298914122342794
0.5504623450296048,-0.15889527827064978,0.0,0.5504623450296048,0.0,1.4187152466005093,0.9442055712519295,-0.8249763489541705,0.0,0.9442055712519295,0.0,3.5383638404121993,0.7770612752663866,-0.5832706398994985,-0.01047244945642348,0.7808355621755573,0.0077976681158681595,2.7053910132723615
1.3550914438839965,-0.4465361188258498,0.0,1.3550914438839965,0.0,3.6032551254196923,0.6471104466914696,-0.23032742884149385,0.0,0.6471104466914697,0.0,1.7548757510659265,0.8264761473409625,-0.282377530655249,-0.003579008001363295,0.8237190033109375,-0.0116933565152232,2.2420255580443866
0.294534804957608,-0.161387294405798,0.0,0.29453480495760803,0.0,0.9118441987268122,0.7854384252525977,-0.2652863394791031,0.0,0.7854384252525977,0.0,2.101449529463402,0.6130545337233857,-0.22886095985127797,-0.002629209944607869,0.6081544174195415,0.006917114074326589,1.6528933717405319
2.94632247183957,-0.4014514019895835,0.0,2.9463224718395695,0.0,6.695547747658306,0.4210832265759054,-0.2846396857231073,0.0,0.4210832265759054,0.0,1.4114458245980253,0.8114233990890772,-0.33237452056825373,-0.02483981518839949,0.8142792796043478,-0.033621427138557904,2.3240336882435204
0.3282755945177608,-0.1349759848943077,0.0,0.3282755945177607,0.0,0.9265031588241368,1.657540244284464,-0.6408309339073794,0.0,1.6575402442844638,0.0,4.596742356383687,1.1618835615578484,-0.4326045708661357,-0.012457533215166551,1.1424212374641938,0.008972585625814695,3.069397323129783
1.8565971093611149,-1.323289058609838,0.0,1.8565971093611149,0.0,6.359772335941907,0.4363222468458963,-0.11898014327882449,0.0,0.43632224684589643,0.0,1.1106047802494416,0.6814754421533502,-0.3036867444961562,-0.0015950022720547963,0.6786209406160237,-0.009398994555977957,2.021445066670884
1.0722735531618033,-0.4740565297354473,0.0,1.0722735531618033,0.0,3.0926601657945016,1.1652832751656634,-0.1534555963102526,0.0,1.1652832751656632,0.0,2.6374777429518317,1.128482483461879,-0.2569906542541777,0.005513757707159808,1.1292984200583218,0.0035367451888919637,2.780105714233651
0.4328250042205,-0.22772170757888377,0.0,0.43282500422049996,0.0,1.3210934235987675,0.49139912850211004,-0.06335458522231835,0.0,0.49139912850211004,0.0,1.1095074274488566,0.4677766638068946,-0.11782571878113979,0.004195336870748673,0.4682834363440883,0.0025864656391073057,1.17562072931846
0.4420852700940511,-0.089424986244595,0.0,0.4420852700940511,0.0,1.0630205126772923,0.4327845316606898,-0.08348836725826979,0.0,0.4327845316606898,0.0,1.032545797837919,0.4356064787968842,-0.08528602794394607,0.0001030813685319303,0.4356054663968885,-0.00018820444268044694,1.0423341055751436
0.4735504894489945,-0.03648737007068307,0.0,0.4735504894489945,0.0,1.0200757190393552,1.990472532734547,-1.0608890622762448,0.0,1.990472532734547,0.0,6.102723190021584,1.401373623527072,-0.6283945838804866,-0.016529282276187576,1.3889736375067976,0.013338243985209903,3.933318803927148
0.5101594055574555,-0.2814944887501845,0.0,0.5101594055574555,0.0,1.58330778861528,1.6419911157787885,-0.8831147351855504,0.0,1.6419911157787883,0.0,5.050211701928677,1.2269605679083895,-0.6424964088053635,-0.008653054882708212,1.2170363262985653,0.010112411748385277,3.663004226053576
1.8668147506312724,-0.5260612541130133,0.0,1.866814750631272,0.0,4.78575200948857,0.6115150447750296,-0.3283310923374033,0.0,0.6115150447750297,0.0,1.8796922742248665,0.891657588470894,-0.3770602696869253,-0.011791528951284932,0.8866365126515829,-0.020524911575129288,2.5703409264121624
1.6890441793653692,-0.20370757818717095,0.0,1.6890441793653692,0.0,3.7855035151050793,0.6327037959458378,-0.4526356918019295,0.0,0.6327037959458378,0.0,2.170678975495536,0.8701190583305023,-0.4227143733132523,-0.013834313935916043,0.8663831133633656,-0.02081759659544786,2.6034207312886695
1.7535645132415656,-0.6005972317549165,0.0,1.7535645132415654,0.0,4.7083234899929645,0.44152777903432144,-0.28691742440923007,0.0,0.44152777903432155,0.0,1.4568904068871025,0.7059044502350958,-0.3477835389327557,-0.012101682567591877,0.7016735364753977,-0.021053806674432317,2.1403448716757745
0.8569354071495491,-0.12789975745439294,0.0,0.8569354071495491,0.0,1.9696703292078839,2.10351086927547,-1.5862825597091184,0.0,2.1035108692754703,0.0,7.379586857969178,1.5897298514396225,-1.0119288169363991,-0.01515732477475342,1.5939089799211992,0.015032941152378418,5.140822557182851
2.40085244122548,-1.108572781258838,0.0,2.4008524412254797,0.0,7.018850444968635,1.1155876887140441,-0.44673195401475274,0.0,1.1155876887140441,0.0,3.1246392854575937,1.434161114684787,-0.5963680740351072,-0.0069569984731557835,1.4296921772201228,-0.011675003934594905,4.1126824396690305
1.1695627341433823,-0.4255208530738616,0.0,1.1695627341433823,0.0,3.1901671744344875,0.5861427522953038,-0.06398163947054702,0.0,0.5861427522953038,0.0,1.3002487835317014,0.7325900801552884,-0.14788036191179577,0.0011632290308282414,0.7309530104101648,-0.008446491734952327,1.7874236490937938
0.7076156649457431,-0.3572230384391032,0.0,0.707615664945743,0.0,2.129677406769692,0.335056005051818,-0.25958472232791396,0.0,0.335056005051818,0.0,1.1892814547594648,0.42916103590898125,-0.2835096348409628,-0.002286173502578045,0.4276953205932879,-0.007647525966779878,1.436706198047384
1.5203205312325416,-0.5285291750800801,0.0,1.5203205312325416,0.0,4.097699412625243,2.363017144426354,-1.7526338067071527,0.0,2.363017144426354,0.0,8.231301902267012,2.042679607937757,-1.323130720206827,-0.009166147629311438,2.046541721088167,0.0050931007269921025,6.685442348483247
0.7967697755746783,-0.423798139178596,0.0,0.7967697755746782,0.0,2.441135829506549,1.539583930889791,-0.6979799230578458,0.0,1.539583930889791,0.0,4.475127707895272,1.287038977125505,-0.6001688802278612,-0.0016095886631074948,1.2827381435722336,0.007555541628935294,3.733853468386166
0.2718170657920133,-0.2558197109538117,0.0,0.2718170657920133,0.0,1.0552735534916482,0.9887452251713518,-0.8876711151589336,0.0,0.9887452251713518,0.0,3.752832680660569,0.7023496229033122,-0.61809441781307,-0.0060305316241927,0.7001726790448909,0.006251616388272016,2.6067410268497713
2.5686689911702265,-0.37796237289575835,0.0,2.5686689911702265,0.0,5.893262728131969,2.2216853101363747,-0.3216252856618678,0.0,2.2216853101363743,0.0,5.086621191596485,2.324362659858019,-0.3384939643479106,-0.0005196921903100118,2.323955215195168,-0.002017619943812098,5.33973032864851
1.849923666193504,-0.6609899704865041,0.0,1.849923666193504,0.0,5.0218272733600156,2.3546206602897874,-0.46228896206653997,0.0,2.354620660289788,0.0,5.6338192447126545,2.1902696439507894,-0.531651717732744,0.0026541325195031927,2.189259674233575,0.003937267832522786,5.431204193028319
1.1643475322930716,-0.08966330894323943,0.0,1.1643475322930716,0.0,2.5080216824726222,1.5056776212569432,-0.19158217025697605,0.0,1.5056776212569432,0.0,3.394519583027839,1.3965684877114846,-0.15853251022912926,-0.0010132154303851468,1.3958097302690815,0.003434689557447723,3.0909300612121484
1.1335373206537283,-0.1538564866736419,0.0,1.1335373206537285,0.0,2.5747876146547406,1.991248827185523,-1.3952691037582101,0.0,1.991248827185523,0.0,6.7730358618874655,1.6481469277418288,-0.9439811857928523,-0.011597692505251453,1.653208218410435,0.009098817933939083,5.135312409151131
0.39744982480653057,-0.34600995721300465,0.0,0.3974498248065306,0.0,1.4869195640390689,0.6099544633107065,-0.4225848580497484,0.0,0.6099544633107065,0.0,2.0650786427209096,0.5400323329312758,-0.3965699554921093,-0.00044581343450694224,0.5392561809704363,0.003614489165961179,1.8643312953257172
0.4998908894022667,-0.29859005287303797,0.0,0.4998908894022667,0.0,1.5969618845506097,1.4285623335697422,-1.2054547562019424,0.0,1.4285623335697424,0.0,5.268034179543365,1.0553914676769418,-0.8387310995541088,-0.01214683550099762,1.0549229991544435,0.012190311091267217,3.7494245715865873
2.0172081217298623,-0.1064754147490518,0.0,2.0172081217298623,0.0,4.247367072957829,0.5752021852870667,-0.5269171863927269,0.0,0.5752021852870668,0.0,2.2042387433595905,0.8607270194719502,-0.4884320850148295,-0.019747661124281824,0.856939566129548,-0.027267566054464294,2.7186874948357014
0.407287325212185,-0.39386989575550146,0.0,0.4072873252121851,0.0,1.602314441935373,0.49648834940784764,-0.09994297266806064,0.0,0.49648834940784775,0.0,1.1928626441518166,0.4498278502142181,-0.20381842122245628,0.008586835488540853,0.45180560653798185,0.006401363019062449,1.316640770105145
0.26712135758353484,-0.19623548238078156,0.0,0.26712135758353484,0.0,0.9267136799286324,0.8174799888471306,-0.5907765453012775,0.0,0.8174799888471305,0.0,2.8165130682968167,0.609408886001767,-0.4316298335375781,-0.0077380433603103866,0.6063102873947072,0.00837679920416255,2.0522530429049812
1.6751339115067791,-0.3394624847641395,0.0,1.6751339115067791,0.0,4.029192792541838,0.6115989647948468,-0.35744929307319334,0.0,0.6115989647948468,0.0,1.9380965157360799,0.8557573430232137,-0.36807934172744255,-0.011349793729589048,0.8515358921878721,-0.01954576514337064,2.47170944222881
0.5730248167855183,-0.3797787993926287,0.0,0.5730248167855182,0.0,1.9056072323562934,2.3351137854278026,-0.2486133763061194,0.0,2.3351137854278026,0.0,5.167454323467843,1.6776519687201326,-0.3446755534217852,-0.004955810355658153,1.6496125191583029,0.006080667687175352,3.9181897879386733
0.8108627577913256,-0.2668229915447043,0.0,0.8108627577913256,0.0,2.15537149867206,1.0904923613056323,-0.17581048171026778,0.0,1.0904923613056323,0.0,2.5326056860317996,0.9986661680631141,-0.20867420557177851,0.002243255987895845,0.9979319607913993,0.004427225170439028,2.4065235119363257
0.49208274254140183,-0.3859727616318942,0.0,0.49208274254140183,0.0,1.756111008346592,2.3614067972025508,-1.8260395187144156,0.0,2.361406797202551,0.0,8.374892631833935,1.603576175669099,-1.2009426506954681,-0.01821406475786814,1.5910602875391553,0.014880240300752783,5.500950220624295
2.2879835697561135,-0.6813080811400626,0.0,2.287983569756114,0.0,5.938583301792353,0.97329398263682,-0.6826789227701546,0.0,0.97329398263682,0.0,3.311945810813948,1.2917454614611121,-0.6976288685198591,-0.01613487842262472,1.2863233408762738,-0.021143401722420817,4.008858584488351
0.370429570822272,-0.07229651904690756,0.0,0.37042957082227207,0.0,0.885452179738359,0.6753807678046919,-0.5873112530983882,0.0,0.6753807678046918,0.0,2.525384041806162,0.541933021204387,-0.3969456933773665,-0.009850056718203498,0.5452161120836015,0.008299504958529554,1.8666196104060775
0.3986886815844736,-0.08482462455397866,0.0,0.3986886815844736,0.0,0.9670266122769045,1.1402725469577113,-0.740745165692933,0.0,1.1402725469577113,0.0,3.7620354253012898,0.8508428227506286,-0.4771805304963138,-0.011538137679654684,0.8490933769774365,0.011638563980496267,2.6100645246734846
0.6015778160679531,-0.1625241914726624,0.0,0.6015778160679531,0.0,1.528204015081231,1.0346219377225243,-0.29190870312820505,0.0,1.034621937722524,0.0,2.6530612817014583,0.8900357876281496,-0.24744608517788041,-0.0017918378733385758,0.8878901755533662,0.006058320476152088,2.250053925946862
1.0066418852321826,-0.45644157174185696,0.0,1.0066418852321828,0.0,2.926166913948079,1.5017751812705258,-0.9211414701686181,0.0,1.5017751812705258,0.0,4.845833302878288,1.3320470501567225,-0.7606365036819751,-0.003965308715231216,1.3318227143847143,0.0044451019287961675,4.157330562882595
0.8318662871120011,-0.07001199224126631,0.0,0.8318662871120011,0.0,1.8037565587065352,0.4512827590592211,-0.09502691867973125,0.0,0.4512827590592211,0.0,1.0926193554779047,0.5504244916575826,-0.09283962578651256,-0.002521959790888848,0.5490630413256916,-0.008323516317800149,1.2963799860960494
1.3406186450780795,-0.19712438078794656,0.0,1.3406186450780793,0.0,3.0754860517320517,0.5438102169720709,-0.4623662982394411,0.0,0.5438102169720708,0.0,2.012353030423024,0.72455269308842,-0.42340870080703086,-0.01167844454447995,0.7219116155772435,-0.01733775271856948,2.3070530020829523
0.9247331218769972,-0.06438684348736295,0.0,0.9247331218769972,0.0,1.9782399307287204,0.2818818755268479,-0.22003595094167822,0.0,0.28188187552684785,0.0,1.0038356529370525,0.4149214584555089,-0.20573721784813773,-0.007567838010538739,0.41303454974269344,-0.0141596141377895,1.2518574063910568
0.7343682812658441,-0.2138078228210878,0.0,0.734368281265844,0.0,1.8963522081738637,0.7673046845098863,-0.09006334310326979,0.0,0.7673046845098863,0.0,1.714736055226312,0.7554705193749088,-0.1289521905603418,0.0024777118733929878,0.7556439410308448,0.0011998067464685438,1.7724012763476085
0.6767003931360872,-0.17297194746131006,0.0,0.6767003931360873,0.0,1.699344681194795,2.593504197340962,-1.116970544599542,0.0,2.593504197340962,0.0,7.420949483881009,1.8830580077421564,-0.7317089756510898,-0.01405333974118416,1.8625287475023335,0.009953821301255255,5.072421691332878
