0.7193408653563298,-0.24664253186870402,0.0,0.7193408653563299,0.0,1.9319667944500678,0.458697152059492,-0.1774544715208483,0.0,0.45869715205949196,0.0,1.2723032471606808,0.5608920133246589,-0.20724827405277524,0.0,0.5876473352368073,0.0,1.6021343405478234
0.493340365060249,-0.042755835328490234,0.0,0.493340365060249,0.0,1.0721924007774783,1.2676069509698207,-0.6395937402024557,0.0,1.2676069509698207,0.0,3.814401382344552,0.72752458395795,-0.2428394286198435,0.0,0.814072250235736,0.0,2.4432584490204214
0.5445888468065881,-0.09107278513888685,0.0,0.544588846806588,0.0,1.2713232638909495,0.36390425580055824,-0.048782487707238836,0.0,0.3639042558005582,0.0,0.8253734870155942,0.4365806377146166,-0.06688159757122276,0.0,0.4535559821461003,0.0,1.048347954173484
0.7713693268678324,-0.228831446057115,0.0,0.7713693268678323,0.0,2.0004015458498947,0.38435533033507696,-0.06115479652509731,0.0,0.384355330335077,0.0,0.8910202537203484,0.5160357926269609,-0.1242781832919099,0.0,0.5694513601915958,0.0,1.4457142925075954
0.5155875187870222,-0.25683049834428723,0.0,0.5155875187870222,0.0,1.5448360342626186,1.8847145515949981,-1.505335081795293,0.0,1.8847145515949981,0.0,6.7800992667805815,0.8964520021169858,-0.6243179540661633,0.0,0.9671142636826854,0.0,4.162467679132975
0.8561341562874454,-0.576418892644766,0.0,0.8561341562874455,0.0,2.865106097864423,0.29746345686683834,-0.21983744104466663,0.0,0.29746345686683834,0.0,1.0346017958230094,0.45961115129370567,-0.33851521923612277,0.0,0.5341769005663003,0.0,1.9498539613943242
1.9218692431892523,-0.2446018892656244,0.0,1.9218692431892523,0.0,4.332942264909754,1.264349353977959,-0.13204638188359213,0.0,1.264349353977959,0.0,2.7927914717231017,1.525894974272611,-0.17995108249386033,0.0,1.5917050446931174,0.0,3.5628672780147776
1.5436324685933582,-0.10110570180930674,0.0,1.5436324685933582,0.0,3.28947634080533,1.6306876973164086,-1.4911638243232919,0.0,1.6306876973164086,0.0,6.243703043279397,1.5340303665525281,-0.7989405213171729,0.0,1.454634370778057,0.0,4.7665896974414395
2.590169365101721,-0.36122597542741336,0.0,2.5901693651017204,0.0,5.902790681058267,1.164951064250489,-0.46456406651530324,0.0,1.1649510642504888,0.0,3.2590302615315845,1.5944800596309718,-0.43959391897975186,0.0,1.8859605544813598,0.0,4.580918877357632
0.6682424504098122,-0.35711280673361584,0.0,0.6682424504098123,0.0,2.0507105142868562,0.27116177040769224,-0.1878528345268637,0.0,0.27116177040769224,0.0,0.918029209869112,0.3905395233029039,-0.24937720336285374,0.0,0.4584179501868535,0.0,1.48436565677662
0.35579006784166883,-0.06361135612006509,0.0,0.3557900678416689,0.0,0.8388028479234677,2.654540047502948,-1.7178154469789313,0.0,2.654540047502948,0.0,8.744710988963757,0.7099709512915056,-0.4057052462117634,0.0,1.1284971368772772,0.0,4.791745691571122
0.5366723019875953,-0.06883807434096982,0.0,0.5366723019875953,0.0,1.21102075265713,1.186129729264177,-0.5490031621689316,0.0,1.186129729264177,0.0,3.4702657828662185,0.7510471716293254,-0.2414541763811211,0.0,0.8177084396633323,0.0,2.3406543666385065
0.7766392335860199,-0.7075211531815877,0.0,0.7766392335860199,0.0,2.96832077353522,0.8467156036782817,-0.7862528833563082,0.0,0.8467156036782818,0.0,3.2659369740691773,0.8107348686358486,-0.7457594892715739,0.0,0.8104515254150628,0.0,3.1171288970265483
1.2366713661421207,-0.07312831570360684,0.0,1.2366713661421207,0.0,2.619599363691455,2.0798333502529576,-1.1565789065586785,0.0,2.0798333502529576,0.0,6.472824513623272,1.5640522303867666,-0.5126687406945813,0.0,1.5556126819346716,0.0,4.546178928157029
0.5129524730057005,-0.19247090335452802,0.0,0.5129524730057005,0.0,1.4108467527204567,2.4219893439054716,-0.8849296921390166,0.0,2.4219893439054716,0.0,6.613838072088976,0.8681443196214349,-0.3827516964914002,0.0,1.397803354272978,0.0,4.012358098134427
1.0521224526966184,-0.6459405066595627,0.0,1.0521224526966184,0.0,3.396125918712362,0.39678037545384437,-0.27152002033258943,0.0,0.39678037545384437,0.0,1.3366007915728684,0.5926544296556002,-0.4010596899774552,0.0,0.6872378814148912,0.0,2.3663633725297877
1.538810130942343,-1.2336035764727074,0.0,1.538810130942343,0.0,5.544827414830099,0.8285896839402743,-0.1470319493246813,0.0,0.8285896839402743,0.0,1.951243266529911,1.1067924498907837,-0.5767145170101183,0.0,1.0402636507738934,0.0,3.748035058447648
2.0979020129853057,-1.0935628954974066,0.0,2.0979020129853057,0.0,6.382929816965424,0.4321295459793185,-0.19128470481146656,0.0,0.43212954597931846,0.0,1.2468285015815703,0.7580227165534149,-0.42909688917499544,0.0,1.1297070231744226,0.0,3.8148919186320644
1.1060376466692805,-0.6510097718858151,0.0,1.1060376466692803,0.0,3.5140948371101897,2.8341721480398943,-0.8621578111196665,0.0,2.8341721480398943,0.0,7.392659918319122,1.5797651751038577,-0.7406575830670643,0.0,1.9777688539146052,0.0,5.4533790713727495
1.3090574196845375,-0.2141950437846702,0.0,1.3090574196845373,0.0,3.046504926938415,0.4960569943791685,-0.18072648527463062,0.0,0.4960569943791685,0.0,1.3535669593075985,0.7162858433899316,-0.19815314029155834,0.0,0.9053242076515458,0.0,2.200032739065764
0.886217250940653,-0.38894562891872353,0.0,0.8862172509406531,0.0,2.550325759718753,1.6831051279550835,-1.4526148457173644,0.0,1.6831051279550835,0.0,6.271439947344897,1.2049410750849676,-0.8084394308510913,0.0,1.1518332976980967,0.0,4.410882886122071
2.5438651459607966,-1.2338411104690596,0.0,2.5438651459607966,0.0,7.555412512859712,0.7042200461365024,-0.06388560196650787,0.0,0.7042200461365024,0.0,1.5362112962060204,1.1430175576091537,-0.39963199191900467,0.0,1.4740388669129068,0.0,4.545878104243288
0.3115087206010333,-0.19628432218677616,0.0,0.31150872060103324,0.0,1.0155860855756182,1.14619778195581,-0.33671692292842276,0.0,1.1461977819558102,0.0,2.965829409768466,0.48677383200902896,-0.2476963118350737,0.0,0.7297968231909413,0.0,1.99070616056128
0.4599926458052273,-0.1719842507885668,0.0,0.4599926458052273,0.0,1.2639537931875882,0.3009623124735748,-0.28111318576164435,0.0,0.30096231247357486,0.0,1.1641509964704364,0.3515052015670482,-0.23826479511666251,0.0,0.3845145786584068,0.0,1.2140524039345453
2.424074220712408,-0.610833693755886,0.0,2.4240742207124084,0.0,6.069815828936589,0.9319507049009242,-0.0517998685637487,0.0,0.9319507049009242,0.0,1.9675011469293455,1.3545932414309776,-0.2366765811441973,0.0,1.6459910299560159,0.0,4.018669910635199
1.7716064314548166,-0.9590510897334347,0.0,1.7716064314548166,0.0,5.461315042376501,1.2845477703186499,-1.1777885474242942,0.0,1.2845477703186496,0.0,4.924672635485892,1.464668435935411,-1.0874882327505302,0.0,1.5393675512201868,0.0,5.192993877557298
0.4526530616460375,-0.12652004792896399,0.0,0.4526530616460375,0.0,1.158346219150003,1.769717390520711,-0.8129878222218987,0.0,1.7697173905207113,0.0,5.165410425485219,0.7478533477060915,-0.32216017802140057,0.0,1.0281446477529905,0.0,3.1618854010108524
2.8406205777605606,-0.4837756818817089,0.0,2.8406205777605606,0.0,6.648792519284539,1.9985567100879023,-0.8380905688394344,0.0,1.9985567100879027,0.0,5.673294557854673,2.332132172286789,-0.6898007381610581,0.0,2.420319275210638,0.0,6.1610312595370935
0.31960386966568394,-0.01696216991747298,0.0,0.3196038696656839,0.0,0.6731320791663138,0.502776760530665,-0.21909801574587548,0.0,0.502776760530665,0.0,1.4437495525530806,0.39228206582532016,-0.10094871571877043,0.0,0.3967139583903111,0.0,1.0584369670951508
0.9887333368079285,-0.37246682880276044,0.0,0.9887333368079285,0.0,2.7224003312213783,0.9223033129385785,-0.06776966719493929,0.0,0.9223033129385786,0.0,1.9801459602670357,0.9517969331493836,-0.21647491164072682,0.0,0.9432414182226615,0.0,2.35127234213099
0.5316691471778803,-0.26161708068174955,0.0,0.5316691471778803,0.0,1.58657245571926,0.4793259400139492,-0.3888816382001577,0.0,0.4793259400139492,0.0,1.7364151564282146,0.49970896143667476,-0.32875333402141343,0.0,0.5040830630237216,0.0,1.6614938184556476
0.43752881635437885,-0.12115016730220296,0.0,0.43752881635437885,0.0,1.1173579673131637,1.7438174828871558,-0.33817138178414724,0.0,1.7438174828871558,0.0,4.163977729342607,0.7021636737814577,-0.18902993134149534,0.0,1.0828248517913888,0.0,2.6406672894184644
0.3918915813660284,-0.07661558665321533,0.0,0.3918915813660284,0.0,0.9370143360384875,0.6879936274684145,-0.1533375361888189,0.0,0.6879936274684145,0.0,1.682662327314467,0.5002910578005287,-0.10761461629068865,0.0,0.5379755156684621,0.0,1.3098365186116343
2.00830954515121,-0.3795962317007383,0.0,2.00830954515121,0.0,4.775811553703897,0.28233643338836206,-0.19099831504464873,0.0,0.282336433388362,0.0,0.9466694968660212,0.4872085145203446,-0.2643592165866727,0.0,1.166258942121273,0.0,2.861254431671743
0.9732598875040351,-0.0627139310998952,0.0,0.9732598875040354,0.0,2.071947637207861,1.1360390271524161,-0.5352355075513685,0.0,1.1360390271524161,0.0,3.3425490694075704,1.0449555103016435,-0.2859803558541679,0.0,1.0272348366926878,0.0,2.7072462505155466
0.35516079570767417,-0.13257186347657962,0.0,0.35516079570767417,0.0,0.9754653183685074,0.8511659322157855,-0.6291606793277675,0.0,0.8511659322157854,0.0,2.960653223087105,0.5259977835674075,-0.3084499410327098,0.0,0.5358292926423771,0.0,1.968058699128289
0.3468253835260869,-0.08391676183463105,0.0,0.3468253835260869,0.0,0.8614842907214358,0.8466895498397977,-0.30796881922162095,0.0,0.8466895498397976,0.0,2.3093167381228374,0.49812549033459824,-0.16221637374505515,0.0,0.5814122581920534,0.0,1.5854053893686635
0.580809532571197,-0.3890448683205661,0.0,0.580809532571197,0.0,1.939708801783526,0.4039119637374465,-0.3664670592742918,0.0,0.4039119637374465,0.0,1.5407580460234764,0.47370285221814323,-0.37749532217886483,0.0,0.49387568955554983,0.0,1.740233436869072
0.8317674686731178,-0.4167374786463078,0.0,0.8317674686731178,0.0,2.4970098946388517,0.3975465925378101,-0.3252182316049538,0.0,0.3975465925378101,0.0,1.4455296482855275,0.5340178291322607,-0.3636820545797969,0.0,0.615894376592573,0.0,1.971269786176262
0.5447880593765488,-0.49884218314094325,0.0,0.5447880593765487,0.0,2.087260485034986,0.7402878568649973,-0.3512334051024496,0.0,0.7402878568649973,0.0,2.183042523934894,0.614215762796707,-0.4365893912940158,0.0,0.6465996961376244,0.0,2.1351515203966733
0.5331008108893366,-0.39446404466004087,0.0,0.5331008108893366,0.0,1.855129711098755,1.4365389347493946,-0.3380428978082323,0.0,1.4365389347493949,0.0,3.549163665115254,0.7558434031174002,-0.3908562581744644,0.0,1.0042828283467455,0.0,2.7021433547367146
1.1322851649711572,-1.0202788438295975,0.0,1.1322851649711572,0.0,4.305128017601505,2.041944983086716,-0.5271344683051933,0.0,2.0419449830867165,0.0,5.138158902783819,1.3932627206274442,-0.8460112407291307,0.0,1.6116832406151853,0.0,4.7216434643030425
1.5692063588896012,-0.08400380813441422,0.0,1.5692063588896012,0.0,3.306420334048031,2.360643694558879,-0.18349294486745804,0.0,2.360643694558879,0.0,5.0882732788526726,1.8855472735391898,-0.1262527619927444,0.0,1.9640584556826077,0.0,4.197345333657471
0.6836729500695654,-0.15807893966614972,0.0,0.6836729500695654,0.0,1.6835037794714303,0.5151481963624834,-0.18367581668284172,0.0,0.5151481963624834,0.0,1.39764802609065,0.586482382265173,-0.17285546257390244,0.0,0.5998677952021112,0.0,1.540575076640873
2.1773175862801852,-0.7541696786017562,0.0,2.1773175862801852,0.0,5.862974529763884,1.0062001810901449,-0.6793545979828445,0.0,1.0062001810901449,0.0,3.371109558145979,1.3604653647290852,-0.7195604179917333,0.0,1.6036669588020347,0.0,4.61703987082324
0.5120668457478544,-0.24918039324225089,0.0,0.5120668457478544,0.0,1.5224944779802112,1.6178299202219004,-0.25262660796675135,0.0,1.6178299202219004,0.0,3.740913056377303,0.7685291085833654,-0.26312422669988,0.0,1.0745661056189992,0.0,2.631701541359473
1.607011496259393,-1.0971186307562253,0.0,1.6070114962593933,0.0,5.408260254031238,1.9854646175903996,-1.3744899469235654,0.0,1.9854646175903996,0.0,6.719909129027927,1.7803038790205445,-1.2259521600141918,0.0,1.7887277446376322,0.0,6.064084736707348
1.4112950691072985,-0.10985313896868959,0.0,1.4112950691072985,0.0,3.0422964161519768,0.9134109574655043,-0.7159854436994608,0.0,0.9134109574655044,0.0,3.2587928023299297,1.063822274146081,-0.47372782989835444,0.0,1.146941568370834,0.0,3.150543934456506
0.927095976915948,-0.21090241861012327,0.0,0.9270959769159481,0.0,2.2759967910521426,1.9561494113833027,-1.507820960597006,0.0,1.9561494113833027,0.0,6.927940743960613,1.3075968744268813,-0.6955705706235001,0.0,1.2644736629349878,0.0,4.601968217169077
0.48081841798002595,-0.07080016647391763,0.0,0.48081841798002595,0.0,1.1032371689078875,1.4094696595264415,-0.5363571127043577,0.0,1.4094696595264415,0.0,3.891653544461598,0.7299250159977352,-0.21883321541648929,0.0,0.9040035091269516,0.0,2.4974303015938406
2.449689244069167,-0.32812022762050735,0.0,2.449689244069167,0.0,5.555618943379349,0.30515147977667556,-0.09632448872289312,0.0,0.30515147977667556,0.0,0.8029519369991373,0.5433627630094845,-0.16341118343150687,0.0,1.3737663021263598,0.0,3.1792856227490236
2.1890592201732995,-0.3022898384037573,0.0,2.189059220173299,0.0,4.982698117154112,0.32289451580366524,-0.02555836373572569,0.0,0.32289451580366524,0.0,0.6969057590787818,0.565656948092382,-0.08911163951314226,0.0,1.2420584132486845,0.0,2.839786364393245
0.40586742638850765,-0.2194329317682391,0.0,0.4058674263885076,0.0,1.2506007163134938,1.7243247784511455,-0.7777467647987524,0.0,1.7243247784511455,0.0,5.004143086499794,0.6774986976394508,-0.3808237707871507,0.0,1.0038568206539262,0.0,3.1273659941669223
2.0254530035066183,-0.3523566614113217,0.0,2.0254530035066183,0.0,4.75561932983588,0.7471539372931609,-0.23551896251744447,0.0,0.7471539372931608,0.0,1.9653457996212105,1.0900519986212533,-0.2820918062045182,0.0,1.386917991409952,0.0,3.3604832474994297
0.39860979982021905,-0.17851876435912614,0.0,0.39860979982021905,0.0,1.1542571283586904,2.7881752256236525,-1.0688564334615707,0.0,2.7881752256236525,0.0,7.714063318170446,0.7249000096664028,-0.3917167618120962,0.0,1.4753484084283957,0.0,4.4342021080336105
0.7062606954824302,-0.6793223586335616,0.0,0.7062606954824301,0.0,2.771166108231973,1.9963290251292847,-0.8127391690808308,0.0,1.9963290251292842,0.0,5.618136388420231,1.0121987816524933,-0.7476498761659051,0.0,1.3805425220107985,0.0,4.194651279572505
0.6860756955668333,-0.6578564159944673,0.0,0.6860756955668332,0.0,2.687864223122588,1.879196987582091,-0.3146846011881022,0.0,1.879196987582091,0.0,4.387763177540387,0.9390913962881372,-0.5788553729602277,0.0,1.3352998749122513,0.0,3.5378135003126676
1.5071612072196519,-0.4903258202284645,0.0,1.507161207219652,0.0,3.994974054896232,1.1142316373833083,-0.46127618930648573,0.0,1.114231637383308,0.0,3.1510156533795874,1.2801351626387274,-0.4754781076301861,0.0,1.311333594292159,0.0,3.572995178638634
2.5891295098297222,-1.8453756293252745,0.0,2.589129509829722,0.0,8.869010278309998,0.3972428630961909,-0.2316345570602991,0.0,0.3972428630961909,0.0,1.2577548403129801,0.788527627897582,-0.5945026226619983,0.0,1.1207201706412664,0.0,5.063382587557639
0.6367933631665796,-0.03805274651273514,0.0,0.6367933631665795,0.0,1.3496922193586294,1.2963892792446343,-0.3207079887579207,0.0,1.296389279244634,0.0,3.23419453600511,0.8572943149185931,-0.14242966058487969,0.0,0.9530475644243875,0.0,2.291935821312412
1.4439953306471296,-1.3478137868482543,0.0,1.4439953306471294,0.0,5.583618234990754,2.624334830147463,-0.9572051266071964,0.0,2.6243348301474634,0.0,7.1630799135093195,1.7947283086108998,-1.2170554833007121,0.0,2.0731818326963065,0.0,6.373349121012609
0.6778918218442408,-0.046446235736285424,0.0,0.6778918218442408,0.0,1.4486761151610525,0.4751803178764329,-0.09163883698227471,0.0,0.4751803178764329,0.0,1.133638309717415,0.5579076865620269,-0.07271754922770286,0.0,0.5764473698375817,0.0,1.2911565672967742
0.6323318011988809,-0.19504913026259613,0.0,0.6323318011988808,0.0,1.6547618629229541,1.002855098310795,-0.07229187270133293,0.0,1.002855098310795,0.0,2.150293942024256,0.7716500508352206,-0.14647410187618817,0.0,0.8171619576522506,0.0,1.902530186673324
2.249253516252946,-0.8578321589546277,0.0,2.2492535162529457,0.0,6.214171350415146,0.45712800085595157,-0.14213916984181016,0.0,0.45712800085595157,0.0,1.1985343413955236,0.783407218567897,-0.33132470598953995,0.0,1.2726318797216958,0.0,3.706422030757449
0.5690627250006054,-0.4584683538103612,0.0,0.5690627250006054,0.0,2.0550621576219346,0.801088577035156,-0.4349611495793756,0.0,0.8010885770351561,0.0,2.4720994532290637,0.6599766832583833,-0.4499902751696633,0.0,0.6882960482873837,0.0,2.263580822277467
0.8963508737573829,-0.5100604622136818,0.0,0.8963508737573828,0.0,2.812822671942129,2.1940103949010203,-0.3830972377539519,0.0,2.1940103949010203,0.0,5.154215265309944,1.2503586700723828,-0.48279104592766736,0.0,1.5617722448399785,0.0,3.983491255341071
2.3796908016987715,-1.0139322948912632,0.0,2.3796908016987715,0.0,6.78724619318007,0.3792540339192621,-0.22977027520608964,0.0,0.37925403391926205,0.0,1.2180486182507027,0.679396150399691,-0.42919925620043003,0.0,1.2774663988691723,0.0,4.002668990532719
1.1589622169879294,-0.5825910674606913,0.0,1.1589622169879294,0.0,3.4831065688972425,1.6846121236343325,-1.621319659015185,0.0,1.6846121236343328,0.0,6.611863565299003,1.3909180597476596,-1.0417326585339808,0.0,1.3204890905360005,0.0,5.047485104551888
0.7923889293082979,-0.2842516000206452,0.0,0.7923889293082979,0.0,2.1532810586578863,0.8201324574134046,-0.38788532618027965,0.0,0.8201324574134047,0.0,2.4160355671873677,0.8058090925284858,-0.33551639725705157,0.0,0.8046235812990952,0.0,2.284658142996882
1.4875549316582495,-1.1248017882397594,0.0,1.4875549316582493,0.0,5.224713439796019,1.5439161680258873,-0.4761673520653214,0.0,1.5439161680258873,0.0,4.040167040182418,1.4976421864679728,-0.809989374028706,0.0,1.4898896304428273,0.0,4.632440264826259
2.592804624939922,-0.9599007293151361,0.0,2.5928046249399217,0.0,7.105410708510117,0.5025734454830121,-0.32115978433772496,0.0,0.502573445483012,0.0,1.647466459641474,0.8547207889947943,-0.5055792204205578,0.0,1.4964453678331875,0.0,4.3764381555777625
1.2675520619354468,-0.2807925636387559,0.0,1.2675520619354468,0.0,3.0966892511484057,1.0640817451739366,-0.45686459975671856,0.0,1.0640817451739366,0.0,3.0418926898613106,1.1527833337691853,-0.3758014675975485,0.0,1.164405542237776,0.0,3.069288646785526
2.3440694293541346,-0.5502176215133824,0.0,2.3440694293541346,0.0,5.788574101735033,2.0384167965787627,-1.8016449457657475,0.0,2.038416796578763,0.0,7.6801234846890205,2.1150934001681043,-1.225099574504209,0.0,2.1363876489711173,0.0,6.734348860124183
0.5430233610309362,-0.0669788939714696,0.0,0.5430233610309363,0.0,1.2200045100048118,1.321712193861575,-0.5512753857334478,0.0,1.321712193861575,0.0,3.7459751591900456,0.7820766601621371,-0.23358773328309307,0.0,0.8899567343303543,0.0,2.4829587921947254
3.0829155719002355,-0.4715255887620147,0.0,3.082915571900235,0.0,7.108882321324499,2.3152658951177023,-1.269831075886711,0.0,2.3152658951177023,0.0,7.170193942008823,2.611345166463444,-0.9224745429938149,0.0,2.685238645685656,0.0,7.13954317082884
2.7091585276168826,-1.0492090122797815,0.0,2.7091585276168826,0.0,7.516735079793328,0.30132843516170094,-0.21619969759221244,0.0,0.30132843516170094,0.0,1.0350562655078268,0.5622471729879235,-0.41473904910398485,0.0,1.393682257008076,0.0,4.2758957278558025
0.33900977771370056,-0.2257392716379163,0.0,0.3390097777137006,0.0,1.1294980987032337,1.2382460201703591,-0.9728817224434705,0.0,1.2382460201703591,0.0,4.422255485227658,0.5833833985054633,-0.44663568937281245,0.0,0.6556210292129467,0.0,2.7758768114210337
0.434876632076038,-0.06463508940129889,0.0,0.43487663207603794,0.0,0.9990234429546738,0.8638018915900365,-0.07857751602289473,0.0,0.8638018915900365,0.0,1.8847588152258627,0.5782951925585861,-0.07102625147206802,0.0,0.6494805748974347,0.0,1.4418907110222632
2.523114602112116,-0.6422537168641114,0.0,2.5231146021121154,0.0,6.3307366379524534,0.8480142011849726,-0.15841759960105448,0.0,0.8480142011849726,0.0,2.012863601572054,1.2793683540293639,-0.314752522019978,0.0,1.6589944538437198,0.0,4.171821201576749
0.4391929766333936,-0.19893045270994422,0.0,0.43919297663339363,0.0,1.2762468586866755,0.9665108911878469,-0.10156430297125886,0.0,0.9665108911878467,0.0,2.1361503883182116,0.59607826979694,-0.16940891988164739,0.0,0.7065093759576236,0.0,1.7061975084098289
1.1595238486014097,-0.19138211385696338,0.0,1.1595238486014094,0.0,2.701811924916746,0.7347277707253301,-0.06211998997946966,0.0,0.73472777072533,0.0,1.5936955214095996,0.900335165538959,-0.11572459436789512,0.0,0.9442079522195326,0.0,2.147753375867842
0.3246615048071667,-0.03574768165310389,0.0,0.3246615048071667,0.0,0.7208183729205413,0.7079725097190789,-0.5638059854834016,0.0,0.7079725097190789,0.0,2.5435569904049595,0.4635764428598458,-0.22998324168361808,0.0,0.4364052277768684,0.0,1.6321898037989468
1.4163330343477294,-0.6479059753022414,0.0,1.4163330343477296,0.0,4.1284780192999415,1.9316110169881375,-0.9413513090032781,0.0,1.9316110169881375,0.0,5.745924651982831,1.6389942829342974,-0.7790778125548039,0.0,1.6648775378959764,0.0,4.9372009282563205
0.37832030482251855,-0.3089651079423476,0.0,0.3783203048225185,0.0,1.3745708255297333,1.0056062875707181,-0.15273305206106857,0.0,1.005606287570718,0.0,2.316678679263574,0.5242838683644968,-0.2706499513189544,0.0,0.7103428594043258,0.0,1.8456461332553884
0.7528632520171413,-0.2790196616580928,0.0,0.7528632520171413,0.0,2.0637658273504687,0.5514645937198183,-0.060079497341531604,0.0,0.5514645937198183,0.0,1.2230881821226995,0.637638191409693,-0.15671658514611778,0.0,0.6415055048286648,0.0,1.6434312256855492
0.46768991061808807,-0.22153121063531,0.0,0.46768991061808807,0.0,1.3784422425067966,2.2824648842403326,-0.3496054090119791,0.0,2.282464884240333,0.0,5.264140586504624,0.7693360327608929,-0.27668246647354333,0.0,1.3859940974197322,0.0,3.3212885269372485
1.2920660442645087,-0.9719392310435352,0.0,1.2920660442645087,0.0,4.528010550616086,2.500555016220395,-0.9546657841647402,0.0,2.5005550162203956,0.0,6.9104416007702705,1.677190804806744,-0.979533269166018,0.0,1.9153364823731127,0.0,5.719225320585934
0.2579527919467306,-0.23029569333854621,0.0,0.2579527919467306,0.0,0.9764969705705536,0.3863235805370181,-0.14387467026390474,0.0,0.3863235805370182,0.0,1.0603965016018455,0.30035181963203184,-0.1958244356170149,0.0,0.32492494812490763,0.0,1.0184467437003974
0.8694455303333872,-0.3621178697542824,0.0,0.8694455303333872,0.0,2.463126800175339,0.6439871183403509,-0.23637494830266345,0.0,0.6439871183403509,0.0,1.7607241332860288,0.7416397694975934,-0.2926560310475801,0.0,0.753089214680568,0.0,2.111926459454422
1.2162160015051002,-0.23239525546140655,0.0,1.2162160015051002,0.0,2.8972225139330137,0.4938148015213394,-0.46556207932240784,0.0,0.4938148015213394,0.0,1.9187537616874952,0.6604254392966885,-0.40428381737286506,0.0,0.8839589262711522,0.0,2.4079877137691694
2.251533417656324,-0.4665426945353783,0.0,2.2515334176563244,0.0,5.436152224383405,1.9820970563106601,-0.9064248923088654,0.0,1.9820970563106606,0.0,5.777043897239051,2.09912524086954,-0.6992967132900053,0.0,2.109202970136573,0.0,5.6066010425251385
0.8308634302414295,-0.3392582108095105,0.0,0.8308634302414294,0.0,2.3402432821018797,0.9548713889107132,-0.6796759999122783,0.0,0.9548713889107132,0.0,3.269094777645983,0.888422610548714,-0.5021642785501936,0.0,0.8766196553730706,0.0,2.8046690629082343
2.370714468055678,-0.5467321028000423,0.0,2.370714468055678,0.0,5.83489314171144,1.4555338006452574,-0.8832359749981801,0.0,1.4555338006452574,0.0,4.677539551286875,1.7764080452436153,-0.75506929319322,0.0,1.9220568679927663,0.0,5.256224226106947
0.29992798912795443,-0.2222365158352626,0.0,0.29992798912795443,0.0,1.044329009926434,1.4635819889785042,-0.7392538606600639,0.0,1.4635819889785042,0.0,4.405671699277137,0.5163688576617159,-0.36592895928850705,0.0,0.816704752947112,0.0,2.725000378527775
2.7572622673438034,-0.17897248963451334,0.0,2.7572622673438034,0.0,5.872469513956633,0.9672098976085334,-0.3793805360106874,0.0,0.9672098976085334,0.0,2.693180867238442,1.4154348732442412,-0.3337133289637225,0.0,1.8733397385457706,0.0,4.282850079327609
0.5899485239391151,-0.21580168412253597,0.0,0.5899485239391151,0.0,1.611500416123302,0.4751075108950337,-0.4341079400107975,0.0,0.4751075108950337,0.0,1.8184309018116636,0.5120580142211015,-0.3370996885660755,0.0,0.5297254333713963,0.0,1.7149656718343187
0.7983170437985972,-0.6207272048311884,0.0,0.7983170437985971,0.0,2.8380884972595695,1.0330111792278331,-0.5124263529154688,0.0,1.0330111792278331,0.0,3.090875064286603,0.8924580506009814,-0.5737960795061083,0.0,0.9189059642405453,0.0,2.9644818028370032
0.5970591129258385,-0.03561992008917196,0.0,0.5970591129258386,0.0,1.265358066030021,1.4675079260685948,-1.1315027910917461,0.0,1.4675079260685948,0.0,5.198021434320678,0.8907356898440658,-0.4159589116866702,0.0,0.8560712969824582,0.0,3.2316892393651244
1.5047631013598768,-0.6205411950827158,0.0,1.504763101359877,0.0,4.250608592885186,0.3562446641315923,-0.03933356113319634,0.0,0.3562446641315922,0.0,0.7911564505295772,0.5940647139025259,-0.1954528700032773,0.0,0.8617279123517767,0.0,2.5208620606390286
0.9757680804715252,-0.44527248851114176,0.0,0.9757680804715252,0.0,2.842081137965334,0.32970192478276356,-0.04441750014155921,0.0,0.3297019247827636,0.0,0.7482388498486456,0.5056173537658601,-0.17098092520341257,0.0,0.6097110472893922,0.0,1.7951426276891262
1.424861522928637,-0.7627559306779672,0.0,1.4248615229286372,0.0,4.37523490721321,1.5568067744825216,-0.7356769696901543,0.0,1.5568067744825218,0.0,4.584967488345353,1.4872132017805477,-0.7499017116709723,0.0,1.4911658332088953,0.0,4.480101019867477
0.8162770789227376,-0.39882498792825055,0.0,0.8162770789227377,0.0,2.4302041337019764,1.7197326766430767,-0.3632618415894811,0.0,1.7197326766430767,0.0,4.165989036465116,1.097060405225627,-0.39404697080650114,0.0,1.2751732388052075,0.0,3.29809859090415
0.4865531156558472,-0.2775386520139354,0.0,0.4865531156558472,0.0,1.528183535339565,1.7824089719930505,-0.26389912245694264,0.0,1.7824089719930505,0.0,4.092616188899987,0.7498694955522096,-0.2925667156612077,0.0,1.1517984562784875,0.0,2.8103923927304666
0.8439878922112561,-0.576175248202776,0.0,0.8439878922112561,0.0,2.8403262808280645,1.4957129507956088,-1.3829680211271655,0.0,1.4957129507956088,0.0,5.757361943845542,1.1140588769904782,-0.9042577561628067,0.0,1.083138122237361,0.0,4.298844143803222
0.3616792508981479,-0.05397205814384787,0.0,0.36167925089814784,0.0,0.8313026180839915,0.6592629359275382,-0.06044565932897505,0.0,0.6592629359275382,0.0,1.4394171905130266,0.4669142828004223,-0.05724719189648061,0.0,0.5106004815879863,0.0,1.135360238590024
0.970093549481309,-0.4316394918567006,0.0,0.9700935494813088,0.0,2.8034660826760183,1.7201537858051925,-1.6306958862205299,0.0,1.7201537858051925,0.0,6.701699344051455,1.2823876137722492,-0.9210480503606812,0.0,1.192658305519331,0.0,4.75258274833955
0.40991599049727245,-0.1691510692386443,0.0,0.4099159904972724,0.0,1.1581341194718335,2.04780827067609,-0.11384293501958179,0.0,2.0478082706760903,0.0,4.323302411391344,0.67395797268704,-0.1754641819830841,0.0,1.2430354359798992,0.0,2.740717039283817
0.5393529955545099,-0.1606704879982267,0.0,0.5393529955545099,0.0,1.4000469671054732,0.8903730073976329,-0.5400208739788989,0.0,0.8903730073976329,0.0,2.8607877627530627,0.680960337175756,-0.317068924920466,0.0,0.683707008707795,0.0,2.1304245937283564
1.7256457315294043,-0.49961497569651464,0.0,1.7256457315294043,0.0,4.450521414451839,1.261337654849894,-0.5146414040364661,0.0,1.2613376548498942,0.0,3.551958117772721,1.4548893047762208,-0.5098009709752521,0.0,1.4949707903680862,0.0,4.001239011236797
0.5510223987445173,-0.2894730485311964,0.0,0.5510223987445173,0.0,1.6809908945514278,0.8321195062917678,-0.19426754247186526,0.0,0.8321195062917677,0.0,2.052774097527266,0.6569402429818354,-0.2514488976077123,0.0,0.6933808506025941,0.0,1.8668800530257177
2.778870825833778,-0.8486548965368479,0.0,2.7788708258337778,0.0,7.255051444741251,2.1871402025800206,-0.4752273350250959,0.0,2.1871402025800206,0.0,5.324735075210233,2.450470787941899,-0.6454105422742101,0.0,2.4739979632891824,0.0,6.289890937116052
0.9588726902467339,-0.5813985064065412,0.0,0.9588726902467339,0.0,3.08054239330655,1.7001060773381589,-0.7399299713418872,0.0,1.7001060773381587,0.0,4.880072097360092,1.2244698932583977,-0.6493014944561528,0.0,1.3285249891709339,0.0,3.9803072259806687
0.6715340013607634,-0.15605553069509845,0.0,0.6715340013607632,0.0,1.6551790641117237,1.1052690708458877,-0.21746749651427602,0.0,1.1052690708458877,0.0,2.645473134720328,0.8357503376829867,-0.18227918301328527,0.0,0.8877694587375646,0.0,2.1503258105908922
0.7477696034141764,-0.22971090421090123,0.0,0.7477696034141764,0.0,1.9549610152501553,1.3345302933435843,-0.5005220761753976,0.0,1.3345302933435843,0.0,3.670104739037965,0.9642744925897548,-0.3382019159127821,0.0,1.0285677724578282,0.0,2.812529572968753
0.4039930633755532,-0.08113662441295832,0.0,0.40399306337555324,0.0,0.9702593755770231,1.2478617982249673,-1.1614494236968498,0.0,1.2478617982249673,0.0,4.8186224438436405,0.6813440639814491,-0.4262147237567131,0.0,0.6071255546836519,0.0,2.8944409335176635
0.6639213640203941,-0.4286598060282113,0.0,0.6639213640203941,0.0,2.185162340097211,2.778210659886947,-0.4375303332193106,0.0,2.778210659886947,0.0,6.431481986212516,1.0456710980696162,-0.4671949967516647,0.0,1.7576910352585455,0.0,4.308325719579132
0.8303378700066699,-0.4552123896477328,0.0,0.83033787000667,0.0,2.5711005193088057,1.7358632002299696,-0.24817472094623746,0.0,1.7358632002299694,0.0,3.968075842352414,1.1034546886233216,-0.38991519900753285,0.0,1.2924002985178706,0.0,3.2695728369881407
1.5823645575801084,-0.247525925122608,0.0,1.5823645575801082,0.0,3.6597809654054325,0.4154755270996214,-0.26713106232982836,0.0,0.4154755270996213,0.0,1.3652131788589,0.6418083894769158,-0.28111652227394246,0.0,1.0193900029590193,0.0,2.5124872051265106
0.5044098088599541,-0.21583619000001544,0.0,0.5044098088599541,0.0,1.440491997719939,0.9017532935477899,-0.3911358395367954,0.0,0.9017532935477898,0.0,2.58577826616917,0.6510332243509757,-0.2866836239437489,0.0,0.6950903322722587,0.0,2.0131379041467237
1.175150993659976,-0.801406498307829,0.0,1.175150993659976,0.0,3.9531149839356083,0.6882289881046351,-0.14642504745554275,0.0,0.6882289881046351,0.0,1.6693080711203558,0.8829024226610748,-0.4130805947672193,0.0,0.8639386370122097,0.0,2.811216933776442
2.346207532380556,-0.6347958190270299,0.0,2.3462075323805562,0.0,5.962006702815171,1.8845988938274745,-0.10358994726694928,0.0,1.8845988938274745,0.0,3.9763776821888475,2.0898119298801316,-0.34654375600810594,0.0,2.096740525261961,0.0,4.969188346223961
0.3474841419007405,-0.32617268050994264,0.0,0.34748414190074045,0.0,1.3473136448213638,0.6097889361616518,-0.3422253877910158,0.0,0.6097889361616518,0.0,1.9040286479053343,0.4358353045538067,-0.335671015802533,0.0,0.4831898300457515,0.0,1.6256711584914583
1.5983638103083317,-0.09479963559376245,0.0,1.5983638103083317,0.0,3.3863268918041873,0.4681053794359251,-0.06087370139564793,0.0,0.4681053794359251,0.0,1.057958161663146,0.7238008029169782,-0.07467815094485339,0.0,1.0335542191920721,0.0,2.2221415624410854
0.30221877515736356,-0.21770544135515277,0.0,0.3022187751573635,0.0,1.0398484330250326,2.5220307001662974,-1.0208834763507466,0.0,2.5220307001662974,0.0,7.085828353034088,0.560432254273032,-0.4109439926071343,0.0,1.302476736157546,0.0,4.0628383501146335
0.3333175465829678,-0.0453983701890406,0.0,0.33331754658296786,0.0,0.7574318335440169,1.2710061331163458,-0.5973929878875048,0.0,1.2710061331163458,0.0,3.736798242007701,0.5477939870819377,-0.20096800243431914,0.0,0.732215151375709,0.0,2.247127794314206
0.71853442905589,-0.25138261519545074,0.0,0.7185344290558898,0.0,1.9398340885026812,0.7417292676017465,-0.1667093390035414,0.0,0.7417292676017465,0.0,1.816877213210576,0.7293414689208664,-0.20969243896583295,0.0,0.7290960585869015,0.0,1.8783554614554976
2.5808476746883264,-1.1165893284797574,0.0,2.5808476746883264,0.0,7.39487400633617,0.7253048294277527,-0.3957804201887668,0.0,0.7253048294277527,0.0,2.2421704992330396,1.1555502926451358,-0.621661080715221,0.0,1.5902478530669495,0.0,4.818522351159739
1.3830418626478247,-0.2713907750448358,0.0,1.3830418626478247,0.0,3.3088652753853203,2.2042719037126965,-1.7673726606300826,0.0,2.204271903712697,0.0,7.943289128685553,1.7234339505552094,-0.9027811562003101,0.0,1.6218349160288132,0.0,5.626069847917718
1.84688014472588,-0.7664578839176317,0.0,1.84688014472588,0.0,5.2266760572870234,0.428818047392085,-0.16388667642605712,0.0,0.42881804739208507,0.0,1.1854094476362842,0.7177574793204233,-0.3332846079460928,0.0,1.0714856547035665,0.0,3.2060444933105945
0.6467639272913084,-0.2160581083042481,0.0,0.6467639272913084,0.0,1.725644071191113,0.3440656265780483,-0.31429493331513403,0.0,0.3440656265780483,0.0,1.3167211197863669,0.43228285063564015,-0.2821154834890872,0.0,0.5051491000304653,0.0,1.5211826041549013
0.3228935608995569,-0.15628978496493592,0.0,0.32289356089955684,0.0,0.9583666917289856,0.46361281738934723,-0.27976139393582333,0.0,0.46361281738934723,0.0,1.4867484226503407,0.38338221924652144,-0.21031815610528515,0.0,0.3868440965599307,0.0,1.2225572750480533
0.4556721970361495,-0.09768208123364756,0.0,0.45567219703614953,0.0,1.1067085565395942,1.5332844185144021,-0.5539926745836938,0.0,1.533284418514402,0.0,4.174554186196192,0.7161349178298149,-0.23624872097165694,0.0,0.9544025174284778,0.0,2.6405910092331095
1.2730479188263124,-0.4217239700670893,0.0,1.2730479188263124,0.0,3.389543777786803,0.9103519286937704,-0.057934474683152534,0.0,0.9103519286937704,0.0,1.936572806753846,1.0627305520436456,-0.21652931929884006,0.0,1.074173519666582,0.0,2.663052800752752
0.9191283924333306,-0.11540361263671686,0.0,0.9191283924333306,0.0,2.069064010140095,0.9006516960916815,-0.1395867565742783,0.0,0.9006516960916814,0.0,2.080476905331919,0.9097520839219075,-0.12760172250797497,0.0,0.9098193606278853,0.0,2.074770578327999
0.533723124123179,-0.17874917987482986,0.0,0.533723124123179,0.0,1.424944607996018,2.161679136400359,-0.5503892180519583,0.0,2.1616791364003585,0.0,5.424136708904634,0.8629020480643037,-0.29189452980282476,0.0,1.3276480047863122,0.0,3.4245476145755034
2.932498252657146,-0.43640457402693333,0.0,2.9324982526571457,0.0,6.7378056533681585,0.2676558942468909,-0.26027344997294427,0.0,0.2676558942468909,0.0,1.0558586884396721,0.4679367140526268,-0.38467838326999215,0.0,1.7582415318124511,0.0,3.8968022096882393
0.4802868702300995,-0.40850717605894116,0.0,0.4802868702300995,0.0,1.7775880925780827,0.3338180111532717,-0.06225139599433417,0.0,0.3338180111532717,0.0,0.7921388142952118,0.39551931172531957,-0.2152050621173499,0.0,0.368705381345699,0.0,1.2848634868756958
2.9144222000684348,-0.34044594551788465,0.0,2.9144222000684343,0.0,6.509736291172639,1.3036497308995578,-0.1940562496741244,0.0,1.3036497308995578,0.0,2.9954119611473637,1.8021450094077691,-0.2503976399578499,0.0,2.107485396977138,0.0,4.752572121318527
0.3721039381368959,-0.18109135839257745,0.0,0.37210393813689596,0.0,1.106390593058947,0.9868669497551024,-0.8229662607057262,0.0,0.9868669497551023,0.0,3.6196664209216594,0.5800993922300836,-0.4000807337473114,0.0,0.5786678677539046,0.0,2.363028523361635
2.621823674380032,-1.1615814188428204,0.0,2.621823674380032,0.0,7.566810186445703,0.9987619246741887,-0.3925976526091413,0.0,0.9987619246741887,0.0,2.78271915456666,1.4730932317691856,-0.6570553700473871,0.0,1.7483927997966036,0.0,5.174767558153099
0.6864564384620832,-0.0446589662018616,0.0,0.6864564384620832,0.0,1.4622308093278893,0.5834171972187558,-0.29482147714549506,0.0,0.5834171972187558,0.0,1.7564773487285021,0.6236154785837044,-0.1791137238345126,0.0,0.625001765599372,0.0,1.6093575119685475
0.4826349511369264,-0.22437426616523776,0.0,0.4826349511369264,0.0,1.414018434604328,1.2125571857061317,-0.6281479671450995,0.0,1.2125571857061317,0.0,3.6814103057024625,0.7063756440194976,-0.3657827641547737,0.0,0.8114947086528634,0.0,2.547713973539962
0.4630402181718931,-0.13538402676106484,0.0,0.4630402181718931,0.0,1.1968484898659157,0.7667139184948005,-0.7214234240548474,0.0,0.7667139184948005,0.0,2.976274685099302,0.5898258795434861,-0.3813932898452471,0.0,0.5392453987338347,0.0,2.086561602969732
1.6033087528855843,-1.1155305544110972,0.0,1.6033087528855845,0.0,5.437678614593363,0.3137449689205974,-0.1998307157421968,0.0,0.3137449689205974,0.0,1.0271513693255887,0.5811475742039126,-0.43243167945593924,0.0,0.77739174657452,0.0,3.23241501540486
0.38265828775542077,-0.2335473836830664,0.0,0.3826582877554207,0.0,1.2324113428769738,0.43294393036066753,-0.08209414314767942,0.0,0.4329439303606676,0.0,1.030076147016694,0.4016970727646267,-0.16242380217053828,0.0,0.4027411468860337,0.0,1.131243703047661
0.2925774127269184,-0.1883309719818171,0.0,0.2925774127269184,0.0,0.9618167694174711,0.3690785500079265,-0.07183220755974928,0.0,0.36907855000792644,0.0,0.8818215151353515,0.3213088415351231,-0.13638998337653613,0.0,0.32819170352754834,0.0,0.9218197555948475
0.6551937626673838,-0.2329977755105968,0.0,0.6551937626673838,0.0,1.7763830763559612,2.245827007360975,-0.9318577266715856,0.0,2.245827007360975,0.0,6.35536946806512,1.0392015026127674,-0.4477396641345948,0.0,1.3839430086677882,0.0,4.065861857019049
2.656952960738134,-0.7679189093135662,0.0,2.6569529607381335,0.0,6.849743740103399,1.1981645813027124,-0.0996651004732606,0.0,1.1981645813027124,0.0,2.5956593635519463,1.6620979473907411,-0.3380318760996462,0.0,1.88869428541553,0.0,4.722677723034743
0.7219107574402215,-0.33064103073421713,0.0,0.7219107574402215,0.0,2.1051035763488777,0.7228494377525136,-0.4045135981682912,0.0,0.7228494377525136,0.0,2.2547260718416102,0.7220265627339857,-0.36767369316548526,0.0,0.7216066894464789,0.0,2.1799148390835725
1.4183762447933979,-0.3177602203082238,0.0,1.4183762447933979,0.0,3.472272930203243,0.7311676364081586,-0.22722703565625021,0.0,0.7311676364081585,0.0,1.9167893441288173,0.9648311456584969,-0.26480141034767396,0.0,1.074101520897647,0.0,2.694531176213863
0.9357585572586177,-0.7135681221077496,0.0,0.9357585572586177,0.0,3.298653358732733,0.5167886788378327,-0.42372953479714465,0.0,0.5167886788378327,0.0,1.8810364272699545,0.6764865558368709,-0.5405305406049439,0.0,0.7052411917621461,0.0,2.5898449123658285
2.0141253659311458,-0.8138663526665642,0.0,2.0141253659311458,0.0,5.655983437195419,2.1296939573472944,-1.398347244145124,0.0,2.129693957347295,0.0,7.056082402984835,2.0665294398454983,-1.1021185818886217,0.0,2.0530160954462926,0.0,6.3560329654707095
0.42948256653425926,-0.3577260272529009,0.0,0.4294825665342592,0.0,1.5744171875743187,0.6723793778598857,-0.5049673019956868,0.0,0.6723793778598856,0.0,2.3546933597111455,0.5278120200421843,-0.4206630776343309,0.0,0.5438348745807743,0.0,1.9645552882650044
0.6583466083746687,-0.36813853693839566,0.0,0.6583466083746686,0.0,2.0529702906261287,0.5074063215026036,-0.08795643151857055,0.0,0.5074063215026036,0.0,1.190725506042348,0.5739396178055769,-0.21513088583274942,0.0,0.5645200556781974,0.0,1.6218493478006384
2.393233996203212,-0.7431312690179364,0.0,2.3932339962032114,0.0,6.272730530442296,2.0165391496902,-0.1759373234080369,0.0,2.0165391496902,0.0,4.384952946196474,2.187977828747296,-0.4409387580357093,0.0,2.184866730629326,0.0,5.3288361791491905
0.2989819236709349,-0.203551803563944,0.0,0.2989819236709349,0.0,1.0050674544697575,2.3008073354987473,-1.2008939681376933,0.0,2.3008073354987473,0.0,7.00340260727288,0.5693022163854644,-0.42823917855085997,0.0,1.1125152539701268,0.0,4.004235279972842
1.6405699168567147,-0.9023231562335483,0.0,1.6405699168567147,0.0,5.085786146180525,0.27993678805949895,-0.19694956672544783,0.0,0.27993678805949895,0.0,0.9537727095698938,0.5093033841665426,-0.37342914673264593,0.0,0.8427106158644011,0.0,3.0197816253226035
0.8529835659688763,-0.1883677143298341,0.0,0.8529835659688763,0.0,2.0827025605974203,1.491119984650662,-1.2615817818077044,0.0,1.491119984650662,0.0,5.505403532916736,1.111576379578635,-0.6255275828944075,0.0,1.0339585459493597,0.0,3.7940530941417334
0.2932150407986729,-0.11038408616469361,0.0,0.2932150407986729,0.0,0.8071982539267331,1.4902430649359444,-0.12497746893924676,0.0,1.4902430649359442,0.0,3.2304410677503816,0.48568795692423994,-0.12698772764119826,0.0,0.8991081923952118,0.0,2.0188184133273346
0.6648716947400047,-0.40832398716228224,0.0,0.6648716947400047,0.0,2.1463913638045735,1.5472418752635746,-0.5042139448735959,0.0,1.5472418752635746,0.0,4.102911640274341,0.9226534086012544,-0.45126711641089434,0.0,1.1112468790980263,0.0,3.124652516686149
2.743598629422335,-0.8021664950475894,0.0,2.743598629422335,0.0,7.091530248939851,1.8213600949329045,-0.43377522847155775,0.0,1.8213600949329043,0.0,4.510270646808925,2.1939946011498215,-0.5913381846953469,0.0,2.2720758641863834,0.0,5.800905134207586
0.7727449331152638,-0.7442349443000114,0.0,0.7727449331152638,0.0,3.0339597548305477,1.776079631136579,-0.37540863773520083,0.0,1.7760796311365787,0.0,4.302976537743559,1.0117994998707018,-0.6403681624940958,0.0,1.3154889501270108,0.0,3.6684680703791717
0.2988134137343007,-0.11480515962964769,0.0,0.2988134137343007,0.0,0.8272371467278967,0.3421981038605428,-0.08018623746302982,0.0,0.3421981038605428,0.0,0.8447686826471454,0.3184364121865772,-0.09855648831885509,0.0,0.3203108020209782,0.0,0.8360024705549624
0.5466493245777972,-0.08575845779023131,0.0,0.5466493245777974,0.0,1.2648155647360575,0.5631274745067174,-0.23457539235448852,0.0,0.5631274745067174,0.0,1.5954057337224117,0.5534917184403386,-0.15961601145185417,0.0,0.5500702601626684,0.0,1.430110569715885
1.070532840859432,-0.8100983973373312,0.0,1.0705328408594321,0.0,3.7612624763935276,2.465951099109302,-0.4272399861421819,0.0,2.4659510991093017,0.0,5.786382170502968,1.4387614769161894,-0.7003284060715015,0.0,1.800044537787702,0.0,4.773787689258977
1.2561005774198486,-0.463200082690865,0.0,1.2561005774198486,0.0,3.4386013202214274,2.622233735537393,-1.3683696890344945,0.0,2.622233735537393,0.0,7.981206849143778,1.7298040110641841,-0.8025495923068993,0.0,1.864861351709729,0.0,5.709883988480214
1.8454558144056958,-0.7936381754706231,0.0,1.8454558144056956,0.0,5.278187979752639,1.398445633525736,-0.2242775969953805,0.0,1.3984456335257358,0.0,3.2454464610422327,1.594187609961038,-0.4797921564311205,0.0,1.593271187378498,0.0,4.261812595309824
2.2754954912251817,-0.6822920015741225,0.0,2.2754954912251817,0.0,5.915574985598607,1.7111338225207313,-1.0162196633223626,0.0,1.7111338225207313,0.0,5.454706971686187,1.9362658004428632,-0.871816689116886,0.0,1.9957198545045818,0.0,5.685139263957452
0.5250481106104261,-0.37540803600714606,0.0,0.525048110610426,0.0,1.8009122932351442,1.1133238881534715,-0.6846839562022488,0.0,1.1133238881534715,0.0,3.5960156887114403,0.7239729796958959,-0.49323554943045417,0.0,0.7974086362601696,0.0,2.6984640110903335
0.8497952250108686,-0.6588346824167293,0.0,0.8497952250108686,0.0,3.0172598148551977,1.1017109684718212,-0.0712929005942161,0.0,1.1017109684718212,0.0,2.3460077381320743,0.9259502285671882,-0.401707976593139,0.0,0.9468202002529081,0.0,2.6816341459850492
2.617472911162323,-0.31254288428499727,0.0,2.6174729111623236,0.0,5.860031590894643,0.47184804733255997,-0.17476628641140757,0.0,0.47184804733255997,0.0,1.2932286674879352,0.7954692962221706,-0.2298662646366839,0.0,1.5520686424871115,0.0,3.5766301211729963
2.1379732238094964,-1.2727182813664355,0.0,2.137973223809496,0.0,6.821383010351863,1.118360264104539,-0.32229140297802117,0.0,1.1183602641045391,0.0,2.881303334165121,1.4983592709617994,-0.6905192575011916,0.0,1.5387263290936868,0.0,4.851362546590351
0.5351074090260555,-0.16458746097648957,0.0,0.5351074090260555,0.0,1.3993897400050903,1.386499078181989,-0.8420808066446255,0.0,1.386499078181989,0.0,4.45715976965323,0.8021790624949016,-0.39500117146020075,0.0,0.8783271891410405,0.0,2.9282384118899722
0.9270848702692673,-0.9030151346656825,0.0,0.9270848702692672,0.0,3.6602000098699072,1.8638537132658919,-0.17444646390442822,0.0,1.8638537132658917,0.0,4.07660035434064,1.145805482981353,-0.6604632990133907,0.0,1.41353623825682,0.0,3.8684002640851913
2.7814095364866116,-1.216163114188323,0.0,2.7814095364866116,0.0,7.995145301349866,2.1867364419464836,-1.216242233909979,0.0,2.1867364419464836,0.0,6.805957351712927,2.444347910656315,-1.2184222906848292,0.0,2.4865261068572213,0.0,7.40054985847384
1.307372642447333,-0.5337500364327114,0.0,1.307372642447333,0.0,3.68224535776009,0.469558800512283,-0.08252799626121174,0.0,0.469558800512283,0.0,1.1041735935469899,0.7043884051706584,-0.22976074873298816,0.0,0.8475977977579193,0.0,2.393191092997786
0.9047812964805881,-0.2990788583900116,0.0,0.9047812964805882,0.0,2.4077203097412,0.49857417913119473,-0.06869911253172435,0.0,0.49857417913119473,0.0,1.1345465833258384,0.6464868731296306,-0.15890640808379122,0.0,0.6892745187225477,0.0,1.7711364221353436
0.5037131705880762,-0.06580487573897742,0.0,0.5037131705880761,0.0,1.139036092654107,0.3274219001806697,-0.29194552007418195,0.0,0.3274219001806697,0.0,1.2387348405097034,0.37688366494467035,-0.20200227708501348,0.0,0.41175060129099006,0.0,1.1888854931187365
0.4371184782403649,-0.08247962242743063,0.0,0.4371184782403649,0.0,1.039196201335591,2.7078662035770376,-0.8885116278845001,0.0,2.707866203577037,0.0,7.1927556629230756,0.7739029337642174,-0.2728600951759231,0.0,1.4811139284657575,0.0,4.116018216196254
1.250600554275586,-0.7961345450911502,0.0,1.250600554275586,0.0,4.093470198733472,1.410103196764706,-1.1608012875363798,0.0,1.410103196764706,0.0,5.141808968602171,1.326892254772385,-0.9718393058824747,0.0,1.3176131746668076,0.0,4.617639618071924
1.6909222450226156,-0.18749247113488504,0.0,1.690922245022616,0.0,3.756829432315002,1.4893809521557277,-0.14813693951626436,0.0,1.4893809521557275,0.0,3.275035783343984,1.5838306534312734,-0.16688929521211898,0.0,1.5899855464953587,0.0,3.5159324380058536
0.47344736556163236,-0.0927986678873047,0.0,0.47344736556163236,0.0,1.1324920668978742,1.9904810311169956,-0.24238320095262655,0.0,1.9904810311169951,0.0,4.465728464139244,0.7657709424306378,-0.14034418343495647,0.0,1.2291578459363857,0.0,2.799111109260532
0.4055451811038405,-0.3797520897956226,0.0,0.4055451811038406,0.0,1.570594541798925,2.03088911760378,-0.745237971697047,0.0,2.0308891176037807,0.0,5.552254178601654,0.6655388763001435,-0.5060223028285008,0.0,1.2244023557738704,0.0,3.561424385497308
0.3544308351771695,-0.02333051425048494,0.0,0.3544308351771695,0.0,0.7555226988553089,0.24956954472108606,-0.22191661495291398,0.0,0.2495695447210861,0.0,0.942972319348,0.2775329943534097,-0.13936553947417077,0.0,0.29361665513890156,0.0,0.8492474896762013
2.8106049564871785,-0.4126956486655856,0.0,2.810604956487179,0.0,6.446601210305528,1.9667820902683537,-1.4875721901017123,0.0,1.9667820902683537,0.0,6.9087085607401315,2.242694166280416,-1.039564513721908,0.0,2.3662303283435517,0.0,6.677656668887321
0.7937004970389896,-0.1187144239008517,0.0,0.7937004970389896,0.0,1.8248298418796827,0.3684119556440997,-0.1387186476915337,0.0,0.36841195564409973,0.0,1.0142612066712668,0.5001557669272365,-0.13468937973134681,0.0,0.583183434884097,0.0,1.4195445683094383
0.3663536409315364,-0.17783231322753915,0.0,0.36635364093153644,0.0,1.0883719083181513,1.5388498536045545,-0.26276145483934593,0.0,1.5388498536045547,0.0,3.6032226168878014,0.5864741096936833,-0.21508420724930372,0.0,0.9595577471877905,0.0,2.3457973064286106
0.5866421146282722,-0.3024256748942433,0.0,0.5866421146282722,0.0,1.778135579045031,1.3732208569922022,-0.9673045024597733,0.0,1.3732208569922022,0.0,4.68105071890395,0.8555521170187927,-0.5411768396877983,0.0,0.9012441824697094,0.0,3.2295931636281643
1.9296882472801995,-0.13113008971138704,0.0,1.9296882472801995,0.0,4.121636673983173,1.1697163408390017,-0.171227153466912,0.0,1.1697163408390017,0.0,2.681886988611827,1.4554585770799005,-0.15686165835401078,0.0,1.5501746080597172,0.0,3.401759295047476
1.4955341196682181,-1.2795329617839375,0.0,1.4955341196682181,0.0,5.550134162904312,0.8941557167947918,-0.7645318793544699,0.0,0.8941557167947917,0.0,3.3173751922985204,1.1386820733686367,-0.9782387233251852,0.0,1.1560894216280488,0.0,4.433754710521716
0.846129120031214,-0.18362547440703922,0.0,0.846129120031214,0.0,2.0595091888765062,1.9693905431756153,-1.5633087512520687,0.0,1.9693905431756153,0.0,7.065398588855368,1.2448214097356052,-0.6780685311695334,0.0,1.1998603597394613,0.0,4.562453541548586
1.0529090706079955,-0.22494978158989645,0.0,1.0529090706079953,0.0,2.5557177043957835,0.34182790403968355,-0.15666499088689936,0.0,0.3418279040396836,0.0,0.9969857898531657,0.513401083802482,-0.184837685316421,0.0,0.6995547845755624,0.0,1.7763519100877747
2.109450568400178,-0.32177967544260616,0.0,2.109450568400178,0.0,4.862460487685568,0.39180667910874917,-0.19258629414352016,0.0,0.39180667910874917,0.0,1.168785946504539,0.6545449379694124,-0.24674122147151759,0.0,1.261819996564696,0.0,3.015629292533794
0.8662856310066296,-0.25904966385611267,0.0,0.8662856310066296,0.0,2.250670589725485,0.3553656055516202,-0.10264543359187651,0.0,0.3553656055516202,0.0,0.9160220782869937,0.5073827602057702,-0.15850027546870268,0.0,0.6032923382922705,0.0,1.583345458622418
2.805958149491709,-0.4861795510308404,0.0,2.805958149491709,0.0,6.5842754010450975,1.159242176143918,-0.3650924241820767,0.0,1.159242176143918,0.0,3.048669200651989,1.6375706541935051,-0.41695230419107165,0.0,1.9846336893014704,0.0,4.816474201116691
1.0864028011817708,-0.5455252258603301,0.0,1.0864028011817708,0.0,3.2638560540842017,1.3316558828852056,-0.40043883078990317,0.0,1.3316558828852059,0.0,3.464189427350218,1.1917929394766476,-0.4799039950665541,0.0,1.2093569647780542,0.0,3.364021909328054
0.6346228999158177,-0.18910795969293714,0.0,0.6346228999158177,0.0,1.6474617192175094,0.7469408605457952,-0.5283521742768116,0.0,0.7469408605457953,0.0,2.5505860696452136,0.6851014275020832,-0.3501834457636541,0.0,0.6700467787044868,0.0,2.0990239077667936
1.9890709322611468,-0.6471251076265544,0.0,1.9890709322611468,0.0,5.272392079775402,1.2199764801057473,-0.13692517199021642,0.0,1.2199764801057473,0.0,2.713803304191927,1.5180298582489535,-0.34563562749129284,0.0,1.579066862401533,0.0,3.993088712901693
2.8724881815828813,-0.9386072647850162,0.0,2.8724881815828813,0.0,7.622190892735796,0.5147961408532064,-0.17839169912641512,0.0,0.5147961408532064,0.0,1.3863756799592428,0.8938427986323153,-0.37574760096847665,0.0,1.6179673088307809,0.0,4.504226976172775
0.4773741014592735,-0.33223818917000747,0.0,0.4773741014592735,0.0,1.619224581258563,0.539315051518875,-0.3237924696796614,0.0,0.539315051518875,0.0,1.7262150423970726,0.5058982333727458,-0.3283763138878254,0.0,0.508647580666604,0.0,1.672719824283487
0.5726887172304285,-0.32701013737568796,0.0,0.5726887172304284,0.0,1.7993977092122335,0.3634411823754129,-0.291753807516844,0.0,0.3634411823754129,0.0,1.310389979784514,0.44248358145164796,-0.307995837348492,0.0,0.46911635931333057,0.0,1.5548938560842671
1.0266334338288692,-0.2428195414511746,0.0,1.0266334338288692,0.0,2.5389059505600877,0.651816928292105,-0.5791475721392969,0.0,0.6518169282921051,0.0,2.461929000862806,0.7642946184262845,-0.4478063207352578,0.0,0.8430002459748894,0.0,2.5004174972560946
1.6722842330643728,-0.25972124450436707,0.0,1.672284233064373,0.0,3.8640109551374797,1.0038683044644812,-0.5940422784807988,0.0,1.0038683044644812,0.0,3.1958211658905613,1.2312938161316183,-0.46650570531452473,0.0,1.340984290883159,0.0,3.529905046812334
0.6773495969878472,-0.2944567889368297,0.0,0.6773495969878472,0.0,1.9436127718493543,0.5000025243143955,-0.23299695602681095,0.0,0.5000025243143954,0.0,1.4659989606824129,0.5759302859611632,-0.2607662018675054,0.0,0.5875575990574387,0.0,1.7048062812145037
0.8951933026415663,-0.5208794689868529,0.0,0.8951933026415663,0.0,2.832145543256838,1.8138748945535828,-0.36851096459918115,0.0,1.8138748945535825,0.0,4.364771718305527,1.1793200249553137,-0.47459516594936196,0.0,1.3658596527925693,0.0,3.5984434121763442
2.0243729181785635,-0.828876389579651,0.0,2.0243729181785635,0.0,5.706498615516431,1.931038059038153,-1.1531617146210646,0.0,1.931038059038153,0.0,6.168399547318434,1.9718406082183204,-0.995056600349007,0.0,1.9734872880667251,0.0,5.937449124439099
0.6108484027601979,-0.1438681279549453,0.0,0.610848402760198,0.0,1.5094330614302867,0.4910311889070653,-0.03615104394185904,0.0,0.4910311889070653,0.0,1.0543644656978486,0.5445040266115247,-0.08542216121585378,0.0,0.5479203865747927,0.0,1.281899493966204
0.4475392535476191,-0.19105347219043844,0.0,0.44753925354761914,0.0,1.2771854514761152,1.9227726605094888,-0.2561827801942687,0.0,1.9227726605094888,0.0,4.357910881407515,0.7198669629067596,-0.22503214562296348,0.0,1.1938451692452334,0.0,2.817537364655266
1.385555446910033,-0.3934489082014426,0.0,1.385555446910033,0.0,3.5580087102229525,2.0454730128592806,-0.5512511826261131,0.0,2.0454730128592806,0.0,5.1934483909707865,1.653441897594006,-0.4624715681434871,0.0,1.7129767014061688,0.0,4.375727670278522
0.37076792235210854,-0.047521425538504004,0.0,0.37076792235210854,0.0,0.8365786957812251,1.5059327490640497,-1.098952709395778,0.0,1.5059327490640495,0.0,5.209770916919656,0.6540637497423079,-0.336110644892565,0.0,0.7349801931811493,0.0,3.023360578279709
1.3185506645574085,-0.9065152195635113,0.0,1.3185506645574085,0.0,4.450131768241841,0.5286537963755763,-0.37204743269396423,0.0,0.5286537963755763,0.0,1.8014024581390817,0.7810820606913871,-0.560540306241722,0.0,0.8655595837246925,0.0,3.12576713631956
0.5161682981337766,-0.028806419907855246,0.0,0.5161682981337765,0.0,1.0899494360832636,0.8621198643096681,-0.6279973567239231,0.0,0.8621198643096682,0.0,2.980234442067184,0.6530352658037463,-0.27502593775488865,0.0,0.6166510481621594,0.0,2.0351030210824237
0.9170502832000622,-0.8407053182319942,0.0,0.9170502832000622,0.0,3.515511202864105,1.120659201777796,-0.32013785289571844,0.0,1.1206592017777959,0.0,2.881594109347029,0.9757051352961097,-0.6078322183894134,0.0,1.004193139453622,0.0,3.1985526799519377
0.37391716244758233,-0.11431726381335398,0.0,0.3739171624475823,0.0,0.9764688525218725,0.7941951765105326,-0.45930810388138665,0.0,0.7941951765105326,0.0,2.5070065607838377,0.520878996170408,-0.24216966052971473,0.0,0.549918077920473,0.0,1.741721271609335
0.3364253236706268,-0.07944756705574445,0.0,0.3364253236706267,0.0,0.8317457814527424,0.6369469250170882,-0.29029253548793627,0.0,0.6369469250170882,0.0,1.854478921010049,0.44553672087719154,-0.16111406717723387,0.0,0.4714779946413082,0.0,1.3431119715625772
0.41432659074683137,-0.11536810408316552,0.0,0.4143265907468313,0.0,1.0593893896599937,0.4207977536556764,-0.3189354343529839,0.0,0.42079775365567634,0.0,1.4794663760173212,0.4130163773328426,-0.21806524830457738,0.0,0.4072831617052022,0.0,1.2694278900572507
0.522846620172646,-0.04768499609152501,0.0,0.5228466201726462,0.0,1.141063232528342,0.7135073728862943,-0.2199730975868955,0.0,0.7135073728862943,0.0,1.8669609409463799,0.6041649475642635,-0.12360585244435725,0.0,0.611131346348258,0.0,1.5040086813764886
0.2727873152821851,-0.23312558114698198,0.0,0.2727873152821851,0.0,1.0118257928583354,1.2933571125109775,-0.5555728879819515,0.0,1.2933571125109777,0.0,3.697860000985859,0.45339038366778345,-0.33228701675087724,0.0,0.7623015647328322,0.0,2.354842912965707
0.945286683959471,-0.3852192749061034,0.0,0.9452866839594709,0.0,2.6610119177311478,0.32688729202975764,-0.27265376873340286,0.0,0.3268872920297576,0.0,1.1990821215263212,0.4791163043714555,-0.31792862538247396,0.0,0.6401468953647474,0.0,1.9300470442739661
2.0603906260890277,-0.19104668270253836,0.0,2.0603906260890277,0.0,4.5028746175831325,2.515168769912064,-0.30252256107545805,0.0,2.515168769912064,0.0,5.6353826619750444,2.2654623325482226,-0.24258452433404465,0.0,2.286880236205106,0.0,5.06912918594186
0.831043241867472,-0.16338273032640058,0.0,0.8310432418674721,0.0,1.988851944387745,0.7382279046103927,-0.45772098603028133,0.0,0.7382279046103928,0.0,2.391897781281348,0.7730390632997816,-0.31922433402900396,0.0,0.7747029908325138,0.0,2.19037449084991
0.3714775678184884,-0.05057403963178737,0.0,0.3714775678184884,0.0,0.8441032149005515,0.8130813008863232,-0.21853021728977906,0.0,0.8130813008863231,0.0,2.063223036352204,0.512850938718049,-0.11139176592484012,0.0,0.5839332828021808,0.0,1.4536617380730685
0.8218320317933332,-0.4160818916123319,0.0,0.8218320317933332,0.0,2.4758278468113297,0.4049340743407968,-0.14036061167999256,0.0,0.4049340743407968,0.0,1.090589372041579,0.5514861096905594,-0.24482629708381884,0.0,0.5917585255919778,0.0,1.7831963752887259
0.8248584753264189,-0.4660158338501184,0.0,0.8248584753264188,0.0,2.5817486183530747,1.0246369539346953,-0.9647561852485698,0.0,1.0246369539346953,0.0,3.978786278366533,0.9159771436537703,-0.6996569528113126,0.0,0.8913737712014927,0.0,3.2802674727992107
0.33411079658344583,-0.22576245549417456,0.0,0.3341107965834458,0.0,1.1197465041552408,1.5280808727394783,-0.08203369264945928,0.0,1.5280808727394786,0.0,3.2202291307778754,0.5271885239517841,-0.21269448996308382,0.0,0.9596749091122123,0.0,2.17000165234253
2.5120925615718535,-0.6332091523004414,0.0,2.5120925615718535,0.0,6.290603427744589,1.1640713622854966,-0.06380955156679291,0.0,1.1640713622854966,0.0,2.455761827704579,1.5979045597666,-0.2685276471297256,0.0,1.8089639946758218,0.0,4.373184498028886
0.2704250278159795,-0.263801779131555,0.0,0.2704250278159795,0.0,1.068453613895071,0.5093724356495766,-0.1221097306128564,0.0,0.5093724356495766,0.0,1.2629643325248658,0.33293784147588085,-0.21563442934436702,0.0,0.3980632812258532,0.0,1.165708981041467
0.3983961775477203,-0.17514953158976504,0.0,0.3983961775477203,0.0,1.1470914182749707,1.9777616137355198,-0.7340435588040799,0.0,1.9777616137355198,0.0,5.423610345079199,0.6801861819532508,-0.3282006099237588,0.0,1.1314037690229777,0.0,3.28535705614817
0.6101141620771858,-0.10342480115749678,0.0,0.6101141620771858,0.0,1.4270779264693652,0.9941526677060915,-0.33460339167452696,0.0,0.9941526677060913,0.0,2.657512118761236,0.7594281350071292,-0.19839486948653728,0.0,0.7912868752592684,0.0,2.0422947360509642
1.132462525117785,-0.9204104776836454,0.0,1.132462525117785,0.0,4.105746005602865,1.360992296640734,-0.12194465270651286,0.0,1.360992296640734,0.0,2.9658738986944932,1.1939182583175523,-0.558958478182661,0.0,1.2019635830613087,0.0,3.5358096278176756
0.2795730391174461,-0.2092431451415548,0.0,0.2795730391174461,0.0,0.9776323685180024,1.614039328316287,-0.4829525355102435,0.0,1.614039328316287,0.0,4.193983727653062,0.4739093575754488,-0.29747558285704156,0.0,0.9445904977293221,0.0,2.5858065885991834
1.1860699861557065,-0.5167857605957463,0.0,1.1860699861557067,0.0,3.4057114935029063,1.2340017786602768,-0.62148438035618,0.0,1.2340017786602768,0.0,3.710972318032914,1.209610797181385,-0.5684375453504596,0.0,1.2088400458373714,0.0,3.55834179772258
0.7400376367713846,-0.36807458406026694,0.0,0.7400376367713845,0.0,2.2162244416633032,1.5467328653798238,-1.3577038632850373,0.0,1.5467328653798238,0.0,5.808873457329721,1.0507889485419168,-0.7434375045369032,0.0,1.0098790373590059,0.0,4.012548978355993
0.5740355063198835,-0.04269616153728033,0.0,0.5740355063198834,0.0,1.2334633357143276,1.1202289258989513,-0.6907081584398764,0.0,1.1202289258989513,0.0,3.6218741686776563,0.7731896793125949,-0.289778007303977,0.0,0.7730575217450774,0.0,2.427641256770686
1.178796901221858,-0.6667766717429175,0.0,1.1787969012218582,0.0,3.691147145929551,1.6572165155750112,-0.20114982788768598,0.0,1.657216515575011,0.0,3.7167326869253947,1.3557091705870077,-0.46976734532963954,0.0,1.409372008949526,0.0,3.7039370157432687
2.07935723346935,-0.729478521990078,0.0,2.07935723346935,0.0,5.617671510918856,0.8767846963695182,-0.13811426836646,0.0,0.8767846963695182,0.0,2.029797929471956,1.247229020873995,-0.3448821216013033,0.0,1.436782203137799,0.0,3.823710680212735
1.561964564763315,-0.195362217935377,0.0,1.561964564763315,0.0,3.5146535653973836,2.013635145214898,-0.14343981609500103,0.0,2.013635145214898,0.0,4.314149922619799,1.75873663770511,-0.17258421687349415,0.0,1.7878542128997126,0.0,3.9144022978355952
0.8435275173500268,-0.8056688353955883,0.0,0.8435275173500267,0.0,3.2983927054912328,2.609460566036889,-0.4097847907575351,0.0,2.6094605660368884,0.0,6.038490713588848,1.1904905856448516,-0.7328741668194525,0.0,1.8074926730153422,0.0,4.668445976564465
0.5148963696447854,-0.1237029497791077,0.0,0.5148963696447854,0.0,1.277198638847786,0.9158247799771709,-0.10314269908123364,0.0,0.9158247799771709,0.0,2.037934958116809,0.6578772574374596,-0.11731161099255769,0.0,0.7160956954727715,0.0,1.6575653196299294
0.9400876045553385,-0.06380121757158164,0.0,0.9400876045553385,0.0,2.0077776442538404,1.438916489881391,-0.30592359807928965,0.0,1.4389164898813913,0.0,3.4896801759213627,1.138574670316794,-0.16518162016798688,0.0,1.1818274277842702,0.0,2.7487311797283094
0.6523902518617442,-0.4552810157145421,0.0,0.6523902518617442,0.0,2.215342535152572,0.8924783051232857,-0.1809891100896981,0.0,0.8924783051232859,0.0,2.1469348304259683,0.7379082045253412,-0.33814576806953306,0.0,0.7686818816187974,0.0,2.1811387728874645
0.5379719522467329,-0.2480241158651994,0.0,0.5379719522467328,0.0,1.5719921362238651,1.0617095854330825,-0.09030733900187309,0.0,1.0617095854330827,0.0,2.3040338488699117,0.7040635674923741,-0.19410141852892893,0.0,0.8019687949672575,0.0,1.938006340014676
0.5063447958591224,-0.03995460528346078,0.0,0.5063447958591224,0.0,1.0925988022851665,1.777152463944765,-0.9469063791524548,0.0,1.7771524639447651,0.0,5.448117686194438,0.8212390693825798,-0.3035162524108324,0.0,1.0163498966495104,0.0,3.2704605153675086
0.628563729341916,-0.5459663888946755,0.0,0.628563729341916,0.0,2.3490602364731847,1.7096240928964361,-0.6065745481105655,0.0,1.7096240928964361,0.0,4.632397282014003,0.8944126829686396,-0.5847194136231821,0.0,1.192135931446992,0.0,3.490728750627886
1.3855437790061425,-0.08991186850268768,0.0,1.3855437790061425,0.0,2.95091129501766,0.2772277160569694,-0.17399482239573646,0.0,0.2772277160569694,0.0,0.9024450769054116,0.447336583798004,-0.17376785451642865,0.0,0.854562032202968,0.0,1.9266624702430726
0.7988816785835625,-0.5917772263582747,0.0,0.7988816785835625,0.0,2.781317809883675,2.085638740612985,-0.25253155462374627,0.0,2.085638740612985,0.0,4.676340590473463,1.1091870372501307,-0.5034775539674438,0.0,1.4712731428238994,0.0,3.7288313033099647
0.9035205580490694,-0.24996244785521785,0.0,0.9035205580490694,0.0,2.306966011808574,0.44314208675899025,-0.3312527599117449,0.0,0.4431420867589903,0.0,1.5487896933414715,0.5797211494295929,-0.3076923522096544,0.0,0.6829901123695709,0.0,1.9278666124269614
1.9958027049086904,-0.9205893225106665,0.0,1.9958027049086904,0.0,5.832784054838714,1.2547314639253024,-0.155292322461107,0.0,1.2547314639253027,0.0,2.8200475727728187,1.5502282733985513,-0.47279510357648363,0.0,1.5713532771874497,0.0,4.326404682779315
0.4915461950605149,-0.42128637238824734,0.0,0.4915461950605149,0.0,1.8256651348975268,2.0948455503899743,-1.4190086605036571,0.0,2.0948455503899743,0.0,7.027708421787263,0.8491145431753027,-0.7019987709170665,0.0,1.1322360555603346,0.0,4.426686815586194
0.9370152443534085,-0.9109908809611043,0.0,0.9370152443534085,0.0,3.6960122506289963,0.7196629757303659,-0.1373578521987799,0.0,0.719662975730366,0.0,1.7140416558582916,0.8042046794592714,-0.49614246898637665,0.0,0.7416762690018054,0.0,2.705026973396732
1.1836599928438982,-0.14995840997140084,0.0,1.183659992843898,0.0,2.667236805630598,2.3781092977141935,-1.8116517250128057,0.0,2.3781092977141935,0.0,8.379522045453996,1.6298340785776197,-0.782389889423401,0.0,1.5530336342089748,0.0,5.523377580593867
0.6243666963373882,-0.42886781770734744,0.0,0.6243666963373882,0.0,2.1064690280894705,1.6489856087684627,-0.8763317852512499,0.0,1.6489856087684627,0.0,5.050634788039426,0.9196000746576253,-0.5868333686064833,0.0,1.1034469294178526,0.0,3.5785519234547825
1.0035709255766148,-0.27417133034265534,0.0,1.003570925576615,0.0,2.5554845118385408,0.30964237962362823,-0.060312916407103595,0.0,0.30964237962362823,0.0,0.7399105920614639,0.4781006194126548,-0.12690517617355762,0.0,0.6431076615425139,0.0,1.6476888976134232
2.5662718664539437,-0.8625254875149224,0.0,2.5662718664539432,0.0,6.857594707937732,1.0879647572241282,-0.28661461819224604,0.0,1.087964757224128,0.0,2.7491587508327484,1.5423690036083233,-0.49220828472090294,0.0,1.7935347734178313,0.0,4.8033906201711325
0.7492086117913415,-0.6401587549869091,0.0,0.7492086117913415,0.0,2.778734733556501,2.2659868131561196,-1.7869511154244233,0.0,2.2659868131561196,0.0,8.105875857161083,1.1952024946527464,-1.0115072185821798,0.0,1.3413302655626218,0.0,5.442305333416463
0.32364507357602795,-0.10877032077996672,0.0,0.323645073576028,0.0,0.8648307887119895,1.6023009442571747,-0.2631395291623341,0.0,1.6023009442571745,0.0,3.7308809468390174,0.5386497435548768,-0.15844325133239942,0.0,0.9607068270761381,0.0,2.297855073585508
1.0411200984119475,-0.2039858273081981,0.0,1.0411200984119475,0.0,2.490211851440291,1.0689529236006492,-0.20604765212230122,0.0,1.0689529236006492,0.0,2.550001151445901,1.0548520653568407,-0.20501089799807176,0.0,1.0550367372853633,0.0,2.5201065291764206
1.4810299251013206,-1.0082271281324604,0.0,1.4810299251013208,0.0,4.978514106467562,0.5038424355911127,-0.3157355797803837,0.0,0.5038424355911127,0.0,1.6391560307429933,0.7901393144248487,-0.5423271765562602,0.0,0.901211533952205,0.0,3.3088350924331973
0.6289752619315905,-0.041806747521911186,0.0,0.6289752619315906,0.0,1.3415640189070037,0.6651546119279805,-0.5519396422849464,0.0,0.6651546119279805,0.0,2.4341885084258528,0.6307712578055422,-0.2965924443229837,0.0,0.6021771552379926,0.0,1.8878760920679982
0.5482442554875774,-0.15272388862341205,0.0,0.5482442554875774,0.0,1.4019362882219788,1.9648303244030423,-0.28886291059738917,0.0,1.9648303244030425,0.0,4.507386470000863,0.8568289463343909,-0.20137256815016738,0.0,1.2558172413624926,0.0,2.954661755662794
0.7785440039133629,-0.05163605536083361,0.0,0.7785440039133629,0.0,1.6603601185483927,2.169226702864619,-1.1632787404209148,0.0,2.1692267028646195,0.0,6.665010886571069,1.180901145926364,-0.4105472191718628,0.0,1.3358650504138432,0.0,4.162726221922166
0.9407269591473032,-0.44913127223507243,0.0,0.9407269591473032,0.0,2.77971646276475,1.1937694929990132,-0.15388736084675123,0.0,1.1937694929990132,0.0,2.6953137076915286,1.0428559909021335,-0.31728652259143353,0.0,1.0610139759116637,0.0,2.737519769859526
0.5876493747635757,-0.35523535402145223,0.0,0.5876493747635757,0.0,1.8857694575700554,1.6008029657680416,-0.09713096683543247,0.0,1.6008029657680416,0.0,3.3958678652069474,0.834129464730938,-0.2874223334982646,0.0,1.1074276630180986,0.0,2.640818186984917
0.7275083262219738,-0.1699380819439587,0.0,0.7275083262219739,0.0,1.7948928163318651,1.7263631921211804,-0.15188626937943542,0.0,1.7263631921211806,0.0,3.756498923001232,1.0210094219935544,-0.16894427619536143,0.0,1.2289230883854114,0.0,2.775693941843097
1.6894775546276453,-1.2831478566961445,0.0,1.6894775546276455,0.0,5.9452508226475835,0.6024563277877443,-0.3933570162015358,0.0,0.6024563277877443,0.0,1.9916266879785596,0.9418369389354373,-0.6899959903987621,0.0,1.020101575559224,0.0,3.968438784397377
0.5292157931911318,-0.41209047778138236,0.0,0.5292157931911318,0.0,1.8826125419450288,1.3183592854613806,-0.5479234392232492,0.0,1.3183592854613806,0.0,3.7325654493692597,0.7472888340057393,-0.46854364706269636,0.0,0.928208129640033,0.0,2.8075902919178595
1.4056312187761453,-1.0927416095411218,0.0,1.4056312187761453,0.0,4.996745656634534,2.195023147945552,-1.5305662270666933,0.0,2.195023147945552,0.0,7.451178750024491,1.7236948056109573,-1.2802782629333096,0.0,1.7811384084555204,0.0,6.223962249696516
2.775505424866288,-1.3440034359277853,0.0,2.7755054248662874,0.0,8.239017721588146,0.5017909402334025,-0.08022278103385103,0.0,0.5017909402334024,0.0,1.1640274425345072,0.8978127001339262,-0.38331376724537636,0.0,1.4415588724059452,0.0,4.701547121162834
0.33816998320414426,-0.05040263845290545,0.0,0.3381699832041442,0.0,0.7771452433140996,1.8528647899031385,-0.6733433123820793,0.0,1.8528647899031383,0.0,5.052416204570436,0.5896974785397378,-0.20207346259299605,0.0,1.0217045917600216,0.0,2.9148187504540424
2.0579935493523296,-0.535903665399976,0.0,2.0579935493523296,0.0,5.187794429504612,1.4405116722135836,-0.10404049396161279,0.0,1.4405116722135836,0.0,3.0891043323503924,1.6966796189520896,-0.2903959770168518,0.0,1.7332755866003293,0.0,4.138442017776533
0.48379301200430463,-0.15016214798202135,0.0,0.48379301200430463,0.0,1.2679103199726518,0.9153835454046892,-0.37987734016465713,0.0,0.9153835454046894,0.0,2.5905217711386923,0.638813606050936,-0.2398105597583357,0.0,0.6862461168135228,0.0,1.929222198636511
0.994962725939565,-0.10201075664692935,0.0,0.994962725939565,0.0,2.1939469651729886,1.5157631120841064,-0.3146744289933787,0.0,1.5157631120841062,0.0,3.6608750821549694,1.202904413730444,-0.19154687906198012,0.0,1.2495178339979023,0.0,2.9274130151309987
1.8140084093116768,-0.17755019838267388,0.0,1.814008409311677,0.0,3.983117215388702,1.0345360935272134,-0.8762540447166924,0.0,1.0345360935272134,0.0,3.82158027648781,1.2509968837773093,-0.6180200151486548,0.0,1.422219191827785,0.0,3.902347371788196
1.130315909142635,-0.5038123243170709,0.0,1.130315909142635,0.0,3.2682564669194116,0.5943864773426587,-0.3406784681282263,0.0,0.5943864773426587,0.0,1.87012989094177,0.7809639126518859,-0.40692001713917847,0.0,0.8574620169348953,0.0,2.569193049359889
2.476658794128088,-1.919396513757334,0.0,2.476658794128088,0.0,8.792110615770838,1.100830652045176,-0.7415554503353354,0.0,1.100830652045176,0.0,3.684772204761022,1.5865300672429925,-1.173643821631234,0.0,1.651932303144882,0.0,6.238441456829592
0.3128414404779172,-0.24277649268173498,0.0,0.3128414404779172,0.0,1.111235866319304,0.7174678347312041,-0.43417822472261436,0.0,0.7174678347312041,0.0,2.303292118907636,0.4413172415921485,-0.3140877848855024,0.0,0.5020474547187687,0.0,1.7072640049726597
0.9935089444263899,-0.06925572413467325,0.0,0.9935089444263899,0.0,2.1255293371221264,1.029595914692717,-0.06435589431144892,0.0,1.029595914692717,0.0,2.1879036180083316,1.0112257948964092,-0.06684585078597532,0.0,1.0115512590324411,0.0,2.156716501871481
0.3530244883390659,-0.12875953825861716,0.0,0.35302448833906597,0.0,0.9635680531953664,2.7104032264095967,-0.6765418237163713,0.0,2.7104032264095967,0.0,6.773890100251936,0.6346030084127977,-0.26432753367818623,0.0,1.486296331271971,0.0,3.8687410510635996
2.8270477749622343,-0.6583649177139824,0.0,2.8270477749622343,0.0,6.970825385352433,1.4763471836318016,-1.0784338269072444,0.0,1.4763471836318014,0.0,5.109562021078088,1.8873828441523863,-0.9380153080633491,0.0,2.177261203697014,0.0,6.040192208107516
1.5992283701014576,-0.2393994088881219,0.0,1.5992283701014578,0.0,3.677255557979159,0.3992244643405126,-0.252980278554569,0.0,0.3992244643405126,0.0,1.3044094857901631,0.6233915242517674,-0.26932678987982117,0.0,1.0198366876529652,0.0,2.4908321285459265
1.3747155159714772,-0.5334169844188585,0.0,1.3747155159714772,0.0,3.8162650007806715,0.7309304964628838,-0.17104747625352154,0.0,0.7309304964628839,0.0,1.8039559454328105,0.9624659447569615,-0.3119201172001833,0.0,1.0314483582551173,0.0,2.8101102703067977
1.0326528056135327,-0.0631907940132644,0.0,1.032652805613533,0.0,2.1916871992535945,0.5004988662701254,-0.3624251747300258,0.0,0.5004988662701253,0.0,1.725848082000303,0.6467810083101394,-0.26222356996351615,0.0,0.7698177061631997,0.0,1.9587569083282792
0.2750019919809603,-0.23848602669323474,0.0,0.27500199198096026,0.0,1.0269760373483894,2.050734588058986,-1.9443358470113248,0.0,2.050734588058986,0.0,7.990140870140652,0.6252646917510142,-0.5875506637039727,0.0,0.6673379954797415,0.0,4.5085584638996945
1.2997921437734088,-0.6646530311146708,0.0,1.2997921437734088,0.0,3.9288903497761614,2.747495490075219,-0.6554227086063449,0.0,2.747495490075219,0.0,6.805836397363127,1.7494294381358715,-0.674613661807949,0.0,2.035019445230062,0.0,5.367354628962412
0.45129039474798505,-0.15249301832751364,0.0,0.45129039474798505,0.0,1.2075668261509978,0.5977860604157602,-0.08398248939075628,0.0,0.5977860604157603,0.0,1.3635370996130332,0.5125080796867381,-0.12259876194409186,0.0,0.5242414181866067,0.0,1.2855506546466795
0.8789589597770017,-0.26187072222294866,0.0,0.8789589597770017,0.0,2.2816593639999008,1.0180939582413515,-0.10861355858889286,0.0,1.0180939582413515,0.0,2.253415033660489,0.9411706943275556,-0.19018553054595455,0.0,0.9461656821810425,0.0,2.26753816317127
0.8399758203278154,-0.06011060155233699,0.0,0.8399758203278154,0.0,1.8001728437603042,0.6570212206985059,-0.07897547305002733,0.0,0.657021220698506,0.0,1.4719933874970668,0.7371316341429573,-0.07067644001055606,0.0,0.7485250821192936,0.0,1.6360829210475507
0.884359569858512,-0.7584208584879129,0.0,0.884359569858512,0.0,3.2855608566928463,0.8612248236152515,-0.39092375879404545,0.0,0.8612248236152515,0.0,2.504297164818594,0.8653018250323177,-0.5757426644521334,0.0,0.8578622582898703,0.0,2.8949290323252512
0.3749046979009452,-0.06691647255962446,0.0,0.3749046979009452,0.0,0.8836423409211392,0.4320969503799995,-0.38786365850473453,0.0,0.43209695037999946,0.0,1.639921217769471,0.39454479181727153,-0.2223557791860856,0.0,0.37448023243296,0.0,1.2617817889285885
1.8535605236255213,-0.8754399354158692,0.0,1.853560523625521,0.0,5.4580009180827815,1.0630763943042325,-0.38695329839930726,0.0,1.0630763943042325,0.0,2.90005938540708,1.3637931363244276,-0.5843475659662771,0.0,1.429795345503751,0.0,4.1790207681115845
0.8708136418283291,-0.38743076810698296,0.0,0.8708136418283292,0.0,2.5164888198706237,0.44666640982914024,-0.2443947631188192,0.0,0.4466664098291402,0.0,1.382122345895919,0.5929362112178518,-0.3014671550396489,0.0,0.653367683050125,0.0,1.949306509904708
1.1513249451175185,-0.06501109359686526,0.0,1.1513249451175183,0.0,2.432672077428767,0.8648719263676816,-0.13320572899118832,0.0,0.8648719263676815,0.0,1.9961553107177394,0.9869324552023121,-0.10349382864779368,0.0,1.0078390916235402,0.0,2.214412942264342
1.4387519771942066,-0.18153444127590765,0.0,1.438751977194207,0.0,3.240572836940229,2.215095141160776,-2.124132095983412,0.0,2.215095141160776,0.0,8.678454474288355,1.7519353461428866,-1.0227165440535106,0.0,1.5606249214746255,0.0,5.9595137000658465
1.1117011096593545,-1.064700007375775,0.0,1.1117011096593545,0.0,4.352802234070271,1.9454916414343122,-1.2972954129085206,0.0,1.9454916414343122,0.0,6.4855741086856655,1.4069277042671353,-1.1653539031919122,0.0,1.5290803839368916,0.0,5.419188211753544
0.5928174104838938,-0.3691484750858692,0.0,0.5928174104838937,0.0,1.9239317711395258,0.767013261942842,-0.6266567549607566,0.0,0.767013261942842,0.0,2.787340033807195,0.6730984832733684,-0.4869952023569999,0.0,0.6657102846246521,0.0,2.355635920010345
1.3403556535577061,-1.2740021725183606,0.0,1.3403556535577064,0.0,5.228715652152135,0.32835608388801396,-0.060784089841582394,0.0,0.32835608388801396,0.0,0.7782803474591927,0.6230875618299843,-0.4013672937038639,0.0,0.5502733661027417,0.0,3.0034980123421255
0.8120775763595357,-0.3796483869716547,0.0,0.8120775763595356,0.0,2.3834519266623806,3.0352692050952226,-0.6330997720880969,0.0,3.035269205095222,0.0,7.3367379543666384,1.2752826948658402,-0.47567429699357155,0.0,1.9282043906318647,0.0,4.8600974159518975
2.2071028764099805,-1.8829963420079818,0.0,2.2071028764099805,0.0,8.18019843683593,1.3590332516593249,-0.20689097595706726,0.0,1.3590332516593249,0.0,3.1318484552327845,1.706136741623238,-0.911059768495844,0.0,1.569699704747271,0.0,5.656023477543588
0.3309945521085764,-0.12911963507505228,0.0,0.3309945521085764,0.0,0.9202283743672572,0.3728396777121017,-0.32664549700280543,0.0,0.3728396777121017,0.0,1.3989703494298154,0.34818208288709124,-0.2252200353913433,0.0,0.339563915682685,0.0,1.1595993705362058
1.0541333873677978,-0.7931751669190824,0.0,1.0541333873677978,0.0,3.6946171085737585,1.0985982631590012,-0.06527849423092297,0.0,1.0985982631590012,0.0,2.3277535147798485,1.0502669939482132,-0.4415530098802485,0.0,1.0238970019843276,0.0,3.011183436164164
