0.31965889901172645,-0.17076786910653863,0.0,0.3196588990117265,0.0,0.9808535362365303,0.37748655625552385,-0.03484461000540744,0.0,0.3774865562555238,0.0,0.8246623325218625,0.3546517930539462,-0.08088794879278668,0.00130524329271301,0.35455283295590007,0.0007864012530568494,0.8730825608405411
0.9452213016698565,-0.8082058221959083,0.0,0.9452213016698564,0.0,3.506854247731529,0.6427260396736587,-0.2440664454948661,0.0,0.6427260396736588,0.0,1.7735849703370499,0.7109370635686117,-0.4013971058132558,0.0076929823442432035,0.7101043721755663,-0.003607417857369584,2.2098810818268833
2.013613993238011,-1.77595089188916,0.0,2.013613993238011,0.0,7.579129770254348,2.087027711483672,-0.5504815412456935,0.0,2.087027711483672,0.0,5.275018505458731,2.012016498498148,-0.9531492643485137,0.00997191892339232,2.0104934449348777,0.002659587438998008,5.939097123389919
1.051489374181665,-0.6518160172736727,0.0,1.051489374181665,0.0,3.4066107829106778,0.8723107226957596,-0.5657324830847082,0.0,0.8723107226957597,0.0,2.8760864115609364,0.9249367641435595,-0.5908133565085246,0.0002888316160517224,0.9250304531994282,-0.0011013547725128334,3.0337567397762935
2.6923324401642206,-0.5085859434440745,0.0,2.692332440164221,0.0,6.401836767216591,0.7254023470898912,-0.19755814634685637,0.0,0.7254023470898912,0.0,1.845920986873495,1.1372377378753262,-0.2893447757880989,0.012964238308321895,1.1523706211110063,-0.0243029561290123,2.7653574038485123
2.51833739614866,-0.8579042129922403,0.0,2.51833739614866,0.0,6.7524832182818,0.38833094159005604,-0.14708342046715644,0.0,0.3883309415900561,0.0,1.070828724114425,0.7426595136912081,-0.2726154010211362,0.021858917418811664,0.7667478540301387,-0.03419022357260623,1.8649760496759908
0.9521704170410507,-0.19322515361920295,0.0,0.9521704170410507,0.0,2.2907911413205073,1.9795441819620492,-1.0055064937696405,0.0,1.9795441819620496,0.0,5.97010135146338,1.6209227124204801,-0.7149736644794196,0.011900587105552978,1.621620908495278,-0.012214863662470429,4.504007131213269
1.2684061380149025,-0.4411715309352423,0.0,1.2684061380149025,0.0,3.419155337900289,1.8977338245196713,-0.9092739092586138,0.0,1.8977338245196713,0.0,5.614015467556572,1.6901743629358255,-0.7522584906459902,0.0037740453841393477,1.6904963531611878,-0.0034689706680677925,4.819156820915837
2.343363046952456,-0.638320970349967,0.0,2.343363046952456,0.0,5.963368034604845,1.3194495099469408,-0.455284220089936,0.0,1.3194495099469408,0.0,3.5494674600737537,1.5930925117392583,-0.5102307380781578,0.0025801044111207596,1.5956722551346894,-0.007692747002770002,4.200771658495157
2.498245518270391,-0.27142706645219616,0.0,2.498245518270391,0.0,5.539345169445174,0.814466611234527,-0.08055080908012405,0.0,0.8144666112345269,0.0,1.790034840629302,1.191483997904945,-0.1480084376684812,0.008659964321963209,1.2020968315130405,-0.017684371543944113,2.62616701514669
1.9052702651102584,-1.5851648666970546,0.0,1.9052702651102584,0.0,6.980870263614631,0.32504030867512507,-0.261942245843709,0.0,0.325040308675125,0.0,1.1739651090376684,0.5816561248937248,-0.45461980020334847,0.027861848806812202,0.5860885662014623,-0.0323291475794452,1.8897219178195588
0.6880848072563929,-0.6572183418838881,0.0,0.6880848072563928,0.0,2.690606298280555,0.6533641119496535,-0.14983422648749853,0.0,0.6533641119496535,0.0,1.6063966768743037,0.6380655527696726,-0.31422065153180584,0.006987672292446992,0.6373484555703639,0.0008612453287183617,1.9040374892692034
0.5541939240379848,-0.3759013491228128,0.0,0.5541939240379848,0.0,1.8601905463215953,1.909476235713879,-0.15540070225131888,0.0,1.9094762357138795,0.0,4.129753875930397,1.4010380720903173,-0.2834298811603259,0.003097970010243001,1.4016424728184809,-0.0036534267663851415,3.2593532107901293
0.44358982140348563,-0.17369818573771795,0.0,0.4435898214034857,0.0,1.234576014282407,0.6193648246892807,-0.41463689291661926,0.0,0.6193648246892807,0.0,2.0680034352118,0.5588893320275857,-0.33478246407725387,0.0009051331945912987,0.5587225707280468,-0.0011029285328345816,1.7629807189164497
1.0839227074271056,-0.17757381499025568,0.0,1.0839227074271056,0.0,2.5229930448347226,0.40688873750781207,-0.3959878689606847,0.0,0.4068887375078121,0.0,1.6057532129369965,0.5519155521779241,-0.3710693658865699,-0.0002993974356998436,0.5554656141304839,-0.004774084422442005,1.838399770990989
2.094288697796012,-0.7904060134518537,0.0,2.0942886977960122,0.0,5.76938942249573,0.44460957345560853,-0.3362890699706937,0.0,0.44460957345560853,0.0,1.5617972868526038,0.7601250699454265,-0.4344145701922621,0.014715714181908519,0.7750977827269006,-0.025474098234017764,2.2809575264109307
0.3460038184306132,-0.10490312797326967,0.0,0.3460038184306131,0.0,0.9018138928077658,0.42710601986848146,-0.2922760808213261,0.0,0.42710601986848146,0.0,1.4387642013796154,0.39750030339819103,-0.2322535410231178,0.00030905272178755836,0.39723657129244294,-0.0006742555321600314,1.24496011019055
0.8935087884359971,-0.7336558588780234,0.0,0.8935087884359971,0.0,3.2543292946280435,0.513009562786636,-0.21027894538224523,0.0,0.513009562786636,0.0,1.4465770163377627,0.6025353674658588,-0.3465195645579816,0.007790635557965198,0.6019256731155584,-0.0055304902784919785,1.8751533249970163
0.48120557071613446,-0.05242499733486358,0.0,0.48120557071613435,0.0,1.067261136101996,1.0921323982654725,-0.2331856471690334,0.0,1.0921323982654725,0.0,2.6506360908690114,0.8826536741051499,-0.17227968693666426,0.0028004399137384214,0.8834808685533584,-0.002618613684725291,2.0370931281403353
0.5663864584715991,-0.3427399846759526,0.0,0.5663864584715991,0.0,1.8182528862951037,0.341490890670573,-0.2901918508340778,0.0,0.341490890670573,0.0,1.2633654830093033,0.40285303505337033,-0.305225985873852,0.0006180207915114564,0.4033211892113654,-0.002255136894255447,1.4132693553894713
1.885206068283211,-1.085191962167339,0.0,1.8852060682832115,0.0,5.940796060901102,0.3229899638229955,-0.09652715882030982,0.0,0.32298996382299555,0.0,0.8390342452866105,0.5921188078951081,-0.24594117938647608,0.021705922091198027,0.6021020991313671,-0.02861977828957427,1.520611468733144
0.6288436655027955,-0.30303997926812665,0.0,0.6288436655027954,0.0,1.8637672895418438,1.2508797352424421,-0.5412881662149437,0.0,1.250879735242442,0.0,3.5843358029147714,1.0406316490528542,-0.45986402537138954,0.003215141516053354,1.0414150509510514,-0.0026095295953537804,2.937820137226168
0.3554663601589068,-0.21125033084971837,0.0,0.3554663601589068,0.0,1.13343338201725,0.3477989604214397,-0.07038267596963287,0.0,0.3477989604214397,0.0,0.8363632727821451,0.3466006691160203,-0.11449546011904693,0.0013764877056993193,0.3464486560730131,0.00015647667925544796,0.9240939369712414
2.4732060194698766,-0.29696782425407514,0.0,2.4732060194698766,0.0,5.540347687447904,0.46508774376463086,-0.31768674275463327,0.0,0.4650877437646308,0.0,1.565548973038528,0.8165814775750174,-0.3682379513022386,0.011684729078730785,0.839491148435395,-0.02481305407294582,2.277531138436453
2.464370535504809,-0.8054773972609721,0.0,2.464370535504809,0.0,6.539695865531562,2.3708974942184655,-0.7570645431016347,0.0,2.3708974942184655,0.0,6.2559240746402,2.3991901387015706,-0.7716911552211144,1.7190794482414806e-05,2.3991991064157596,-0.00016442169056024027,6.345445889915953
1.331313235028609,-0.4924377059746043,0.0,1.331313235028609,0.0,3.6475018820064267,1.1653503230888065,-0.9512363159262935,0.0,1.1653503230888065,0.0,4.233173278030199,1.2024474099227915,-0.8219874320853907,-0.0013716604396324594,1.2018348836668353,-0.0018086703974028709,4.040670348713605
2.099410213153378,-1.8106094303944262,0.0,2.099410213153378,0.0,7.820039287095609,1.1299780639580705,-0.24662204048477102,0.0,1.1299780639580703,0.0,2.753200208885683,1.3275521910162473,-0.6533644241257438,0.024480445144565006,1.3249373905792519,-0.01449591776392353,3.881174428747693
2.0336552504387595,-0.1418393041939417,0.0,2.0336552504387595,0.0,4.350989109265403,0.8375680670793725,-0.15455018554041466,0.0,0.8375680670793724,0.0,1.984236505239574,1.1240142142427911,-0.17311745379822854,0.0030323411565958626,1.1297000680994078,-0.00979447930454962,2.578515088786872
0.4943836759503002,-0.3634890977651279,0.0,0.4943836759503002,0.0,1.7157455474308558,0.5948931606621184,-0.2647434293424464,0.0,0.5948931606621185,0.0,1.7192731800091297,0.5611103439040248,-0.2979872977873513,0.0008793187858830525,0.5611119765922026,0.0008868703654682781,1.7181502744734432
0.5588025842212669,-0.3868532461409808,0.0,0.5588025842212669,0.0,1.8913116607244957,0.3186502512495498,-0.0930592636361744,0.0,0.3186502512495498,0.0,0.8234190297714484,0.3774222117283321,-0.16882926438476073,0.004202937743113622,0.37719013001544605,-0.003423762237581461,1.0803307663550614
1.3168583224533617,-0.17740706841473866,0.0,1.3168583224533617,0.0,2.988530781736201,0.9164668336579443,-0.3953098370875532,0.0,0.9164668336579443,0.0,2.6235533414909953,1.0232930421214566,-0.34249709130140266,-0.001311908441126653,1.0237487749328331,-0.0019410434238375377,2.734811161621042
2.7682857415250623,-1.2717445751134513,0.0,2.768285741525063,0.0,8.080060633277029,2.5582987382530225,-0.9519706503536816,0.0,2.558298738253022,0.0,7.020538777213407,2.619995384005207,-1.0475079950859862,0.0009518608626422599,2.6199226404143032,-0.0004924496282457046,7.344533196724845
1.040654636042228,-0.5175329557532512,0.0,1.0406546360422277,0.0,3.116375183590958,1.0667969769925407,-0.3122299066333781,0.0,1.0667969769925405,0.0,2.758053767251837,1.0560370323346409,-0.37647171755038755,0.0012395932763988222,1.055920551674322,0.0005350970170329925,2.8689136377807682
2.1796309422236493,-0.26483392572501546,0.0,2.1796309422236493,0.0,4.888929735897329,0.5843206248175938,-0.12326949673677316,0.0,0.5843206248175938,0.0,1.4151802431087344,0.9150800762457135,-0.1813911976677332,0.00887359290170626,0.9277966888030386,-0.018292640783072,2.1301533302380404
1.6797064991599795,-1.0592127369355298,0.0,1.6797064991599797,0.0,5.477838472191018,1.043110920676953,-0.3037783859906612,0.0,1.0431109206769529,0.0,2.693778613335228,1.2060402079206436,-0.503855193394611,0.008722626218227789,1.2056072691807629,-0.0073767221302678074,3.397827976773777
0.4961984771356864,-0.22162642540024863,0.0,0.4961984771356865,0.0,1.43564980507187,1.6202559177453424,-1.43642216573749,0.0,1.6202559177453424,0.0,6.113356166965655,1.1747391316535112,-0.9634423912059489,0.03015491503164441,1.1742138514496157,-0.029398741743239667,3.9668583060451033
0.34943191051421213,-0.15281640969339708,0.0,0.34943191051421224,0.0,1.0044966404152182,1.420386096357023,-0.1653413086188555,0.0,1.420386096357023,0.0,3.1714548099517574,1.025592830477513,-0.18604151106035025,0.003000696481963967,1.0261827172505746,-0.005588062594498403,2.2977369967188936
1.5464399438454375,-0.3382971365248111,0.0,1.5464399438454375,0.0,3.769474160740497,2.2161337753396744,-1.697984486332808,0.0,2.2161337753396744,0.0,7.828236523344964,1.95800658145292,-1.2453825509145189,0.013451928843680397,1.9553422633854978,-0.013618016242653713,6.25871744718323
1.1536019806479176,-0.8210228214602667,0.0,1.1536019806479176,0.0,3.9492496042163676,0.9214204788155343,-0.16489295290970216,0.0,0.9214204788155342,0.0,2.1726268634504726,0.9683014090461052,-0.358943924609567,0.007292931762233057,0.9673241178404876,-0.0018717018072226725,2.6499221392688854
0.3823145478903342,-0.020560370615148392,0.0,0.3823145478903342,0.0,0.8057498370109651,1.2682788503103068,-0.693763802528391,0.0,1.2682788503103066,0.0,3.924085305677396,0.9417434327904229,-0.43598141036486443,0.013528470940010981,0.9425862634975343,-0.014864570197908551,2.550908099804241
0.44052616968474234,-0.24066528063638268,0.0,0.44052616968474234,0.0,1.3623829006422503,0.30518495376638105,-0.12682487033357892,0.0,0.30518495376638105,0.0,0.86401964819992,0.342740264652356,-0.1579707752264091,0.001131541729180516,0.34279407708897996,-0.0013630918797093176,1.0004092735910355
0.4786043941338226,-0.4123284307244055,0.0,0.4786043941338227,0.0,1.781865649716457,1.2502239851433996,-0.18848306446388016,0.0,1.2502239851433996,0.0,2.8774140992145596,0.9627715182601859,-0.2970827557509137,0.0022912535521589653,0.9632712071385655,0.001249723683582074,2.4795143485991082
1.407982163689417,-0.3599784642176987,0.0,1.407982163689417,0.0,3.5359212558142317,1.2610208678376933,-0.5004426870960897,0.0,1.261020867837693,0.0,3.522927109867565,1.3032754884220363,-0.46016541509314884,-0.0007161961599773371,1.303280712710776,-0.0007257468459461782,3.5270546931549727
1.2918717874906864,-0.5682966637062299,0.0,1.2918717874906862,0.0,3.720336902393832,0.3099085077981216,-0.2663460099111506,0.0,0.30990850779812157,0.0,1.1525090354185445,0.5072704550281583,-0.3312320427653419,0.008619985088141399,0.5149928184242452,-0.015171289969234916,1.6137037350672248
0.47171843934941177,-0.3373445865505223,0.0,0.47171843934941177,0.0,1.618126051799868,0.39200578409980796,-0.02153850195910021,0.0,0.392005784099808,0.0,0.8270885721178163,0.4024333765941088,-0.11780074985755862,0.004243821293394607,0.40192374007717957,-0.0005405263060650086,1.038573568760452
1.8959247206259864,-0.28743904909803686,0.0,1.8959247206259864,0.0,4.366727539448047,0.47854409465942155,-0.19263568311800278,0.0,0.47854409465942144,0.0,1.342359555554848,0.7644928995775797,-0.2400637749518523,0.007780474133525047,0.7766251746454247,-0.016734840711834505,1.9509007833593175
0.3605554694856544,-0.1625819165159773,0.0,0.3605554694856545,0.0,1.0462747720032635,0.3482007550073377,-0.18357204125465268,0.0,0.34820075500733766,0.0,1.0635455925239812,0.35183542322508315,-0.17729653280507246,-0.0001387572300352071,0.3518325603255568,-0.00010610937155420292,1.0580512814312735
0.3205324084802301,-0.12145902962705818,0.0,0.3205324084802301,0.0,0.8839828762145767,0.5446014228048722,-0.2675975067374079,0.0,0.5446014228048722,0.0,1.6243978590845607,0.46960408157542255,-0.21747196776511024,0.0008791221856115995,0.4697829008717471,-0.0006720107261487778,1.348947668477429
1.719118430428251,-0.4836124240634908,0.0,1.719118430428251,0.0,4.405461708983483,0.36717478643964124,-0.15996985782538442,0.0,0.36717478643964124,0.0,1.054289288530051,0.6264287072064396,-0.23460557776770824,0.01113126586908111,0.6389225854975435,-0.019485072279384844,1.6395139502206337
0.3669370657902507,-0.08006715569619399,0.0,0.3669370657902507,0.0,0.8940084429728895,0.24526714053480694,-0.2372501108940348,0.0,0.24526714053480694,0.0,0.9650345028576804,0.27305506888257597,-0.19903825481230566,-0.0004530381505263995,0.2728932082921976,-0.0008496324212741334,0.942418777877977
0.8042588358382099,-0.5498742535805983,0.0,0.80425883583821,0.0,2.708266178837616,0.3331097545091087,-0.06319982348850973,0.0,0.3331097545091086,0.0,0.7926191559952368,0.439129742454151,-0.17395758692448504,0.00827813841827281,0.43902265313158595,-0.00803740401983058,1.188557414861847
0.3790455587329104,-0.23131423311733854,0.0,0.3790455587329104,0.0,1.2207195837004974,1.2380498129368547,-0.7464982389559383,0.0,1.2380498129368547,0.0,3.9690961037855854,0.9287441931751808,-0.5520992908421956,0.009355764871597106,0.9298288702767757,-0.011125518940695904,2.808226666720404
1.424998077822863,-0.6794997929719245,0.0,1.4249980778228628,0.0,4.2089957415895745,1.0502147817477137,-0.5864827329539961,0.0,1.0502147817477137,0.0,3.2733950294034186,1.1574885621911455,-0.6137981133994964,0.000240251476064913,1.1579119664355844,-0.0024685784300461783,3.545059385561774
1.045635797449014,-0.10634662093669045,0.0,1.045635797449014,0.0,2.303964836771409,1.6537163538246933,-0.2686377234526723,0.0,1.6537163538246933,0.0,3.8447081545547306,1.4540401932714726,-0.2164997776991497,0.001996811030486023,1.4546708654926632,-0.0013241867472780393,3.289480477849973
0.7844172960690046,-0.0978759435878212,0.0,0.7844172960690047,0.0,1.7645864793136519,1.0952875508990356,-0.20385016299713896,0.0,1.0952875508990356,0.0,2.598275427792349,0.9950505331652034,-0.16969788385819187,0.000798144611346764,0.9952994220548881,-0.00010262035116202874,2.3052462733143178
0.5016689177717941,-0.0690877081946284,0.0,0.5016689177717941,0.0,1.1415132519328453,0.6110412634597594,-0.11551256237600513,0.0,0.6110412634597594,0.0,1.453107651671529,0.5765106455667341,-0.10077239723499838,0.00013175699722714457,0.5765635153616394,0.00020510829467071008,1.3470035412418657
0.6097786180849804,-0.07680094870329005,0.0,0.6097786180849805,0.0,1.373159133576541,0.46790442946433397,-0.38393822488357565,0.0,0.46790442946433397,0.0,1.7036853086958201,0.49603515854541086,-0.30321645839603223,-0.0008238859765437697,0.4953791001924812,-0.0010513103449559921,1.5929676287701378
0.6493732804466792,-0.6276404069246714,0.0,0.6493732804466792,0.0,2.554027374742699,1.401662617830742,-1.1686432570104544,0.0,1.401662617830742,0.0,5.140611749682393,1.1366219845078367,-0.9731073582277442,0.006718171806854464,1.1372447442124993,-0.006832411914555833,4.127658238025649
0.7935570223261135,-0.7651792157913384,0.0,0.7935570223261135,0.0,3.1174724762349193,0.3156853012814581,-0.07106332792997665,0.0,0.31568530128145805,0.0,0.7734972584228694,0.39937103575037763,-0.23439271190845878,0.01459573781122872,0.39823747400257065,-0.00927580927853124,1.2122433421662326
1.607604515500066,-0.5802983859887602,0.0,1.607604515500066,0.0,4.375805802977654,2.2677887708151476,-0.826452457429452,0.0,2.2677887708151476,0.0,6.188482456489199,2.0545747874584097,-0.7466243502700068,0.0023233790216758117,2.055107558474144,-0.001473304091174141,5.555400432977501
0.3471474399344076,-0.21639593239125368,0.0,0.34714743993440766,0.0,1.1270867446513224,0.4178072275402468,-0.17441682062987784,0.0,0.41780722754024674,0.0,1.184448096340249,0.39480995097766647,-0.18857265239032522,0.0004057545707872771,0.394833042831276,0.0005209157029889512,1.1658931900843301
1.4143996259557496,-1.112427192550594,0.0,1.4143996259557494,0.0,5.053653637012689,0.512083800593591,-0.07713938411999602,0.0,0.5120838005935912,0.0,1.178446369427174,0.6946231985226369,-0.3025853321873865,0.019319177139537975,0.6936184386626437,-0.016925132049973802,1.9022776791878908
1.2620602368755356,-0.6317672358632446,0.0,1.2620602368755354,0.0,3.78765494547756,0.7947604724773688,-0.7420850482145073,0.0,0.7947604724773688,0.0,3.073691041383755,0.9191736226512937,-0.71991449075746,-0.0011313450906115965,0.9201052717087853,-0.00324876877268275,3.2776417519704144
0.48335840117809564,-0.17318982822729692,0.0,0.48335840117809564,0.0,1.313096458810785,0.35972462341641015,-0.06264833570316417,0.0,0.35972462341641015,0.0,0.8447459182391488,0.3945998964610241,-0.09358256843009237,0.0009194450089287497,0.3946261310166266,-0.0010467657192199686,0.9775203644116687
0.6912079046429992,-0.5391472442130308,0.0,0.6912079046429991,0.0,2.4607102977120587,0.7026822730921187,-0.3885405741715792,0.0,0.7026822730921187,0.0,2.1824456945273956,0.6969989962280132,-0.4355935836315558,0.0011741626493886506,0.69690401521477,0.0004117289220192092,2.2672568206491066
0.5717086131595752,-0.39604784923465586,0.0,0.5717086131595753,0.0,1.9355129247884624,0.7194291807962294,-0.15975222206671416,0.0,0.7194291807962294,0.0,1.758362805725887,0.6639382900321743,-0.24186098788820917,0.0021493694956073155,0.6638238314270902,0.0016839593870454576,1.8139755960875832
0.4940716367473418,-0.16700405194794665,0.0,0.4940716367473418,0.0,1.3221513773905769,2.3801726914443426,-0.22073002414359816,0.0,2.380172691444343,0.0,5.201805431175883,1.6781865555997217,-0.24613810724146143,0.006888877381688736,1.678650234742058,-0.014516921471210517,3.5975029377748715
1.0464252237630594,-0.8047959990444054,0.0,1.0464252237630594,0.0,3.7024424456149294,0.9036281280356875,-0.20080267165574503,0.0,0.9036281280356876,0.0,2.2088615993828657,0.925026051856928,-0.38510079585431545,0.006667309013198432,0.9241365409745435,-0.0006010351155196162,2.619131744689415
0.30857362849974557,-0.1079314738928601,0.0,0.3085736284997455,0.0,0.8330102047852115,0.3162512650879675,-0.07039550851911693,0.0,0.3162512650879675,0.0,0.7732935472141689,0.31357715662906144,-0.08206703946009442,0.00026265795876775216,0.3135637810792186,0.00011697724390332796,0.7920937134359208
0.27527674043730177,-0.18538740333051415,0.0,0.27527674043730177,0.0,0.9213282875356322,1.400701726460594,-0.3729616691395502,0.0,1.400701726460594,0.0,3.5473267912002884,0.987146047752069,-0.3182223293145564,0.004559078798740302,0.9877516064200115,-0.010359779726902864,2.441270542295633
1.2972580861389063,-0.8563851113884647,0.0,1.2972580861389063,0.0,4.30728639505474,0.9834130896230029,-0.9447117451770068,0.0,0.9834130896230029,0.0,3.856249669600015,1.071740403794762,-0.9229787081257631,-0.0007427506091812719,1.072068580686466,-0.0024106170557439783,3.990115066927184
1.5939133360500501,-0.8780229259816824,0.0,1.59391333605005,0.0,4.943872524063466,2.9658897467246583,-0.9357409960012679,0.0,2.9658897467246588,0.0,7.803261485451853,2.5012688156660476,-0.9311853811189971,0.0046419494368856095,2.5029187901369427,-0.00352590685231496,6.775564295853068
1.3933958990407855,-0.4493102742081668,0.0,1.3933958990407853,0.0,3.685412346497905,0.7429930976237771,-0.2933478756970571,0.0,0.7429930976237771,0.0,2.072681946641669,0.9146315414765857,-0.33722507824116477,0.002024888443853245,0.9164021242514031,-0.005970329324677899,2.4957222185864283
0.3989954467579674,-0.16239152913510432,0.0,0.39899544675796733,0.0,1.1227739517861435,2.1558126937488202,-1.2127749919921753,0.0,2.1558126937488202,0.0,6.737175371481989,1.4986923774138519,-0.7961798686625098,0.028226654005840478,1.5006796877250694,-0.03600498602051683,4.166838452806533
0.3794729846619303,-0.20542432422472634,0.0,0.3794729846619303,0.0,1.1697946177733136,2.7238763954071286,-0.21228557963193453,0.0,2.723876395407128,0.0,5.872323950078126,1.82726173153161,-0.2800019548933968,0.007530718418310993,1.825321055635339,-0.02212593715956791,3.8626602119130466
0.5283786930110623,-0.35129572488790806,0.0,0.5283786930110623,0.0,1.75934883579794,0.32698236998961233,-0.1581071661557298,0.0,0.32698236998961233,0.0,0.9701790722906842,0.3803489906094067,-0.20900132085077333,0.0023762151531345455,0.38037735352293306,-0.0024776329887330724,1.1728264844504206
0.30595121290956534,-0.26743590083134233,0.0,0.30595121290956534,0.0,1.1467742274818151,1.9779022322932616,-0.1196436157656578,0.0,1.977902232293262,0.0,4.195091696117839,1.3291976978357236,-0.24028716838110478,0.002329703645812661,1.3276145359227554,-0.011807367423848743,2.9314422450933866
0.8750953342040727,-0.17673364039346545,0.0,0.8750953342040727,0.0,2.1036579491950764,1.8537306486363196,-0.8185481005066657,0.0,1.8537306486363194,0.0,5.34455749828597,1.5159218508979577,-0.5896771506045607,0.009302782458232113,1.5168915046657048,-0.009683609779890212,4.065032640762503
1.308489625718448,-0.19498172012241138,0.0,1.3084896257184482,0.0,3.006942691681719,0.679149267693361,-0.36652709725652904,0.0,0.6791492676933611,0.0,2.0913527298997803,0.8361243172421507,-0.33724150032966177,-0.0007799114640719006,0.8380662460234165,-0.00407425653203827,2.3468405188100188
0.4924434696426957,-0.038682772092209515,0.0,0.4924434696426957,0.0,1.0622524834698106,0.6834628314949853,-0.5116328751318586,0.0,0.6834628314949853,0.0,2.390191413253687,0.6049521171238239,-0.3556480357923461,0.0034761595801571918,0.6037540047111484,-0.003670713528127164,1.8691386549824405
0.6057784427938313,-0.30814700800653094,0.0,0.6057784427938313,0.0,1.8278509016007243,0.5209379860600659,-0.1062423232714589,0.0,0.5209379860600658,0.0,1.2543606186630496,0.5427726700893294,-0.16600030607576827,0.0017877822097630237,0.5425878324307978,-0.0005461859611066227,1.419797010507193
0.9086411755780639,-0.4920964452386184,0.0,0.9086411755780641,0.0,2.801475241633365,0.9348638132244772,-0.16851247174779743,0.0,0.9348638132244772,0.0,2.206752569944549,0.9190256536535271,-0.27144661899170663,0.002452391877533282,0.918724725240827,0.0007421437442832259,2.386253783890822
0.4400689263099762,-0.14989483941586323,0.0,0.4400689263099761,0.0,1.1799275314516786,0.7661320065828268,-0.08428880792386344,0.0,0.7661320065828267,0.0,1.7008416290133805,0.6543030696873683,-0.11248561713323892,0.0010353531304401046,0.6546267913672894,0.0010373414626888406,1.5177585084373248
1.4946513511045514,-0.17030473382789926,0.0,1.4946513511045516,0.0,3.329912169864902,1.3434727451463264,-0.7432812089515383,0.0,1.3434727451463262,0.0,4.173507908195731,1.372994772720684,-0.5798823013616048,-0.0006773891615170261,1.3720970155844838,-0.001765363415623972,3.8893906674260914
1.040567344472394,-0.969999230668766,0.0,1.040567344472394,0.0,4.021133150282311,1.9405387946138175,-1.5336190972147201,0.0,1.9405387946138173,0.0,6.948315783657078,1.6354345837534277,-1.3369773148198754,0.007307186346130946,1.6362509972364363,-0.006764620494046774,5.852249092633271
0.7331509504797565,-0.43492677798448887,0.0,0.7331509504797564,0.0,2.336155456928491,0.7634260207639745,-0.20065552083302748,0.0,0.7634260207639745,0.0,1.9281630831940038,0.7489481430232484,-0.27527054376349935,0.0018712334380223742,0.7487525100071308,0.0006867445987728413,2.0521557602072598
0.9240242882979928,-0.8771921085609751,0.0,0.9240242882979929,0.0,3.602432793717919,0.2757602814997934,-0.2424407102750578,0.0,0.2757602814997934,0.0,1.0364019835497016,0.4066653903411544,-0.36510885997782144,0.014328294670833836,0.40679700937611546,-0.014950487352774412,1.4713902355042283
0.3437038332133166,-0.04725149731506445,0.0,0.34370383321331666,0.0,0.7819106610567622,0.6888009102358552,-0.3597247681749982,0.0,0.6888009102358551,0.0,2.097051356821707,0.5672761684971321,-0.24834496770953085,0.003192259226758462,0.5673897852062714,-0.00320881120428816,1.570446743448354
0.3607246504346593,-0.3052739651498458,0.0,0.36072465043465923,0.0,1.3319972311690098,2.9780257522993856,-0.19466146796478206,0.0,2.9780257522993856,0.0,6.345374440528335,1.9607488029507874,-0.33127752010545825,0.006510621539346912,1.9569537977319695,-0.024643276451108625,4.200835393636308
0.3962000163682422,-0.13361291520229293,0.0,0.39620001636824226,0.0,1.0596258631410702,0.8819131715381511,-0.07198868486764136,0.0,0.8819131715381512,0.0,1.907803712811585,0.7103596164945571,-0.10422485954316522,0.00136303051780173,0.7108767272447556,0.0005450600971035603,1.5964895685570668
0.8184082199857715,-0.23795437446293644,0.0,0.8184082199857715,0.0,2.112725188897416,1.5209617732211431,-1.439188691702443,0.0,1.5209617732211433,0.0,5.92030092984718,1.2326817751635764,-1.0113097543891665,0.01951548029364552,1.229880803583943,-0.018342802848656976,4.303196800247761
0.3655965573581388,-0.19595341666811142,0.0,0.3655965573581388,0.0,1.1230999480525004,0.6384580416884915,-0.39527080345017673,0.0,0.6384580416884915,0.0,2.067457690277336,0.5462205860314042,-0.3263248166998765,0.0013494731891257432,0.5464081423654825,-0.0011935060069178864,1.7132583312595857
1.091606934217663,-0.2869881779499633,0.0,1.0916069342176633,0.0,2.757190224335253,1.2093048460322104,-0.34935759981051945,0.0,1.2093048460322107,0.0,3.117324891685461,1.1727194298616705,-0.32987530338924964,0.00011402075467184002,1.172746926391678,0.00014766734470242972,2.998343035033502
0.5432574233954112,-0.04382254147213019,0.0,0.5432574233954113,0.0,1.1741599297350829,1.3694787619971471,-1.0079024839893849,0.0,1.3694787619971474,0.0,4.754762491973062,1.0507732010101376,-0.6480150527590836,0.018971382841871363,1.050028292140139,-0.018291462535674166,3.1811283891297637
1.2626166233345382,-0.24890743797288095,0.0,1.2626166233345382,0.0,3.023048122614839,0.5980348138211937,-0.31913985364584757,0.0,0.5980348138211936,0.0,1.8343493349340825,0.7626973473041337,-0.31450677764206264,0.0002707153712332247,0.7652311502814965,-0.005229443618526886,2.149517190550375
0.44750027001665144,-0.22913648572627712,0.0,0.4475002700166515,0.0,1.3532735114858574,0.6337537500571645,-0.218255043276451,0.0,0.6337537500571646,0.0,1.7040175866672316,0.572907091016049,-0.22338723606322117,0.0005386508073269134,0.5730680978335991,0.000712341156026069,1.5846967559438871
1.2471168193953763,-0.3550132926226983,0.0,1.247116819395376,0.0,3.2042602240361484,0.5569639134726363,-0.19430224666149257,0.0,0.5569639134726363,0.0,1.502532320268258,0.72997106296765,-0.2384995038427384,0.0028989602070046256,0.7325761648559238,-0.00722063090526488,1.9211473765700042
0.3306325870046217,-0.2326071850066133,0.0,0.3306325870046217,0.0,1.1264795440224695,0.4411448331761445,-0.08127286001994724,0.0,0.44114483317614456,0.0,1.0448353863921835,0.39940474592931224,-0.13533186319424106,0.0015185532821593308,0.3993493912884594,0.0012685113089542603,1.0706920976016856
1.1967810120877944,-0.2449013242223105,0.0,1.1967810120877944,0.0,2.88336467262021,1.285466696430631,-0.3289866334850769,0.0,1.285466696430631,0.0,3.228906659831416,1.2579278911915892,-0.30285318005993084,-3.6945062544657377e-06,1.2579299602364473,2.3238371157295473e-05,3.11495764362123
0.9154770353042876,-0.5267371108815677,0.0,0.9154770353042876,0.0,2.884428292371711,0.8546531433504144,-0.4756521247578786,0.0,0.8546531433504144,0.0,2.660610536216587,0.8729003588215877,-0.490940621945292,0.00017708952925144948,0.8729045554816769,-0.00025558213759036675,2.7295979094562015
0.6844870234188506,-0.359527652751664,0.0,0.6844870234188505,0.0,2.088029352341029,0.3439762026670349,-0.15265591381254584,0.0,0.3439762026670349,0.0,0.9932642329591612,0.431859062016709,-0.20381294949487144,0.0028525080886248008,0.4324976960033906,-0.004338697050437064,1.259389549107167
0.7523536252759154,-0.13215678021097868,0.0,0.7523536252759154,0.0,1.7690208109737882,2.1168318512604176,-0.7024770317101914,0.0,2.1168318512604176,0.0,5.638617765941219,1.6384271044041807,-0.4973511848832553,0.011293075391564029,1.640313428326813,-0.013559897285451006,4.064793488904793
1.0909379385648563,-0.530364971091589,0.0,1.0909379385648563,0.0,3.2426058193128897,0.3237277993526709,-0.2447598868687581,0.0,0.3237277993526709,0.0,1.1369753724428573,0.4918757637040038,-0.30728304995410255,0.006675671399787031,0.49634556184214035,-0.011583430779648605,1.5526016868056707
0.33206482802011006,-0.024659082897900243,0.0,0.33206482802011006,0.0,0.7134478218360206,0.5025246166949036,-0.24444968431919398,0.0,0.5025246166949037,0.0,1.493948602028195,0.44303990759972006,-0.17025722221386108,0.0011722880481154167,0.4428925995342238,-0.0012619508342861917,1.197240633755823
1.8273885970305526,-0.6895868681615548,0.0,1.8273885970305526,0.0,5.033950930384216,1.4020808561057265,-0.32511332610539,0.0,1.4020808561057267,0.0,3.4543883644222335,1.5233466393440867,-0.4280942117232286,0.0023149777376071396,1.5234540236864818,-0.0027098898582985005,3.9083866159035647
0.5535923527572696,-0.0538905585462718,0.0,0.5535923527572696,0.0,1.214965822607083,0.4489395266725588,-0.12750541780034436,0.0,0.4489395266725588,0.0,1.1528898889458066,0.47816108084310993,-0.10764087622597142,-0.0004911113282928003,0.4782058272967795,-0.0005932546323566978,1.1724344350892544
0.32645208564277334,-0.2547588120411896,0.0,0.32645208564277334,0.0,1.1624217953679257,1.4448842362402667,-0.42557539912056136,0.0,1.4448842362402667,0.0,3.740919270721657,1.0368990997337906,-0.37790447916687653,0.004514170866740842,1.0377258397062359,-0.009072455295198718,2.6776808973706334
0.3066379994555157,-0.10290483501668905,0.0,0.30663799945551573,0.0,0.8190856689444095,0.5959565176361151,-0.041465074093936516,0.0,0.5959565176361151,0.0,1.2748431834601033,0.4946643568370908,-0.06907429897523172,0.0009146435514456821,0.4949540400065388,0.000961283539194296,1.1121045780276886
1.6140009863804368,-0.26448698869157056,0.0,1.6140009863804365,0.0,3.756975950144014,1.5329657339690543,-1.1353053243764284,0.0,1.5329657339690546,0.0,5.336542116690962,1.5282683099005776,-0.8818784879772913,0.0008446531337844947,1.5262406963408137,-0.003654330559735276,4.78511519240869
0.7081432640494969,-0.6839614970425486,0.0,0.7081432640494969,0.0,2.784209522184087,2.0180419478765317,-0.17177340002596397,0.0,2.018041947876532,0.0,4.379630695804993,1.5102006484260697,-0.42091900145256095,0.003408530496338905,1.5105338093641802,0.001085345398611638,3.801407079387026
0.27907053279375565,-0.24369771230916984,0.0,0.2790705327937557,0.0,1.045536490205851,0.9386845289672092,-0.654116337073703,0.0,0.9386845289672094,0.0,3.185601732081825,0.6998038160268292,-0.4982313948287404,0.006699256091295908,0.7006010146331773,-0.00818857876720521,2.2781808553631655
2.735769799498341,-1.161495548654027,0.0,2.735769799498341,0.0,7.794530696304735,1.936010232910312,-0.719041017325431,0.0,1.9360102329103115,0.0,5.310102500471486,2.1624124058548153,-0.8419525353047154,0.0030411301100023986,2.1631518113190435,-0.005121956124673817,6.011241013099641
1.0565147341130467,-0.19611525667270063,0.0,1.056514734113047,0.0,2.505259981571495,0.5854913297908448,-0.31371335444320514,0.0,0.5854913297908448,0.0,1.7984093684681,0.7060549832375589,-0.29260839702527475,-0.0006720977654200502,0.707333818201909,-0.0031283660258300413,1.9980374704399253
0.31670893819754387,-0.026122179527526688,0.0,0.31670893819754387,0.0,0.6856622354501413,1.8557790352405648,-0.50174238559293,0.0,1.8557790352405648,0.0,4.715042841666991,1.2894207100739155,-0.32873772952795055,0.01214641186214112,1.2904356778131163,-0.020928150622656363,2.9250840776518108
0.5422669856588812,-0.06088468447818015,0.0,0.5422669856588812,0.0,1.2063033402741228,1.0101118540165213,-0.491584972696187,0.0,1.0101118540165215,0.0,3.0033936534254173,0.8471282739773673,-0.3401111174886678,0.004474749748412344,0.8472486989258413,-0.004474751082027751,2.2959662235119316
0.3974791826185675,-0.12891507831623092,0.0,0.39747918261856746,0.0,1.052788521869597,0.8134477268710855,-0.20458273549053538,0.0,0.8134477268710854,0.0,2.0360609247232415,0.6720144550886291,-0.18146701354645253,0.0013735860224047978,0.672557912894364,-0.0004986505329466134,1.6693631257543873
1.3943935009328712,-0.22166517900435823,0.0,1.3943935009328712,0.0,3.232117359874459,0.7174823553390264,-0.42400372776754425,0.0,0.7174823553390265,0.0,2.2829721662131415,0.8850640835192282,-0.38894221670995943,-0.0009593107496499022,0.8871635824346783,-0.0043235364489641525,2.5479526741777963
1.9002708026156472,-0.5298684688839204,0.0,1.9002708026156472,0.0,4.860278542999135,0.7864057728422394,-0.547711268290844,0.0,0.7864057728422394,0.0,2.668234082266167,1.0531255312203844,-0.5638339127706833,0.0021425768140083774,1.0584051496238125,-0.010270980938088871,3.2134831636662047
1.4519126927956194,-0.595204312762282,0.0,1.4519126927956192,0.0,4.094234011115803,0.4144022720625426,-0.31358760765381116,0.0,0.41440227206254265,0.0,1.4559797594327084,0.6378854352694185,-0.38049567939907325,0.00777400929808107,0.6448570999672298,-0.014738161325593916,1.9809988897210042
0.610123640030542,-0.49472307154012213,0.0,0.610123640030542,0.0,2.2096934231413274,0.28320869311215574,-0.25872936239606564,0.0,0.28320869311215574,0.0,1.0838761110164408,0.3695659523783734,-0.3116366103182111,0.0019802495248416384,0.37007167482831893,-0.0035036082435406933,1.3390781319933682
0.5858749559493616,-0.071513952639196,0.0,0.5858749559493616,0.0,1.3147778171771152,1.5621436834854927,-0.29200093220674117,0.0,1.5621436834854925,0.0,3.7082892313844664,1.2214388642398297,-0.22055952907227286,0.004816531887268216,1.222749200377171,-0.005656190489521532,2.7629787115284055
0.4607058053904825,-0.14303627393026597,0.0,0.4607058053904825,0.0,1.207484158641497,1.1026770900517149,-0.11445525460971444,0.0,1.1026770900517149,0.0,2.434264689322859,0.8762560789956352,-0.13687775829531817,0.0018404527827660833,0.876981558135142,-0.00046641845454308835,1.9749262859618868
0.47709729042589116,-0.3444615358382031,0.0,0.47709729042589105,0.0,1.6431176525281892,0.8463131522690106,-0.30995983502408925,0.0,0.8463131522690106,0.0,2.3125459745861994,0.720721876873383,-0.32716892872743314,0.0011928356544879646,0.7211253938678416,0.0009567767230589618,2.0776446726923683
0.736918738713383,-0.18287169212210133,0.0,0.736918738713383,0.0,1.8395808616709686,1.2397852677246741,-0.7964207918573251,0.0,1.2397852677246743,0.0,4.072412119163999,1.0608906631841775,-0.5844257000012565,0.00617936899907852,1.060501841352993,-0.006221533671580151,3.20270186902366
0.5860803901305011,-0.510185381484645,0.0,0.586080390130501,0.0,2.192531543230289,0.3139625275817761,-0.208664332936647,0.0,0.3139625275817761,0.0,1.0452537210368464,0.38049976454334944,-0.28442537796827017,0.004736199880277831,0.38036065996178076,-0.004285351447608108,1.3135580408070149
2.1186975650604833,-1.7731650354619786,0.0,2.1186975650604833,0.0,7.783725201044918,0.31899189331930855,-0.07229424241182816,0.0,0.3189918933193085,0.0,0.7825722714622735,0.5802414926334732,-0.3062965364912992,0.03376731201953818,0.5819588693644248,-0.035638515606988524,1.549485310551206
3.009134623237258,-0.18578971037902534,0.0,3.009134623237258,0.0,6.389848667232568,2.1773406112903206,-0.8459516123947292,0.0,2.17734061129032,0.0,6.046584447370099,2.395324298946008,-0.6795511484500087,-0.001659232329054794,2.3957671523970214,-0.0018845801338981314,6.1538604793637
1.5534815657300645,-0.5934369710921855,0.0,1.5534815657300645,0.0,4.2938370736445,2.9183821546614808,-1.0304175159763673,0.0,2.9183821546614803,0.0,7.897599341275696,2.460322831715986,-0.8846759331217522,0.007086332444344174,2.4620075880375114,-0.007243029112013629,6.562141791920165
1.1810172288910754,-0.9431633093866273,0.0,1.1810172288910754,0.0,4.2483610765554065,1.6171987631295774,-1.5244205327742286,0.0,1.6171987631295772,0.0,6.283238591807628,1.4675065292202056,-1.3264968705794582,0.0032540236534293826,1.467173939385557,-0.0037554384283721457,5.553687237746585
1.1295385506082207,-0.47561109446455835,0.0,1.1295385506082207,0.0,3.2102992901455583,1.6191333814613373,-1.1385318937813869,0.0,1.6191333814613376,0.0,5.515330550485451,1.4495702430047779,-0.9174409734020835,0.0047678154452159595,1.4490988391728172,-0.005141161643035308,4.664774298940964
1.5601076491187154,-0.1409720990316888,0.0,1.5601076491187156,0.0,3.402159496300809,1.6733885174377277,-0.18366765221190878,0.0,1.6733885174377274,0.0,3.7141123392992723,1.6383989859403085,-0.17046808427480573,8.467064826256367e-05,1.6384207211409232,0.00010776603966796841,3.611338209390017
0.6677649026292463,-0.2501110345615287,0.0,0.6677649026292461,0.0,1.8357518743815497,1.7211128435222802,-1.4333764023822277,0.0,1.7211128435222802,0.0,6.308978491809008,1.3165853007484685,-0.989769801745799,0.02452742791024216,1.3159004949725914,-0.02387581753130391,4.358432249730097
0.649170235662488,-0.0355019826069186,0.0,0.649170235662488,0.0,1.369344436538813,1.220072440311854,-0.3141874779820496,0.0,1.220072440311854,0.0,3.068519836587807,1.0279415703516102,-0.2180889859227799,0.003090327384473681,1.0285771504795338,-0.0028565052602465813,2.4211141685998188
1.6066469133653658,-0.9762085829948957,0.0,1.6066469133653656,0.0,5.165710992720523,2.876985737783446,-0.9194759057693356,0.0,2.876985737783446,0.0,7.592923287105562,2.4461947794473753,-0.9557246841244206,0.0038822584739902754,2.447629872656049,-0.0018722280541764124,6.733816331283821
0.6039889815248534,-0.2573014980665451,0.0,0.6039889815248534,0.0,1.7225809591827972,0.49173837524305924,-0.2360038736894135,0.0,0.49173837524305924,0.0,1.4554844978649457,0.5245627697018556,-0.242451898706541,8.795043492768558e-06,0.5246466310490977,-0.0007496839191333577,1.535772475263125
1.3858166465257866,-0.6065126320850521,0.0,1.3858166465257868,0.0,3.984658557221678,1.3231503796146866,-1.165295652549232,0.0,1.3231503796146864,0.0,4.976892064327838,1.3275855036636257,-1.0017511571493662,-0.0006599495573700863,1.3266695294994348,-0.0022967140407262584,4.642643135378302
2.0202362735745423,-1.8754535177537643,0.0,2.0202362735745423,0.0,7.7913795826566234,2.7690216280139355,-0.6688080558473407,0.0,2.7690216280139355,0.0,6.875659367722552,2.4652298783397235,-1.1093853942639462,0.0069250768350421765,2.4646199882671214,0.005716286001033431,7.160947025278864
1.7302996613482238,-1.1032397933899032,0.0,1.7302996613482238,0.0,5.6670789094762535,1.5784499922873816,-0.08682117554931375,0.0,1.5784499922873814,0.0,3.3305423356733908,1.5862641313989378,-0.4039856614499325,0.008519676857974822,1.5848062384791806,-0.0008745014226264853,3.9849816314975492
1.4620022770562342,-0.5181486538655062,0.0,1.4620022770562344,0.0,3.960301861843481,0.627165972266001,-0.1270251973451354,0.0,0.627165972266001,0.0,1.5083823392222733,0.8342553779743928,-0.22062872930823862,0.006249978598835375,0.8368715100589614,-0.01029834388132128,2.0783522110219095
0.9827460094763638,-0.5762742318800548,0.0,0.9827460094763638,0.0,3.1180404827128374,0.5438913450850031,-0.07842943699392446,0.0,0.5438913450850033,0.0,1.2446415641578554,0.6521885706367107,-0.20510665834982597,0.006768412546753917,0.6519212283992307,-0.005996747943794021,1.693578402107049
2.1684525591975983,-0.27093113589900375,0.0,2.1684525591975987,0.0,4.878767390193204,0.44293909358454653,-0.05571880137764057,0.0,0.4429390935845465,0.0,0.9973157899243741,0.7638331414299748,-0.12585144201484166,0.01192563721465315,0.7814876593402634,-0.02193883473748437,1.6886383741674347
1.401081687544097,-0.3809523031821681,0.0,1.4010816875440972,0.0,3.56406798145253,0.9754451496927631,-0.3775016851230229,0.0,0.9754451496927631,0.0,2.705893669631572,1.094745700539729,-0.3816541028481496,-0.00017480766268570858,1.0953905823209555,-0.0025759510704296404,2.956637950908315
0.6094484740427174,-0.13007942191852817,0.0,0.6094484740427174,0.0,1.479055791922491,0.6970141453565737,-0.13307817958890894,0.0,0.6970141453565737,0.0,1.6601846498909651,0.6695932014279229,-0.13236231849628508,0.0001792550003124288,0.6696286629165807,0.0003289219641700318,1.6002546738407954
1.7798828910175568,-0.616943241064044,0.0,1.7798828910175568,0.0,4.793652264163203,1.0998752082167473,-0.28082702725269915,0.0,1.0998752082167473,0.0,2.761404470938893,1.2864113662585461,-0.3709546400265822,0.00322348712771781,1.2874265814185326,-0.005762834331015561,3.310204392007182
1.9941287406438897,-0.9083902181181306,0.0,1.9941287406438897,0.0,5.805037917524039,1.814186192206204,-0.3004064266969185,0.0,1.814186192206204,0.0,4.229185237806244,1.8582671662361157,-0.4837185431128879,0.0033049204056220696,1.8577328029849203,-0.0008283999176167644,4.69427750553779
0.3123714407095116,-0.1442335497178487,0.0,0.31237144070951156,0.0,0.9132099808547208,0.3754927883249653,-0.17130723169460763,0.0,0.3754927883249653,0.0,1.0936000400391457,0.3556065489770751,-0.1627309927857796,3.221166241585796e-05,0.3556352973690005,0.00020268347866753058,1.0332345078854783
0.46138322406365667,-0.03705398277961499,0.0,0.46138322406365667,0.0,0.9968744136865435,0.3126711705047133,-0.26801898021604154,0.0,0.3126711705047134,0.0,1.1613803014415105,0.3434514476350681,-0.21144583579755177,-0.0007917613541859617,0.34304020353335857,-0.000805897984588422,1.1074507414602495
1.0601041197607977,-0.5469847758777266,0.0,1.0601041197607977,0.0,3.214177791277048,1.021594199732755,-0.360519633136445,0.0,1.021594199732755,0.0,2.7642276657384,1.0314711384679882,-0.4173291209208085,0.0010877966645335664,1.031370838568968,9.759606953829336e-05,2.901633514475945
2.6630341031179303,-0.31990786541459737,0.0,2.6630341031179303,0.0,5.965883937065056,0.9267192272360362,-0.349327212104903,0.0,0.9267192272360363,0.0,2.552092878681878,1.3183210260526248,-0.37931892401728157,0.005837065336381639,1.3288052346626575,-0.016091295350898406,3.356751007994341
0.6504942253134874,-0.06426348826045977,0.0,0.6504942253134874,0.0,1.4295154271478945,1.8189169523990758,-1.6295435374535372,0.0,1.8189169523990758,0.0,6.896920979705214,1.3340049381985248,-1.0299116571343667,0.039839996712283623,1.331272595139015,-0.036969068529926666,4.352542978650516
0.6056888593124192,-0.19422768388367292,0.0,0.6056888593124192,0.0,1.5998330863921846,0.7223262308355046,-0.2948626766270358,0.0,0.7223262308355046,0.0,2.034377814925081,0.685299612033534,-0.26275475554766514,7.356142663094782e-05,0.6853161197976847,1.2028376875449174e-05,1.8867439422568437
2.0848728817325872,-0.5687365836500718,0.0,2.0848728817325872,0.0,5.307218930765318,0.2917286350112617,-0.22524596910374436,0.0,0.29172863501126167,0.0,1.033949208230012,0.5720499479534772,-0.3036550243860792,0.015609726627881269,0.5963081002842021,-0.02752890729996658,1.6283056565846694
0.40629452900710905,-0.28130769021336804,0.0,0.40629452900710905,0.0,1.3752044384409545,1.8688496424264427,-1.2105287550562835,0.0,1.8688496424264427,0.0,6.158756794965452,1.324622267200694,-0.8453493996835447,0.02297246300261911,1.3263375267060629,-0.02830882881828385,4.014465920874453
1.6208482729538196,-0.4309921245666461,0.0,1.6208482729538198,0.0,4.1036807950409315,0.44821559156719964,-0.058176128086142906,0.0,0.44821559156719964,0.0,1.012783439306685,0.6988145901165341,-0.1416053051267975,0.009398443827457479,0.7066162875962072,-0.015992006251180635,1.6160770804342839
2.4334256856269647,-1.1626214293931396,0.0,2.4334256856269647,0.0,7.192094230040207,1.7590258924017235,-1.2384497675772301,0.0,1.7590258924017235,0.0,5.994951319957911,1.9486033626553894,-1.2231576292004216,-0.001265941488779204,1.9495011880751683,-0.0037399435655407513,6.347335314739334
1.9931338728546224,-1.4941103432729401,0.0,1.9931338728546224,0.0,6.974488432255128,0.5929329913438155,-0.18792244574946765,0.0,0.5929329913438155,0.0,1.5617108741865668,0.8764411742733751,-0.44430958459344466,0.025387398577324603,0.8773757594551318,-0.02687769770574464,2.4998011260146034
1.7624903006067612,-0.3858841009689861,0.0,1.7624903006067612,0.0,4.296748803151494,1.1207292969650813,-0.3622801140581107,0.0,1.120729296965081,0.0,2.966018822046384,1.2966605469042676,-0.3742306430638716,0.00033496314851360595,1.297928963395629,-0.003975729740584207,3.34513626315984
1.254276887198062,-0.14477355582323675,0.0,1.254276887198062,0.0,2.7981008860425987,1.9999051910346266,-0.13850485101291116,0.0,1.9999051910346266,0.0,4.276820084095075,1.7522091274963163,-0.1479030765023719,0.0016765829222216764,1.7529812103455031,-0.0007519632931542327,3.752669713550964
0.5818139965601196,-0.2494622607077917,0.0,0.5818139965601196,0.0,1.6625525145358229,0.5526213093626627,-0.35577836470650953,0.0,0.5526213093626627,0.0,1.816799348138345,0.5600288763776002,-0.3244331244956203,-0.0004998743679704762,0.5599598242951599,-0.00036111496949860135,1.7668359147529111
0.35051097679741344,-0.20259974978566872,0.0,0.35051097679741344,0.0,1.1062214531661638,0.306797657221308,-0.22534322316690336,0.0,0.3067976572213079,0.0,1.064281760776423,0.3195487122909867,-0.2189329733284534,-0.0001979362068685187,0.3195646857749575,-0.00031636316963167747,1.077270674343388
2.7211315216166865,-0.591586938720643,0.0,2.721131521616686,0.0,6.625436920674658,0.4700342483365198,-0.08367727680570375,0.0,0.4700342483365198,0.0,1.107423050284447,0.8624685934784344,-0.19675620630166926,0.019710566598957566,0.8877037058733925,-0.03255778143697857,1.9695204486614926
3.0663374442474955,-0.40395711475627916,0.0,3.0663374442474955,0.0,6.940589118007551,0.5741029932797059,-0.20821013698335136,0.0,0.5741029932797059,0.0,1.5646262605261145,1.01696501805554,-0.2955675208978158,0.017432388879891274,1.0449458921768775,-0.03238085395063124,2.495431564344705
0.5933238875856923,-0.09500689359894793,0.0,0.5933238875856923,0.0,1.3766615623692806,1.5916450532918855,-0.6325621833253818,0.0,1.5916450532918858,0.0,4.448414473234534,1.2409607938319422,-0.4361576695608621,0.009335620835575976,1.2422540447040196,-0.010560786510744427,3.1904912562710415
0.29223532141205916,-0.15167507812290404,0.0,0.29223532141205916,0.0,0.8878207990699262,0.31961797926981833,-0.047702303807139634,0.0,0.3196179792698183,0.0,0.7346405661539159,0.3083732741481307,-0.0816086661852792,0.0009546216311397254,0.3082892571696608,0.00043350033233208456,0.7816692492563585
0.6200615856918593,-0.3094442251894176,0.0,0.6200615856918593,0.0,1.8590116217625539,0.3244871242329431,-0.08344163154003778,0.0,0.3244871242329431,0.0,0.8158575115459619,0.4006162313038825,-0.1396319137069109,0.0030053631745921654,0.40094014022304664,-0.003816459341666599,1.0697022571965633
1.5581833998810717,-1.3147206014272148,0.0,1.5581833998810717,0.0,5.745808002616573,2.32881418919045,-1.0327863756469857,0.0,2.32881418919045,0.0,6.72320112967487,2.067672228819972,-1.1400785823219917,0.003083948532851058,2.0682447967412663,0.0023452381466282065,6.3964198864264254
0.5175209555850776,-0.4239191674382834,0.0,0.5175209555850775,0.0,1.8828802460467207,0.45650679146580253,-0.17763629258237065,0.0,0.4565067914658026,0.0,1.2682861680963462,0.467909793052576,-0.252407474525424,0.0027843045962258283,0.46759139555331897,-0.0003264254918569331,1.440881155676841
1.299060717501836,-0.22179563340518482,0.0,1.299060717501836,0.0,3.0417127018140424,0.9498607747278577,-0.2547723692173543,0.0,0.9498607747278577,0.0,2.4092662878904245,1.048469302859748,-0.2483531167689138,-0.0003551284260010945,1.048914816686179,-0.0018448754560544459,2.5985337008437694
1.827109453909712,-1.2880644652853017,0.0,1.8271094539097121,0.0,6.230347838390031,0.37679905262351515,-0.12286178218912022,0.0,0.3767990526235152,0.0,0.9993216696252707,0.6383145730358516,-0.3126967582709503,0.024134577815716787,0.6424921098592773,-0.02836749530080781,1.7449606279403624
2.113310998272267,-0.11643244351080323,0.0,2.113310998272267,0.0,4.459486883566141,2.3815804964595233,-0.23912824829295418,0.0,2.3815804964595237,0.0,5.241417489504955,2.297976357807259,-0.2007222188413121,0.00032648350853906413,2.298055322624983,-0.0001400077875702685,4.979416293841926
0.29900023647289536,-0.2148527737148686,0.0,0.29900023647289536,0.0,1.0277060203755282,0.611581113478907,-0.5390813174125828,0.0,0.611581113478907,0.0,2.3013248617829776,0.49865222015247035,-0.42235728639900066,0.003136544495451004,0.49860654086054845,-0.003123382127032952,1.7894358701534436
0.7719989642699487,-0.5191797478922776,0.0,0.7719989642699487,0.0,2.5823574243244525,2.1468113150724975,-0.26052753397291195,0.0,2.1468113150724975,0.0,4.814677698090818,1.6412278470368147,-0.39678720323238553,0.003492482597267791,1.6422708156246295,-0.00235471987810698,3.9841055978705575
0.8625766710906145,-0.08847236466967258,0.0,0.8625766710906144,0.0,1.9020980715205744,1.8507016880247333,-1.6226400603909792,0.0,1.8507016880247333,0.0,6.946683496831423,1.4448186070628346,-1.0621632603237214,0.031221486736705963,1.4413918414545406,-0.028937956616065984,4.721744892598503
1.2893542541718186,-0.38235897603520147,0.0,1.2893542541718186,0.0,3.3434264604140402,1.6252793029376558,-0.4488193597107978,0.0,1.6252793029376558,0.0,4.148197325296908,1.5185557467198592,-0.42837202915223216,0.0007743325306262219,1.5187692198189426,0.00017180704623934994,3.8758217276777325
2.6052330417197274,-0.38556578275414705,0.0,2.6052330417197274,0.0,5.981597648947748,2.43509258810619,-0.9030391423379888,0.0,2.4350925881061904,0.0,6.676263460888359,2.4786101682115937,-0.7517033848405008,-0.00047586952038414335,2.478250346565199,-0.0008732315197724209,6.448507115146528
0.5817129432318728,-0.4408012763424925,0.0,0.5817129432318728,0.0,2.0450284391487314,0.6031633283186478,-0.06263216659860267,0.0,0.6031633283186478,0.0,1.3315909898345009,0.5791796616214329,-0.18758299796295866,0.00447073878730962,0.5786907905024171,0.001086112517501461,1.5366894960279918
1.6608366713850267,-0.3508769119681294,0.0,1.6608366713850267,0.0,4.0234271667063135,1.025685356276332,-0.22296913005948205,0.0,1.0256853562763317,0.0,2.4973089726716275,1.1997503065976645,-0.2607429100961084,0.0013115872003990215,1.2010190659482511,-0.00446873332298378,2.92241456152541
2.1002450341927115,-1.3924330334364936,0.0,2.1002450341927115,0.0,6.98535613525841,2.2224108009644206,-1.3281282738689946,0.0,2.2224108009644206,0.0,7.101078149666831,2.1844401877444817,-1.3483827460351776,0.000549735274759651,2.184455917419567,0.0005764609249018283,7.064297936338367
2.480887567319046,-0.6453059405292447,0.0,2.4808875673190456,0.0,6.25238701569658,0.7398467309311257,-0.1707811137114416,0.0,0.7398467309311259,0.0,1.8212556892851353,1.1218670582883608,-0.2848892513845452,0.013053702007322072,1.1329424232290992,-0.0226303434731419,2.72963425289758
2.5647772500409878,-0.5607021472964666,0.0,2.5647772500409873,0.0,6.250958794674908,1.3384897818089139,-0.07724830978129954,0.0,1.338489781808914,0.0,2.831476183180428,1.6608440933058224,-0.20293063079661328,0.006810904092726473,1.663856253058657,-0.011031695967322484,3.709066416748491
0.36288193164905336,-0.0314026903318826,0.0,0.3628819316490534,0.0,0.788569243961872,0.42840331157790484,-0.03601817947474894,0.0,0.42840331157790484,0.0,0.9288429821053077,0.40777773454632865,-0.03474637505589167,0.00012615851258757196,0.4078096422241497,0.00025244845236526965,0.8817698428743392
0.29554490772358716,-0.28145606787899596,0.0,0.29554490772358716,0.0,1.15400195120517,2.4577877300436337,-1.3182968787180815,0.0,2.4577877300436337,0.0,7.552169217523432,1.6428264472605665,-0.9040147658347878,0.02919861754289806,1.6438543728567188,-0.046279205937399544,4.563136566972693
0.8140999547363541,-0.5534089040670822,0.0,0.8140999547363541,0.0,2.7350177176068735,1.248172273879041,-0.29764667685999713,0.0,1.248172273879041,0.0,3.0916379014780766,1.0955861890406988,-0.39462396499525765,0.002219185468097657,1.095817287274576,0.002411849767797507,2.9729800461586153
0.40818091268874,-0.10642340976850587,0.0,0.40818091268874007,0.0,1.029208644914492,1.66273982805167,-0.7033409605925446,0.0,1.66273982805167,0.0,4.732161577288428,1.2081709212113863,-0.4772680822124955,0.013116923840008036,1.20977830811299,-0.017430425698489307,3.127872352894904
0.595218333514026,-0.19566459734363137,0.0,0.5952183335140259,0.0,1.5817658617153143,1.2090452999058845,-0.9840936313897906,0.0,1.2090452999058845,0.0,4.386277862591352,0.9769375754968717,-0.7005040054040896,0.011770329873860863,0.9760982414774055,-0.01138680314003349,3.2199214776179153
3.0487281139168783,-0.20441374412272711,0.0,3.0487281139168783,0.0,6.506283716079211,0.39292060039193977,-0.12554067153586376,0.0,0.39292060039193977,0.0,1.0369225438556071,0.7832810446052649,-0.20393147482980012,0.018713828927090632,0.8230436905090961,-0.03460389095583116,1.8242344890614854
1.2709152217869901,-0.16008137607321693,0.0,1.27091522178699,0.0,2.8619931957204137,0.37355189189562055,-0.3181318683464776,0.0,0.37355189189562055,0.0,1.3833675204841949,0.5568931802884324,-0.3140520758707459,0.0017548470194367856,0.5635242670272554,-0.008253523077577532,1.7216365627394858
0.4791165475978927,-0.05436985307748508,0.0,0.4791165475978927,0.0,1.0669728013507556,1.0883354831144865,-0.5163692228076961,0.0,1.0883354831144865,0.0,3.2094094118443657,0.8738298410730554,-0.34886045128662474,0.006276265440844742,0.8743252390044012,-0.006517708015491579,2.337825100480064
0.3559763312911368,-0.2728257606561063,0.0,0.3559763312911368,0.0,1.2576041838944871,0.7763135438019789,-0.4285782427151993,0.0,0.776313543801979,0.0,2.4097835730343564,0.6327534537123359,-0.37487734091727587,0.001755195368228482,0.6333110247359136,-0.001419091794623097,1.9727079354222525
2.443299092044612,-0.14447467986803983,0.0,2.443299092044612,0.0,5.175547543825306,0.7626608213055938,-0.6721832550123602,0.0,0.7626608213055939,0.0,2.8696881526359106,1.102219119457031,-0.624409273914488,0.0008767142870395186,1.113226645849501,-0.012510881578579252,3.4301528949683604
2.1519469336871855,-1.0482421325520215,0.0,2.1519469336871855,0.0,6.400378132478416,2.211873601084924,-1.6737282820212727,0.0,2.211873601084924,0.0,7.771203766212395,2.183569443449106,-1.4840569757289535,-0.00015863580280195104,2.1829132956412374,-0.002342639701889856,7.3128729436623665
0.9572428721064893,-0.42037243007501457,0.0,0.9572428721064893,0.0,2.7552306043630073,0.279291011360954,-0.18795381444128376,0.0,0.279291011360954,0.0,0.9344896516044758,0.4270261514426204,-0.2397067328999221,0.005630368305465429,0.43118093693252674,-0.00998677278358319,1.2944942605827015
0.5139772450598828,-0.06351597568798771,0.0,0.5139772450598828,0.0,1.154986441495741,0.46451774763203085,-0.058813331079312074,0.0,0.46451774763203085,0.0,1.0466621574226858,0.47929108600706827,-0.06029483336578335,-4.6079981918719704e-05,0.47930869656134945,-0.0002610657874074875,1.0807197370700312
0.9013173081098783,-0.09617533442677186,0.0,0.9013173081098784,0.0,1.9949852850733,2.4729123390254104,-0.5639601693917802,0.0,2.4729123390254104,0.0,6.073745016834382,1.9239169338580349,-0.40352419756697416,0.010242415041485441,1.9260727766284702,-0.01300776754048198,4.441026285659883
0.9998866975231805,-0.10909793983520935,0.0,0.9998866975231803,0.0,2.217969274716779,0.31137719576164247,-0.2524120220943596,0.0,0.31137719576164247,0.0,1.1275784357120047,0.4545199841726704,-0.24444852756447638,0.0009406063191506939,0.4592422407370684,-0.005966177147407895,1.3850373549844135
1.407340719078885,-0.34108552554742455,0.0,1.407340719078885,0.0,3.4968524892526194,0.3889232418391316,-0.25089387118497875,0.0,0.3889232418391315,0.0,1.2796342260482205,0.6023655276356307,-0.2879594765658047,0.00535040021040947,0.6102471179007387,-0.012346406180578159,1.739253546657815
0.3427822581588126,-0.022905494679201974,0.0,0.3427822581588126,0.0,0.731375505676029,0.6376098177798918,-0.17727893044279514,0.0,0.6376098177798918,0.0,1.6297774964453737,0.538378936976087,-0.12393740839869759,0.0012987276950370595,0.538693251139372,-0.0010465407994003184,1.287424052262007
2.6139331673947126,-0.15128128163464466,0.0,2.6139331673947126,0.0,5.530428898058714,0.6421054859029137,-0.0582942826699133,0.0,0.6421054859029137,0.0,1.400799537145654,1.0344639716699862,-0.11898443779290756,0.010946161394383466,1.0518607219370024,-0.022008189139473302,2.22918474787066
0.41074608913485106,-0.36845217135321173,0.0,0.41074608913485106,0.0,1.5583965209761275,0.3288678534940689,-0.2578458756615543,0.0,0.3288678534940689,0.0,1.1734274583112456,0.349879866056657,-0.2904141149590961,0.0019897753426724855,0.3498291415784406,-0.0016386683348957008,1.2818658234276177
0.5148035845214266,-0.42419929616989527,0.0,0.5148035845214266,0.0,1.8780057613826446,0.35883321794035833,-0.29065852543633136,0.0,0.3588332179403583,0.0,1.2989834867533783,0.4024277124571758,-0.3270555269333635,0.0012495194499449643,0.4024828328102112,-0.0015144327946685935,1.455881548565168
0.682823179065488,-0.55543972648242,0.0,0.682823179065488,0.0,2.4765258110958146,0.43678335629595205,-0.11841587195246157,0.0,0.43678335629595205,0.0,1.1103984564968272,0.49094987718314204,-0.23815306736095235,0.006487835330293513,0.49027121251204786,-0.0033321316506349377,1.4441476482210176
0.42614222870501056,-0.05628513919575426,0.0,0.4261422287050105,0.0,0.9648547358015297,0.4998057883528829,-0.42857175162843375,0.0,0.4998057883528829,0.0,1.8567550799626338,0.46142307057087817,-0.31181184916146804,0.001692465086904494,0.46024108693028204,-0.0021924785364784527,1.5168927279436502
0.7173445921992834,-0.6352857294420773,0.0,0.7173445921992835,0.0,2.705260643282723,1.2850856221111726,-0.3129560580107846,0.0,1.2850856221111726,0.0,3.196083360243914,1.077127332010258,-0.4438161743375566,0.002990125016060118,1.0774415031207285,0.0031900135469280426,3.0304226357980855
1.115679791435936,-0.9099765429366636,0.0,1.1156797914359362,0.0,4.0513126687452035,1.2130437694800746,-0.24560384304690247,0.0,1.2130437694800749,0.0,2.9172952250539548,1.154082260116034,-0.4675246761921108,0.006304305740676171,1.1533191489883488,0.0023933830799610606,3.2499976174309233
0.34953925150088994,-0.27585022641040063,0.0,0.34953925150088994,0.0,1.2507789558225808,0.747010482923831,-0.5565060051705703,0.0,0.7470104829238311,0.0,2.6070329761888016,0.6088851742851145,-0.45589590284542536,0.0028451047315645596,0.6092394206516666,-0.0028774666763542477,2.076592407242177
0.6326215038061533,-0.25680831641113394,0.0,0.6326215038061535,0.0,1.7788596404345747,0.6254075175392915,-0.04127580377213741,0.0,0.6254075175392915,0.0,1.3333666426228576,0.6229641209915913,-0.10864273282781968,0.0017166755778735949,0.6227587838028954,0.00026153567126784586,1.4673726159919884
0.7862304092189757,-0.1531539790571379,0.0,0.7862304092189758,0.0,1.8787687765522274,0.42836036218786383,-0.15402771335420337,0.0,0.4283603621878639,0.0,1.1647761510841346,0.5220450022327319,-0.1583275292709259,0.00020979720056403116,0.5230778412524633,-0.002836096010500278,1.3599127024873856
1.688976514930061,-1.3195337522295727,0.0,1.6889765149300613,0.0,6.017020534319271,0.30013121833959433,-0.1661076850552688,0.0,0.30013121833959433,0.0,0.9324778067897264,0.531700273916479,-0.33894792023076087,0.024140406294166195,0.5356064833017109,-0.027999821879247083,1.5824944741848415
0.747932730580126,-0.6280744889294535,0.0,0.7479327305801261,0.0,2.752014439019159,2.347595261288146,-0.37763735864930453,0.0,2.3475952612881454,0.0,5.450465239874898,1.7543447128552123,-0.5202154207335311,0.004143182927935481,1.7553359516618297,-0.004478498600981925,4.430665632862704
0.43776818996073236,-0.23650872889131744,0.0,0.43776818996073236,0.0,1.3485538377040993,0.45442928509815667,-0.20874833819553515,0.0,0.4544292850981567,0.0,1.326355246587384,0.4491569128740451,-0.2173960984089521,0.00020475862551314013,0.4491534184237956,0.00015699997297814947,1.3333749773373342
0.3616911279219415,-0.03708450966036576,0.0,0.36169112792194147,0.0,0.7975512751646145,2.2976274195232897,-0.34029369037598745,0.0,2.29762741952329,0.0,5.275842219798554,1.5773273044205587,-0.2552905618069845,0.010661137553246507,1.577416252098538,-0.022059037638450654,3.317419131906107
2.020732977340366,-0.8120706747931794,0.0,2.020732977340366,0.0,5.665607304267091,0.6860920034149715,-0.20262350773634938,0.0,0.6860920034149715,0.0,1.7774310223026422,0.9931642309082828,-0.33712355619649187,0.01218322685409923,0.9990669631631058,-0.01895530339790719,2.5875693248823963
1.8677134189497013,-0.8327477596955208,0.0,1.8677134189497013,0.0,5.400922357290444,2.7495323141138814,-0.594393145392133,0.0,2.749532314113882,0.0,6.687850919012028,2.4547095415166758,-0.6859705212218019,0.0017926117618518901,2.4554219383684717,0.00045090723222352325,6.250900536898984
2.064830311168984,-0.5468569995875661,0.0,2.0648303111689845,0.0,5.223374621513101,1.3634668469393545,-0.10362273119509789,0.0,1.3634668469393545,0.0,2.934179156268905,1.5581155437587808,-0.22364310398147794,0.0038961970758083293,1.5587961597794309,-0.005397870075102636,3.5641367057218565
1.3320717822710462,-0.41282572547381197,0.0,1.332071782271046,0.0,3.4897950154897153,2.218058516704902,-1.8900369466888876,0.0,2.218058516704902,0.0,8.21619092678758,1.8762506041719715,-1.3796557306354627,0.019866364993309293,1.873560131054849,-0.01940873688481638,6.315508936077422
1.9093091037305359,-0.4111275898362682,0.0,1.9093091037305359,0.0,4.640873387133608,1.0327071833458668,-0.05504821089828632,0.0,1.0327071833458668,0.0,2.175510788488306,1.2653627385974944,-0.14827234832476496,0.004527449138350552,1.2673415433621764,-0.00789813177219553,2.81650695469629
2.4013728313497413,-0.5426736415294974,0.0,2.4013728313497413,0.0,5.888092945758478,0.3058896368837195,-0.09130328933352894,0.0,0.3058896368837195,0.0,0.7943858524344968,0.6202280496122058,-0.1844191659367846,0.018613957522238357,0.6499891193045223,-0.031027499401988352,1.4596912053559863
0.788956999229446,-0.262585148272032,0.0,0.788956999229446,0.0,2.1030842950029562,0.8606453569995498,-0.18338321391606374,0.0,0.8606453569995497,0.0,2.088057141831227,0.8376130291276652,-0.2087062325151038,0.000516178643756815,0.8376089014238097,0.0004953210784695295,2.092877406050313
2.8851971665377265,-0.3564788060363795,0.0,2.885197166537726,0.0,6.483351945148212,2.3588572089167927,-0.5241560966312798,0.0,2.358857208916793,0.0,5.766026611096146,2.5103278613141486,-0.4797181289703783,-0.0004429671773032257,2.510698772110437,-0.0012044359298877413,5.988814262642268
0.5340849148294694,-0.21731335958377745,0.0,0.5340849148294694,0.0,1.5027965488264934,0.49146339223321134,-0.38319501086999397,0.0,0.49146339223321134,0.0,1.7493168062064104,0.5005713366661949,-0.33527110900917156,-0.0006226071585651225,0.5003704512972945,-0.0005468138440510615,1.6681176601844885
0.6308111821902138,-0.41553026450732705,0.0,0.6308111821902138,0.0,2.092682893395081,0.6950143076658949,-0.26119566186967674,0.0,0.6950143076658948,0.0,1.9124199390711432,0.6720596922594253,-0.3112001099118517,0.0012367787616427745,0.671978688390812,0.0007937732265294569,1.9684888018424254
0.8262851974441032,-0.6595967001481863,0.0,0.8262851974441032,0.0,2.97176379518458,1.4588311726716972,-1.1346298906174475,0.0,1.4588311726716972,0.0,5.186922126578288,1.2441353128030026,-0.9697272553195839,0.005045105060017954,1.2445458071005815,-0.004758300366090719,4.3578933987594635
0.3696853522873765,-0.07262473496816314,0.0,0.3696853522873765,0.0,0.8846201745110791,2.2352348379136346,-1.8132067756833505,0.0,2.235234837913634,0.0,8.096883227193961,1.4760920925479966,-1.093204009945361,0.05934808312094952,1.4767726910879144,-0.06136130332002269,4.492598234763329
0.43111265739255705,-0.3885046120410293,0.0,0.4311126573925571,0.0,1.639234538867175,0.6688658986305793,-0.2290679501722858,0.0,0.6688658986305793,0.0,1.7958676976057304,0.5838182694417274,-0.289779687370532,0.0016030151412573758,0.5839207567675133,0.001887693770056445,1.7442456875121308
1.0635102810122115,-0.2616266965125602,0.0,1.0635102810122112,0.0,2.6502739550495433,0.881329875646832,-0.6426100031498514,0.0,0.881329875646832,0.0,3.0478797575933676,0.9234556195124003,-0.5382119252849263,-0.0013057415395812246,0.9229547392150017,-0.0014437237664183381,2.917533889372598
0.2833738423031712,-0.1705754401975039,0.0,0.2833738423031712,0.0,0.9078985650013499,0.6035944416696276,-0.1650256672224835,0.0,0.6035944416696277,0.0,1.5372402177842222,0.4926297108381965,-0.17199314718672698,0.0008397008690742264,0.493015255587871,0.00043615019184743795,1.3074153975421465
0.36363753893375567,-0.047258230695867716,0.0,0.36363753893375567,0.0,0.8217915392592468,1.370332269407766,-0.5309490037166243,0.0,1.3703322694077658,0.0,3.8025625462487804,1.007535076220163,-0.3489426747252084,0.009680649684827299,1.0088557867576542,-0.012659438765694628,2.5196360970380263
0.6774903479878702,-0.14396501335124579,0.0,0.6774903479878703,0.0,1.642910722678232,0.4883169112358948,-0.06355407565927206,0.0,0.4883169112358948,0.0,1.1037419737903338,0.5422227339923253,-0.08624777218452426,0.0005204957465159793,0.5424201304288956,-0.0013906553756232022,1.2595207062976779
0.9739655834007066,-0.1569321028758634,0.0,0.9739655834007066,0.0,2.26179537255314,1.340710953189491,-0.36628461289944547,0.0,1.340710953189491,0.0,3.413991132177873,1.2223234345420693,-0.2976493062764119,0.0012108602633061872,1.2225488706425507,-0.0007755876311772636,3.00675528043477
2.4138305711908683,-0.8130909647545158,0.0,2.4138305711908687,0.0,6.453843071890769,1.9279484299502194,-0.2752006198202125,0.0,1.9279484299502199,0.0,4.406298099540864,2.0659126632865776,-0.42909848160466996,0.0030914176725364033,2.0658272825786157,-0.0028447150334999205,5.000049674829623
1.5480627712385613,-0.6601267926450758,0.0,1.548062771238561,0.0,4.416379127767274,0.33109685121710203,-0.06813846172716694,0.0,0.331096851217102,0.0,0.7984706258885378,0.5655760099405058,-0.1742643457486129,0.013763400247498787,0.5741190427253078,-0.020048830632003592,1.3811821543629388
0.70334268646075,-0.6722340584250922,0.0,0.7033426864607499,0.0,2.7511534897716876,1.4853207473792844,-1.4230261102128956,0.0,1.4853207473792844,0.0,5.816693715184361,1.185628296481876,-1.1483988275583574,0.008332707758021819,1.185739995545282,-0.008071055530720432,4.584525792996594
0.4317027244349536,-0.16565560259696124,0.0,0.4317027244349536,0.0,1.1947166540638297,0.31309257167787935,-0.10549915499314463,0.0,0.31309257167787935,0.0,0.8371834533420479,0.3468996342497345,-0.1223802055190812,0.0004468042249169676,0.34700847639584054,-0.0009826121101409154,0.9394455271050305
0.5529404995153135,-0.1511474715912535,0.0,0.5529404995153134,0.0,1.4081759422131341,0.2853099519133501,-0.2446227265630555,0.0,0.28530995191335007,0.0,1.0598653569528107,0.3509123438052141,-0.2278800568765082,-0.000531506043734045,0.3517143901816997,-0.0018654068264368317,1.1570328478894674
3.113591541917855,-0.25995578149127346,0.0,3.1135915419178555,0.0,6.747094646818257,0.6141470587277508,-0.40026509144227823,0.0,0.6141470587277508,0.0,2.028824300340059,1.0573153858076814,-0.4491852821362536,0.013145682722589553,1.084770478361732,-0.02908112895227753,2.9108639286516835
0.8020456859708772,-0.11477332309789233,0.0,0.8020456859708772,0.0,1.8336380181375391,1.201590804763165,-1.137584091360531,0.0,1.201590804763165,0.0,4.6783497922473956,1.0217032267786474,-0.7916467080057076,0.012689161533609746,1.018270365985406,-0.012140178410300344,3.501103647997222
0.3006357611674867,-0.09229718586120707,0.0,0.30063576116748675,0.0,0.7858658940573876,0.3867323904223959,-0.25942298226929444,0.0,0.386732390422396,0.0,1.2923107453833809,0.355986188421572,-0.2052432567286278,0.00034866559375604575,0.3557780284773281,-0.0006121652143607152,1.1081108334509322
0.2537287519106784,-0.24422169095467236,0.0,0.2537287519106784,0.0,0.9959008857306987,0.8773173631139538,-0.07238095480298985,0.0,0.8773173631139538,0.0,1.899396635833887,0.6366139609120075,-0.16364106317564167,0.001165467758948523,0.6366696528814367,0.0005830931501774124,1.5594744800361549
0.2984128148546766,-0.20168312734380217,0.0,0.2984128148546766,0.0,1.0001918843969577,0.9874727242003748,-0.850828469347104,0.0,0.9874727242003748,0.0,3.676602387094955,0.7233806430974631,-0.5992029285156116,0.013029570239818168,0.723577709757861,-0.013341013377693863,2.4801531534396095
0.6754927737065328,-0.05937939193655018,0.0,0.6754927737065329,0.0,1.4697443312861662,0.4169612434051432,-0.20660931423891588,0.0,0.4169612434051432,0.0,1.2471411152881187,0.48242203642614295,-0.17375651308154172,-0.0009066020835495011,0.48282895876197224,-0.0014181687192264532,1.3139465525282086
1.6295582838593587,-0.7022186214557266,0.0,1.6295582838593587,0.0,4.663553810630171,0.4106572457545966,-0.0335670010205542,0.0,0.4106572457545966,0.0,0.8884484935503015,0.6606952642298652,-0.159557424940646,0.014164333359640055,0.6672008788149681,-0.019850496609687077,1.5444639666578577
1.8268518259423403,-1.3554084932094004,0.0,1.8268518259423405,0.0,6.364520638303481,2.1305250598061183,-1.2756616917890142,0.0,2.1305250598061183,0.0,6.812373503190265,2.0342647269372467,-1.3025684478439168,0.0012315567741064948,2.034390773116488,0.0011601680544688678,6.6675249765239855
1.3024085313426308,-0.3378746789424042,0.0,1.3024085313426308,0.0,3.2805664205700706,1.5220065062773702,-1.1459168154683312,0.0,1.5220065062773704,0.0,5.335846643491403,1.4307111103075398,-0.8919832501205515,0.00340971821345924,1.429081520473404,-0.004863711273760088,4.589282867815693
0.45751454098074223,-0.1509766145836943,0.0,0.45751454098074223,0.0,1.2169823111288731,0.5678973809367337,-0.05301238938104329,0.0,0.5678973809367338,0.0,1.241819540635554,0.5306015159624802,-0.08650332856976917,0.0007918943562782313,0.5306140578607279,0.0008363320006752658,1.2337419729170434
0.2914377129307619,-0.17879185813274232,0.0,0.2914377129307619,0.0,0.9404591421270084,0.5484812990695376,-0.05210725076463369,0.0,0.5484812990695376,0.0,1.2011770996683426,0.4546021819812506,-0.10474484736189367,0.0012769645770444294,0.4547695286911349,0.0016265385669398393,1.1114832010712434
1.6764405980921622,-0.12866952045134636,0.0,1.6764405980921624,0.0,3.610220237087017,0.4139764683734933,-0.05539278631978018,0.0,0.4139764683734932,0.0,0.9387385093865469,0.666133423965592,-0.0961196338182983,0.006674094371210623,0.6771879041526774,-0.014205543750979512,1.4738116680002646
2.453616339961038,-1.0471899979383585,0.0,2.453616339961038,0.0,7.001612675798792,1.2924509299001425,-0.9215922573762557,0.0,1.2924509299001425,0.0,4.428086374552798,1.595727657972866,-0.9651641478640601,0.0018727728565573263,1.5992127772860858,-0.009850935753916688,5.106679081830069
0.47871893511366753,-0.1181902024866255,0.0,0.47871893511366753,0.0,1.1938182752005864,0.2722991551225144,-0.26139505989770434,0.0,0.2722991551225144,0.0,1.067388430040437,0.3211411764223281,-0.23122936827059046,-0.0008630413868282566,0.3214522784821613,-0.0010888758524981125,1.1048072962416087
0.44281690173359867,-0.3000568780837809,0.0,0.44281690173359867,0.0,1.4857475596347594,0.7174453492201955,-0.48627619047094256,0.0,0.7174453492201955,0.0,2.407443079382276,0.6260162572255161,-0.4228924433829242,0.0011081184784439504,0.626209307247047,-0.0008246034581370601,2.071269949636328
0.5699074442646008,-0.04810014999840051,0.0,0.5699074442646008,0.0,1.2360151885260025,2.7276167351696636,-1.5650000969680926,0.0,2.727616735169664,0.0,8.585233664275515,1.9136827433545716,-0.9628215315034239,0.04299235450472076,1.916010787370234,-0.04937634273369875,5.187113400163459
1.0719024042940166,-0.3319868008864284,0.0,1.0719024042940164,0.0,2.80777841036089,0.8864150566646732,-0.35558932866363324,0.0,0.8864150566646732,0.0,2.484008770656613,0.9404218901998008,-0.3497174817623418,-0.0003828752022144024,0.9405544554983859,-0.0009989975541701702,2.5832605047830506
2.056878309079472,-0.8434592687474393,0.0,2.0568783090794724,0.0,5.800675155653822,1.6547384868957544,-0.12635279353724974,0.0,1.6547384868957546,0.0,3.5621825608660087,1.761134705789246,-0.3336902964472158,0.0049612042005396885,1.7605269737938622,-0.003032159728117919,4.19589431553232
1.5229408491098662,-0.7130527079112964,0.0,1.5229408491098662,0.0,4.471987114042325,2.2738917631429447,-0.30028986749430286,0.0,2.2738917631429443,0.0,5.148363261274494,2.0135486045978936,-0.4550877849103055,0.001875992261432152,2.013972902563267,0.0016705268452519332,4.92193474603802
2.3227723742688506,-0.9687153940932491,0.0,2.3227723742688506,0.0,6.582975536724201,2.009150511670285,-0.4246055383603952,0.0,2.009150511670285,0.0,4.867512100061359,2.0968002833629753,-0.5846514633388842,0.002717994423039648,2.0965020562961705,-0.0015512925816568326,5.373546924677603
1.0908701439783188,-0.12099432412706428,0.0,1.0908701439783188,0.0,2.423728936210766,0.6180022543683473,-0.5318600623499332,0.0,0.6180022543683474,0.0,2.2997246334365626,0.7248670214774049,-0.4434855362324371,-0.00206270027865954,0.7252135528074571,-0.002228994267619708,2.337562937083908
0.5245666457368618,-0.2018298452639515,0.0,0.5245666457368618,0.0,1.4527929820016263,2.1796317840990564,-0.3707317560586534,0.0,2.1796317840990564,0.0,5.10072708031542,1.5756087197773465,-0.33672144518808256,0.0074151262228649584,1.576823058743046,-0.012999091594380717,3.605117264331759
0.3233174028547412,-0.2792744946773813,0.0,0.32331740285474114,0.0,1.205183795064244,0.37390646053351334,-0.10710295731992449,0.0,0.3739064605335134,0.0,0.9620188357068757,0.3510150630739657,-0.16557314798113362,0.0019410201368190096,0.3508526599535135,0.0008959967623118823,1.0351572653825056
1.551913444783817,-0.8406943703121446,0.0,1.551913444783817,0.0,4.7852156301919235,0.6129308261046764,-0.28065267930605425,0.0,0.6129308261046764,0.0,1.7871670108214612,0.8382308039698078,-0.40725118390958037,0.009516391697201705,0.840871252473264,-0.013751610511149152,2.4390054002011063
0.9142410588153682,-0.42913500492675993,0.0,0.9142410588153683,0.0,2.686752127484256,0.7327620999981131,-0.691658346208024,0.0,0.7327620999981131,0.0,2.848840892412279,0.7781592512819391,-0.6212573124063802,-0.0013663158626094985,0.7779710041248981,-0.0012706880161865908,2.797393794853341
1.2792998150604917,-1.2225450479287008,0.0,1.2792998150604917,0.0,5.003689725978377,0.4813001723160678,-0.20947645284311583,0.0,0.4813001723160678,0.0,1.3815532503183676,0.6351461573561334,-0.43670298189529383,0.02015048654043724,0.6337313543597899,-0.015494808089821326,2.056633175923555
2.9381690802114826,-0.3462131207620479,0.0,2.938169080211482,0.0,6.568764401947061,1.853154186951319,-1.0108604368774785,0.0,1.8531541869513188,0.0,5.728029247657593,2.128249796788696,-0.8595519488984391,-0.002497759559966772,2.1297461079774953,-0.003695990917943296,5.981740288412676
0.720328586050729,-0.3559571434886296,0.0,0.720328586050729,0.0,2.1525714590787173,0.38524729322260665,-0.040514372360087474,0.0,0.3852472932226066,0.0,0.8515233311653881,0.47004611884668845,-0.11944800772075233,0.004195160597005377,0.470136876513702,-0.004435607385117179,1.165155802788362
1.2368908862578494,-1.1059009771351587,0.0,1.2368908862578496,0.0,4.6855837267860165,0.693212302108098,-0.6763673519260701,0.0,0.6932123021080979,0.0,2.7391593080683374,0.8460843957323056,-0.7767060116584311,-0.00783067100258403,0.8465421001718596,0.005866482728350074,3.211363892174164
2.9337464378455467,-0.23573978666189133,0.0,2.9337464378455467,0.0,6.338972449014875,2.3917700190257514,-0.924718839206917,0.0,2.3917700190257514,0.0,6.632977716465336,2.5341018977256136,-0.7373302882081829,-0.0011779422428374814,2.5338164722985326,-0.001214508139447702,6.5383940804865
1.8357957399361562,-1.4078472817396515,0.0,1.8357957399361564,0.0,6.487286043351613,0.3919731118799442,-0.32729923190510307,0.0,0.39197311187994427,0.0,1.438544687570094,0.6588668065371256,-0.5060966035069713,0.023178721383145154,0.664099309695519,-0.02870762535084544,2.1797339375862044
0.370087920820058,-0.09171866658116741,0.0,0.37008792082005804,0.0,0.9236131748024508,1.1426159185761817,-0.5738884837481399,0.0,1.1426159185761817,0.0,3.4330088046486424,0.8652472820447464,-0.3928000523619052,0.008376928677955326,0.8661910375827668,-0.009669226978430452,2.3699975491781275
0.37199986998598583,-0.19992542079710324,0.0,0.37199986998598583,0.0,1.1438505815661784,0.5902103307106843,-0.18474385365140114,0.0,0.5902103307106843,0.0,1.549908368724171,0.5174677936349438,-0.19229742245781298,0.0006341827478142518,0.517689679631016,0.0007548592655796227,1.409099629924167
0.3401415359884532,-0.261217057966028,0.0,0.34014153598845315,0.0,1.2027171879089622,1.4839681138963092,-0.6353142368937325,0.0,1.4839681138963092,0.0,4.238564701580084,1.069925669568268,-0.5001299140420034,0.007856706387393301,1.07117917092337,-0.012811464743545393,2.9557648743736986
1.9834926133552684,-1.170014633505677,0.0,1.9834926133552684,0.0,6.307014493721891,1.57219515907028,-0.12556845362264077,0.0,1.57219515907028,0.0,3.3955272253858415,1.6625199392420276,-0.4317964454673165,0.009296301652096696,1.6610619179599455,-0.003874333561316784,4.18463341427426
1.7214563803729168,-0.3149885299580142,0.0,1.7214563803729168,0.0,4.072889820661861,0.6175341155290397,-0.11629878277807876,0.0,0.6175341155290397,0.0,1.4676657966142368,0.874666141294067,-0.17362808971579916,0.005586085321083665,0.8806216342916277,-0.01205077469773659,2.0620905825991875
0.45136366272269157,-0.07776723228417882,0.0,0.45136366272269146,0.0,1.0582617900137408,0.3243974310594852,-0.061954703255537855,0.0,0.32439743105948515,0.0,0.7727042686300462,0.36043518494764715,-0.06701245408845524,3.065200608938542e-05,0.36060239556956186,-0.0008862258652613304,0.8567226726359639
0.46572697690976894,-0.34735753610283737,0.0,0.46572697690976894,0.0,1.6261690260252126,0.720446189626964,-0.28062039371854264,0.0,0.720446189626964,0.0,2.0021331666910127,0.6344542564822996,-0.30698604541859714,0.00097859713077021,0.6346748649670167,0.001234036169622679,1.874670199388954
1.0323978624983312,-0.07369380625379496,0.0,1.0323978624983312,0.0,2.212183337504252,0.6021212174643245,-0.19773893365138542,0.0,0.6021212174643245,0.0,1.5997203022314197,0.7136058654596689,-0.173433897557398,-0.0006891334961911002,0.7146259152000337,-0.0025431079931428416,1.7767479921650329
0.4046340141031478,-0.332238142575693,0.0,0.4046340141031478,0.0,1.4737443133576826,0.7949042860887555,-0.1303454002760154,0.0,0.7949042860887555,0.0,1.8504993727295416,0.6500886225588742,-0.21556730133008412,0.001975402914571814,0.6503183291851686,0.002377783701897075,1.7212273219226453
2.2944428477839303,-0.7503000383260444,0.0,2.2944428477839303,0.0,6.089485772219949,0.7259303633279517,-0.5037694378116032,0.0,0.7259303633279516,0.0,2.4593996022791105,1.0743536629211556,-0.5780319153372355,0.008683839975094433,1.0844387184847109,-0.019261721120685343,3.2416039936148175
0.559431060258875,-0.20344568111201355,0.0,0.559431060258875,0.0,1.5257534827417771,0.43031360464546514,-0.23022627861259706,0.0,0.43031360464546514,0.0,1.3210797665161245,0.4670410571337527,-0.22369374911227635,-0.00031439465555406515,0.4671721607129322,-0.0008572675052866631,1.38283870607981
2.6081402441539066,-0.14690380783265083,0.0,2.6081402441539066,0.0,5.510088103973115,0.5546594184751279,-0.16645042502726187,0.0,0.554659418475128,0.0,1.4422196870047796,0.9352543852944536,-0.21650172605314932,0.01116012985909411,0.9562663755163581,-0.023374307776357198,2.2196092751273997
0.94479348427295,-0.11470616420713517,0.0,0.9447934842729497,0.0,2.11899929696017,1.3346147292073494,-0.46974973818518306,0.0,1.3346147292073494,0.0,3.6087289347850646,1.2060070110668575,-0.35186066373394614,0.0020446400772619034,1.20607534207041,-0.001972224934296139,3.0682930380584157
0.8504451351991064,-0.6465871301531364,0.0,0.8504451351991065,0.0,2.994064530704485,1.904304260895434,-1.5147101438939576,0.0,1.9043042608954344,0.0,6.838028809578781,1.5303523154609358,-1.1994110133245155,0.014014261567295799,1.531008446607728,-0.014317003656795061,5.296386346864736
1.5358787610669713,-0.09668941985873115,0.0,1.535878761066971,0.0,3.265136361851405,1.115502899748044,-0.4867622945282779,0.0,1.115502899748044,0.0,3.2045303885526444,1.2235426319312812,-0.3878889414896216,-0.0016552198550288876,1.2236264423915983,-0.0017002625144991491,3.2236276551481966
2.1504810077007983,-0.5552122892468557,0.0,2.1504810077007983,0.0,5.411386593895308,0.7999430559727942,-0.19449319620857933,0.0,0.7999430559727944,0.0,1.9888725043627473,1.1199453650941318,-0.2867634475294814,0.008229648534147347,1.1264741094211712,-0.01560850125039578,2.765838977899509
0.9032337018667224,-0.34424610121093624,0.0,0.9032337018667222,0.0,2.494959606155317,0.5305920701308214,-0.09038823711170232,0.0,0.5305920701308213,0.0,1.2419606144850475,0.6305798587664486,-0.1563685194057083,0.0027955110813820128,0.6310069915711912,-0.0039653762064259185,1.5674209068641707
2.721226411701318,-0.6096481762005189,0.0,2.721226411701318,0.0,6.661749175803675,0.701620870398545,-0.37443307102901285,0.0,0.7016208703985449,0.0,2.1521078828551157,1.115084396486338,-0.4561473733034428,0.01260776306047574,1.1317129437350062,-0.02533753741355606,3.0521595601423166
1.1334023300757277,-0.8621365932154295,0.0,1.1334023300757277,0.0,3.991077846582313,2.2625104556382456,-0.9454169372507335,0.0,2.2625104556382456,0.0,6.415854785777958,1.877419983935164,-0.9290946564183782,0.004700940835354547,1.878832015516479,-0.0026113087757965578,5.536406934391054
0.9955915573067169,-0.6344428628399424,0.0,0.9955915573067169,0.0,3.260068840293318,2.838119089800609,-1.1720323963732502,0.0,2.838119089800609,0.0,8.020302972347716,2.192138819097901,-0.9877282133219275,0.012816258064501446,2.1946725735770376,-0.015884374675485542,6.136686091437205
0.2846650170871896,-0.1742470102113695,0.0,0.2846650170871896,0.0,0.9178240545971185,0.2480069579499871,-0.24282846089130541,0.0,0.24800695794998703,0.0,0.9816708376825751,0.26786798848253246,-0.21693346173664152,-0.002596542299357215,0.2678151879190117,0.001956514108985027,0.9614164470556564
1.7735886963135796,-0.5339014547968957,0.0,1.7735886963135796,0.0,4.614980302220951,0.5450778317286071,-0.05686594548401009,0.0,0.5450778317286072,0.0,1.2038875544252343,0.8183256468919766,-0.1617000949354619,0.010477362050283982,0.8250420159695177,-0.016915822979761578,1.8927962310183684
1.7780555869925507,-0.22114042525404487,0.0,1.7780555869925507,0.0,3.9983920244931914,2.623283446089361,-1.4210671897242886,0.0,2.6232834460893613,0.0,8.088701271627299,2.3253143839688177,-1.018404614279883,0.011176527815595465,2.32423696802674,-0.011029749277777832,6.539379416888732
1.495146047422106,-0.9564613049870034,0.0,1.495146047422106,0.0,4.903214704818218,2.486015528113841,-0.6158883305670868,0.0,2.4860155281138407,0.0,6.2038077173618555,2.143044633974773,-0.752492255652273,0.0026999803940361785,2.1438713810793417,0.0012767120657422458,5.759021360127223
0.595187424975224,-0.3997381840329275,0.0,0.595187424975224,0.0,1.9898512180163033,0.6015995401593591,-0.2211533787572399,0.0,0.6015995401593591,0.0,1.645505837833198,0.5961367788977687,-0.27724401555281863,0.0015122716946373133,0.5959871382846106,0.0003909140663989099,1.7493657195620684
1.435584464121548,-1.0525901407980842,0.0,1.435584464121548,0.0,4.976349209839261,1.8881475495342583,-1.717678597165953,0.0,1.8881475495342583,0.0,7.211652293400412,1.7336163034844534,-1.4997799843567996,0.0034856763043720957,1.7331506226908258,-0.004300699639783549,6.417349394935882
2.4179165677685552,-1.6681174482033794,0.0,2.417916567768555,0.0,8.172068031943866,1.1360238783227947,-0.5092780172204199,0.0,1.1360238783227945,0.0,3.290603791086429,1.4482531658191313,-0.7853503343517786,0.017127347694041103,1.448956863750685,-0.01864549153513895,4.390509876679688
1.1138594668894937,-1.0503119364586209,0.0,1.1138594668894937,0.0,4.328342806696245,1.360159039371658,-0.2283845137559231,0.0,1.3601590393716583,0.0,3.1770871062551627,1.234593064188055,-0.5201814521167876,0.008436306552180617,1.2338383455087134,0.004614626907499033,3.5184866721532
0.3755911238221544,-0.049859199642998224,0.0,0.37559112382215437,0.0,0.8509006469303054,0.742574206225992,-0.16889187661747665,0.0,0.7425742062259919,0.0,1.8229321656869373,0.6186715533901233,-0.12889818804806885,0.0013708923693285873,0.6191382165638724,-0.0008682479451557585,1.4552577607431623
0.43888078204157693,-0.3946901390183244,0.0,0.43888078204157704,0.0,1.667141842119804,2.755158257981487,-0.3515766696957103,0.0,2.755158257981487,0.0,6.213469855354394,1.8716752592099881,-0.4397292235863531,0.00667646377232256,1.8702673533386978,-0.019988946114908316,4.31504005486914
0.3858905437078008,-0.3702624346065973,0.0,0.38589054370780085,0.0,1.5123059566287975,1.6307856516400412,-0.7738998732727884,0.0,1.6307856516400412,0.0,4.809371049825659,1.1809581512489469,-0.6285174373691889,0.00871160501508198,1.1822365639490169,-0.014042009434519472,3.4259497522789992
2.1693356605315626,-0.31399018529810513,0.0,2.1693356605315626,0.0,4.966651691659336,0.8562598618314811,-0.316395644509203,0.0,0.8562598618314811,0.0,2.3453110126813677,1.166511362535769,-0.3399692400348926,0.0035761035968137414,1.1731624030090082,-0.01162108005022064,2.98998879360291
2.2024347725614657,-1.2156711841866106,0.0,2.2024347725614657,0.0,6.836211913496156,2.1159313405155995,-0.43305570919517394,0.0,2.1159313405155995,0.0,5.097974099421547,2.125276787170007,-0.6753048034571003,0.004164096657294652,2.1244923723332167,-0.00012006469133148909,5.61274944154367
0.3276245355532156,-0.08665908836598438,0.0,0.3276245355532155,0.0,0.8285672478383997,1.1363228407704427,-0.4213239976759971,0.0,1.1363228407704424,0.0,3.1152936768928794,0.8477594056324371,-0.2984225801836197,0.005964104567014712,0.8488460473624141,-0.00797255118896612,2.1566508567831253
0.7301458570745025,-0.28085818996743134,0.0,0.7301458570745025,0.0,2.0220080940838674,1.303593202452746,-0.19253488789876627,0.0,1.3035932024527461,0.0,2.9922561807030243,1.1071196665193117,-0.23246669676282555,0.0016924254422567122,1.1077184285754937,0.0007484203059504438,2.649281349099359
