0.8675170564626693,-0.39500702597239257,0.0,0.8675170564626694,0.0,2.525048164870124,1.1207287558798043,-0.7130239830772339,0.0,1.1207287558798043,0.0,3.667505477914076,1.0358754444462486,-0.6087219616183913,0.0,1.0359025585585464,0.0,3.3012812999549466
0.3022098219806026,-0.1481109266844259,0.0,0.3022098219806026,0.0,0.9006414973300572,0.8274877488855286,-0.23416749177570978,0.0,0.8274877488855286,0.0,2.1233104813224766,0.6427883955379537,-0.20686544265998344,0.0,0.6423989203283885,0.0,1.7026344294476463
0.6071926003512068,-0.18438889907171355,0.0,0.6071926003512067,0.0,1.5831629988458402,1.8556310239623781,-1.073795134148518,0.0,1.855631023962378,0.0,5.8588523162217925,1.3941138081953075,-0.7279128193358514,0.0,1.3934436101428471,0.0,4.245752361790476
2.4025313172466674,-0.4282054202602367,0.0,2.4025313172466674,0.0,5.661473475013808,1.1060497995059406,-0.4944350007208152,0.0,1.1060497995059406,0.0,3.2009696004535115,1.4307701587971857,-0.49601552995568066,0.0,1.4297059397677485,0.0,3.814040616440744
0.9853193325727098,-0.7459386697523491,0.0,0.98531933257271,0.0,3.4625160046501184,0.6720797348304087,-0.2068503307910172,0.0,0.6720797348304088,0.0,1.757860131242852,0.7446147954375537,-0.35464949273622215,0.0,0.7447734883523025,0.0,2.1671032811219675
1.4634733246944778,-0.2549752456866264,0.0,1.4634733246944778,0.0,3.4368971407622086,0.4691950884745393,-0.044918712816923306,0.0,0.4691950884745393,0.0,1.028227602582925,0.6954722433477731,-0.09569169985664198,0.0,0.6942202315564101,0.0,1.536408233050572
0.7109474566089224,-0.49164131028666186,0.0,0.7109474566089224,0.0,2.4051775337911687,0.5464810874688641,-0.25139952434973345,0.0,0.5464810874688641,0.0,1.5957612236371954,0.5902516718088331,-0.3191325370114179,0.0,0.5902855961194553,0.0,1.8051200726173158
0.6805514153296907,-0.21902600188951946,0.0,0.6805514153296907,0.0,1.79915483443842,2.062770989501616,-1.8578604623498802,0.0,2.062770989501616,0.0,7.841262903702985,1.4834843001330422,-1.203493439790157,0.0,1.4841696416277879,0.0,5.381618702489042
0.29838379002436255,-0.1701224863683635,0.0,0.29838379002436255,0.0,0.9370125527854521,0.3987741094635106,-0.30953669807506345,0.0,0.39877410946351055,0.0,1.4166216150771473,0.36419806723215725,-0.26337603176121016,0.0,0.36421762903063976,0.0,1.2606326720502754
1.7404128396414882,-0.9327060226795526,0.0,1.740412839641488,0.0,5.346237724642082,0.43611241571770604,-0.28003819150939985,0.0,0.436112415717706,0.0,1.432301214454211,0.705204242783351,-0.39756991498854355,0.0,0.7036628564459972,0.0,2.1203176303904296
0.7745233137997576,-0.4942458106193261,0.0,0.7745233137997576,0.0,2.537538248838166,2.3125876676113113,-0.6202600051523278,0.0,2.3125876676113117,0.0,5.865695345527279,1.7646933552320563,-0.5927575195068618,0.0,1.7634264228620984,0.0,4.72517636908791
2.4156877758077235,-1.964256365016624,0.0,2.4156877758077235,0.0,8.759888281648697,0.872309999850025,-0.24131087265189247,0.0,0.872309999850025,0.0,2.227241745003835,1.1795807181061269,-0.6062783726888099,0.0,1.1799392784371514,0.0,3.4289321055845075
0.5772497559551305,-0.10437912148824173,0.0,0.5772497559551305,0.0,1.3632577548867446,2.6907059483903466,-0.26141805537107626,0.0,2.6907059483903466,0.0,5.904248007522846,1.9091688520830061,-0.2353290168482783,0.0,1.906259651425807,0.0,4.253241500899377
0.27564933206826153,-0.24288328681149104,0.0,0.27564933206826153,0.0,1.0370652377595055,0.36527738963954176,-0.2342925256056675,0.0,0.36527738963954176,0.0,1.1991398304904186,0.3363518867578157,-0.23763628730293065,0.0,0.3363363561645329,0.0,1.1502574848453555
0.47033209063192954,-0.40997241280173163,0.0,0.47033209063192943,0.0,1.7606090068673221,1.449046696155896,-0.21177214127118887,0.0,1.449046696155896,0.0,3.3216376748541703,1.085260255205291,-0.31453369949165844,0.0,1.084533337672246,0.0,2.8069792317696596
0.3328918329810241,-0.06775038366994064,0.0,0.3328918329810241,0.0,0.8012844333019292,1.544504977915896,-0.5604541772686645,0.0,1.5445049779158961,0.0,4.209918310369121,1.0979962371881171,-0.3670453995131717,0.0,1.096391631969533,0.0,2.909786270292607
0.4725275286970773,-0.03303239804490297,0.0,0.4725275286970773,0.0,1.0111198534839605,0.352543370674326,-0.12817484464034704,0.0,0.352543370674326,0.0,0.9614364306293458,0.3847530448182973,-0.10346967939381485,0.0,0.38474162234700665,0.0,0.9758990636021553
0.7324876298799483,-0.2832758774853783,0.0,0.7324876298799484,0.0,2.031527014730653,0.459006935415501,-0.07704432602545237,0.0,0.459006935415501,0.0,1.072102522881907,0.5327131438978324,-0.13092971335714274,0.0,0.5326686259144531,0.0,1.3119925741756882
1.2178026418504375,-0.9838470881165418,0.0,1.2178026418504375,0.0,4.403299459933957,1.2303565511140628,-0.4276422366093984,0.0,1.2303565511140628,0.0,3.315997575446923,1.2094822462382078,-0.604021562704828,0.0,1.2096255655371115,0.0,3.6095144426968653
1.475125570531343,-0.4159952569339579,0.0,1.475125570531343,0.0,3.7822416549306026,0.8064197681665063,-0.3786167809374447,0.0,0.8064197681665064,0.0,2.3700730982079024,0.983619858246563,-0.3935430671543995,0.0,0.9832358663201003,0.0,2.7321373955442456
0.4589263918312071,-0.20452057194012815,0.0,0.45892639183120715,0.0,1.3268939275426703,0.6067508089595139,-0.14773538476896886,0.0,0.6067508089595139,0.0,1.5089723874569656,0.5582757856386914,-0.16780289963372694,0.0,0.5582541789957857,0.0,1.454020920823785
2.6542887566408697,-0.40761854677725395,0.0,2.6542887566408693,0.0,6.123814606836247,2.9782081094797728,-0.3139737559546617,0.0,2.9782081094797728,0.0,6.584363730868868,2.8765952585911645,-0.3445418147426737,0.0,2.876572487049297,0.0,6.446091415935981
0.3778561796305029,-0.35204358062290875,0.0,0.377856179630503,0.0,1.4597995205068193,0.9479117406346232,-0.17086411346969074,0.0,0.9479117406346235,0.0,2.2375517082086285,0.7370869683776234,-0.2547338244057025,0.0,0.7367954037724556,0.0,1.9898535313839698
0.9545337576154137,-0.09122366944370551,0.0,0.9545337576154137,0.0,2.091514854118238,0.366437284312017,-0.18391569206546446,0.0,0.36643728431201705,0.0,1.100705952754963,0.5037122329343637,-0.1749417294445225,0.0,0.5030680858998334,0.0,1.3407491442099007
1.9218153417222796,-1.2989503531970514,0.0,1.9218153417222796,0.0,6.44153138983866,2.0514558603305093,-1.2976116817179966,0.0,2.0514558603305093,0.0,6.698135084097009,2.0113974113650457,-1.2981727788221882,0.0,2.011391744957981,0.0,6.622780100603142
1.4100639729395952,-0.824758812164334,0.0,1.4100639729395952,0.0,4.469645570207858,0.9541798011803403,-0.058777146205182935,0.0,0.9541798011803403,0.0,2.025913894771046,1.060396258282712,-0.2680031766332219,0.0,1.0606181702196738,0.0,2.6140479777962966
1.8620679702301695,-1.0777166619093288,0.0,1.8620679702301697,0.0,5.879569264278995,2.0203715777011513,-0.2931766516914092,0.0,2.0203715777011513,0.0,4.627096458785121,1.9477706361197955,-0.5481946371811994,0.0,1.9479428599409145,0.0,4.974852264592786
2.403662136421329,-1.4646798042601672,0.0,2.403662136421329,0.0,7.736683881362994,0.5929211110848431,-0.2855396511786388,0.0,0.5929211110848431,0.0,1.7569215245269634,0.9554911104096363,-0.49037137927663366,0.0,0.9538451033032976,0.0,2.7594694327270077
0.5126729052748339,-0.05594820207991228,0.0,0.5126729052748338,0.0,1.1372422147094925,0.5466287661950746,-0.1367641325781768,0.0,0.5466287661950746,0.0,1.3667857975465028,0.5355404441799818,-0.1117012176593233,0.0,0.535547844538862,0.0,1.2963688389808496
0.6118038856352921,-0.06270597502486681,0.0,0.6118038856352921,0.0,1.3490197213203177,1.0635760972607262,-0.5942609818086171,0.0,1.0635760972607262,0.0,3.3156741581386866,0.8994434486734801,-0.40633108718054517,0.0,0.8995228343577534,0.0,2.6189795470482036
0.3089492163223789,-0.2682175867605777,0.0,0.3089492163223788,0.0,1.1543336061659122,0.5936639742447302,-0.1594728837770964,0.0,0.5936639742447302,0.0,1.5062737160436532,0.4921425721366162,-0.20471927415097238,0.0,0.4920512011283957,0.0,1.3974469735713542
1.013887100777532,-0.7162446378733102,0.0,1.013887100777532,0.0,3.460263477301684,0.41669232370075826,-0.052153962615142734,0.0,0.41669232370075826,0.0,0.9376925726318021,0.5436758568891479,-0.20039486830749587,0.0,0.5437873348438372,0.0,1.4351633956054413
1.0455932805466028,-0.13052853757286378,0.0,1.0455932805466028,0.0,2.3522436362389327,0.2818560874924646,-0.25362927841576255,0.0,0.2818560874924646,0.0,1.0709707318164539,0.43812545645652184,-0.2489797465687532,0.0,0.43692569716841456,0.0,1.3488875370589697
1.8176123221054765,-0.5953824810121516,0.0,1.8176123221054767,0.0,4.825989606235257,1.7252411666786878,-0.26365328896455426,0.0,1.725241166678688,0.0,3.977788911286485,1.7497701285640455,-0.3638977056621166,0.0,1.7498084770683506,0.0,4.2171425726008716
1.376380624230721,-0.592591218649186,0.0,1.376380624230721,0.0,3.937943685759813,0.499408047406101,-0.07802352846916388,0.0,0.4994080474061011,0.0,1.1548631517505301,0.7031326795649284,-0.18651597034760314,0.0,0.7025271883137891,0.0,1.724142677110068
1.0281098304988068,-0.7466406328091117,0.0,1.0281098304988068,0.0,3.549500926615838,0.3441569204751218,-0.08770565082374136,0.0,0.3441569204751218,0.0,0.8637251425977261,0.48485138010475765,-0.22086843381083238,0.0,0.4847981368283455,0.0,1.3532491193041052
0.8843093462552586,-0.5038776352215527,0.0,0.8843093462552586,0.0,2.7763739629536226,0.5195855974308917,-0.3721084997756873,0.0,0.5195855974308917,0.0,1.783388194413158,0.6184259834225139,-0.40683342990489896,0.0,0.6182807958389873,0.0,2.033206250881828
2.4171841922397017,-0.22132414343596568,0.0,2.4171841922397013,0.0,5.277016671351334,0.6514855763100457,-0.18813617252605128,0.0,0.6514855763100457,0.0,1.679243497672194,1.025375291068416,-0.22325899980113492,0.0,1.0224748594601842,0.0,2.4267790304467045
1.8970257884435502,-0.5813567018018263,0.0,1.8970257884435502,0.0,4.956764980490753,0.9885273785660383,-0.49935653719639644,0.0,0.9885273785660381,0.0,2.9757678315248697,1.2265470215077663,-0.5269295213525628,0.0,1.2259766363640132,0.0,3.47476302264762
1.9884129464142402,-0.34252089556265203,0.0,1.9884129464142402,0.0,4.661867683953783,0.7881333807122264,-0.25764696096415446,0.0,0.7881333807122264,0.0,2.091560683352762,1.0783593387830233,-0.290123733758034,0.0,1.0771337929919689,0.0,2.6927348689038393
2.2933150749178637,-1.2271256541538675,0.0,2.2933150749178637,0.0,7.040881458143462,2.33328254259097,-0.2635156845699466,0.0,2.33328254259097,0.0,5.193596454321834,2.2938845868489173,-0.5688106384459348,0.0,2.2941173442338556,0.0,5.699924684656508
0.6415065353729321,-0.10447124258297885,0.0,0.6415065353729321,0.0,1.491955555911822,0.29014377468335584,-0.17142835458853178,0.0,0.2901437746833559,0.0,0.9231442585437755,0.37623114795588025,-0.1619667692868852,0.0,0.37593739476912674,0.0,1.067277637457307
0.6067888128190273,-0.15088137763401657,0.0,0.6067888128190273,0.0,1.5153403809060881,2.4368784564067174,-0.15257136189286769,0.0,2.436878456406717,0.0,5.178899636599168,1.7619917496943147,-0.18849496115349995,0.0,1.7598904766442087,0.0,3.8812966872480756
0.48762980978900244,-0.4231001332500033,0.0,0.48762980978900244,0.0,1.8214598860780107,1.8075988221123795,-1.1804734425495764,0.0,1.8075988221123793,0.0,5.976144529323913,1.3203809552231232,-0.8814113313860328,0.0,1.3192133706419789,0.0,4.416871975959535
0.648024805136681,-0.03802973142599874,0.0,0.648024805136681,0.0,1.3721090731253596,2.4302414738584615,-0.212431281744409,0.0,2.4302414738584615,0.0,5.285345511205741,1.783248585784113,-0.17016326075645627,0.0,1.7812894403416806,0.0,3.88025321670913
0.7051066580509767,-0.34956428312074006,0.0,0.7051066580509768,0.0,2.109341882343434,0.47216034358677716,-0.25128016713348866,0.0,0.47216034358677716,0.0,1.4468810214405323,0.5372934076754257,-0.2780184762338436,0.0,0.5372309817294422,0.0,1.619960310557463
0.33906462492588635,-0.06996288429962004,0.0,0.3390646249258863,0.0,0.8180550184510128,0.6347977425744619,-0.0340702950587735,0.0,0.6347977425744619,0.0,1.3377360752664709,0.5334490713911871,-0.05072228464365023,0.0,0.5333349665796475,0.0,1.1701836556159664
1.4712754844299307,-0.3292407036457209,0.0,1.4712754844299307,0.0,3.601032376151303,0.6403521807468546,-0.17103623224277612,0.0,0.6403521807468545,0.0,1.6227768259792617,0.8481050187858681,-0.21343274419638025,0.0,0.8474098510847413,0.0,2.089455809128645
0.6082350409895027,-0.10792692695067496,0.0,0.6082350409895027,0.0,1.432323935880355,1.019989465911821,-0.6724819864426004,0.0,1.019989465911821,0.0,3.3849429047088417,0.8664357667492256,-0.4742609505897935,0.0,0.866592421517064,0.0,2.6915558118049736
0.44797386230205355,-0.053013077745161834,0.0,0.44797386230205355,0.0,1.0019738800944307,0.3453605245364715,-0.2683361318765044,0.0,0.3453605245364715,0.0,1.227393312825952,0.3665104706539424,-0.21101456137978172,0.0,0.3665944404863999,0.0,1.1576465938085116
0.9384915202288764,-0.7232994773909471,0.0,0.9384915202288764,0.0,3.323581995239649,1.279355746849763,-0.10683981619735258,0.0,1.2793557468497632,0.0,2.772391126094231,1.1372835607887888,-0.33021020511092486,0.0,1.1373974943559133,0.0,2.9274149565384855
0.38828514657847674,-0.1380688486374454,0.0,0.3882851465784767,0.0,1.052707990431844,1.045769233448473,-0.8670690911611486,0.0,1.045769233448473,0.0,3.8256766492192424,0.7840235923793116,-0.5840187267369593,0.0,0.7841768467201868,0.0,2.743603293195003
0.9158119876558763,-0.06011444015216908,0.0,0.9158119876558765,0.0,1.9518528556160908,1.1410588743812036,-0.42648233458983875,0.0,1.1410588743812036,0.0,3.1350824179420855,1.0638110792972537,-0.3075977961928986,0.0,1.0638725470962722,0.0,2.750198066404945
1.4009064911420193,-1.1847782234010042,0.0,1.4009064911420193,0.0,5.171369429086044,2.073045963002626,-1.9617079852250703,0.0,2.073045963002626,0.0,8.069507896455404,1.839393554259137,-1.6965750091371647,0.0,1.8394429343241268,0.0,7.1106697228005595
0.8909639574680616,-0.1126627730098101,0.0,0.8909639574680616,0.0,2.0072534609557433,0.8970070643390922,-0.4852778286066539,0.0,0.897007064339092,0.0,2.7645697858914926,0.8857753890386536,-0.37307801586568107,0.0,0.8859014242221334,0.0,2.5246442749434803
2.9333048364939622,-0.48498571676929086,0.0,2.9333048364939622,0.0,6.836581106526506,0.4306813288488781,-0.1891595321151327,0.0,0.4306813288488781,0.0,1.2396817219280214,0.8537247829574119,-0.2650281998848798,0.0,0.8479594385304576,0.0,2.101673601871013
1.9392221435762027,-0.28773806346907566,0.0,1.9392221435762027,0.0,4.453920414090556,3.0607279079737477,-0.26428252034815886,0.0,3.060727907973748,0.0,6.650020856643814,2.68926092071383,-0.2811289793970137,0.0,2.688936037915919,0.0,5.951019202258057
2.305788960927549,-0.3607803670851795,0.0,2.305788960927549,0.0,5.333138656025457,0.4299843160580835,-0.20975302752527766,0.0,0.4299843160580835,0.0,1.2794746871667222,0.7780393912241503,-0.26227309178161406,0.0,0.7741004947896385,0.0,1.9892739705741942
3.0624729973349085,-0.2574968731532175,0.0,3.0624729973349085,0.0,6.639939740976252,0.5424967266414631,-0.22218283085009352,0.0,0.542496726641463,0.0,1.5293591149831136,0.9973027397602623,-0.27399005747596067,0.0,0.9917244818738512,0.0,2.426458746537025
0.7437733548796609,-0.20126218958784556,0.0,0.7437733548796608,0.0,1.8900710889350132,0.6493408443424452,-0.18645055134646957,0.0,0.6493408443424452,0.0,1.6715827913778298,0.6773736507044014,-0.19093265086997976,0.0,0.6773643643156699,0.0,1.7339885869985732
1.3717877558503746,-0.29688769479086324,0.0,1.3717877558503748,0.0,3.3373509012824765,0.3530285154112317,-0.05025943078363726,0.0,0.3530285154112317,0.0,0.8065758923897379,0.5682229149999498,-0.10359277608209183,0.0,0.5666558510263945,0.0,1.290929012629583
1.1736835139490205,-0.3179156626301394,0.0,1.1736835139490205,0.0,2.9831983531583197,0.5613890685060706,-0.13849191066580643,0.0,0.5613890685060705,0.0,1.399761958343754,0.7187713013383423,-0.18391860282177197,0.0,0.7183657123847325,0.0,1.7788869967653447
0.42411792608480425,-0.1105399066225562,0.0,0.42411792608480425,0.0,1.069315665414721,2.4469048153861137,-1.9680764087180793,0.0,2.4469048153861137,0.0,8.829962448208386,1.598421718514577,-1.1706551305934987,0.0,1.5975981634231953,0.0,5.496703536799491
0.6296864627358427,-0.5108503891291496,0.0,0.6296864627358427,0.0,2.2810737037299837,0.6456392422610944,-0.3883832456136363,0.0,0.6456392422610945,0.0,2.0680449757494612,0.6391265260666226,-0.426588785044766,0.0,0.639141083730945,0.0,2.1280986615877593
0.5873932545422649,-0.30717030427904957,0.0,0.5873932545422649,0.0,1.7891271176426287,1.536962881255545,-0.3327662635070128,0.0,1.536962881255545,0.0,3.739458289525116,1.2017770239132297,-0.3364439626014726,0.0,1.2011310911273383,0.0,3.083303638288962
2.1378530169344394,-0.6008527487468097,0.0,2.137853016934439,0.0,5.477411531362499,1.0730746361224577,-0.22692033840833667,0.0,1.0730746361224575,0.0,2.5999899490615883,1.3501756517408356,-0.3209049137774921,0.0,1.3495632963836626,0.0,3.2946551884436874
0.25778086189896926,-0.21004257114660185,0.0,0.25778086189896926,0.0,0.9356468660911418,0.9375862730823181,-0.26364969143391215,0.0,0.9375862730823181,0.0,2.4024719290324605,0.69100820910106,-0.25310239290780934,0.0,0.690292764545253,0.0,1.8913192828132819
1.0472223598832706,-0.8045920628435548,0.0,1.0472223598832704,0.0,3.7036288454536486,0.293369817528298,-0.13635585701393352,0.0,0.293369817528298,0.0,0.8594513490844631,0.44144640529606877,-0.25980344032393243,0.0,0.4412286300229087,0.0,1.3394407995219753
0.4662579254095854,-0.19552775288894944,0.0,0.46625792540958527,0.0,1.32357135659707,2.1439671035791337,-0.15505646811394022,0.0,2.1439671035791337,0.0,4.598047143386147,1.5163464259828499,-0.20956963711507007,0.0,1.5141535624525746,0.0,3.434707048552757
0.3583634679601059,-0.13274890588322608,0.0,0.3583634679601058,0.0,0.9822247476866635,1.6896661969489373,-0.49813625280585094,0.0,1.689666196948937,0.0,4.375604899509577,1.2014072513345895,-0.3626384623440489,0.0,1.199537045708005,0.0,3.1113403071170205
2.3866836491081735,-0.8231169881453593,0.0,2.3866836491081735,0.0,6.419601274507066,0.3734367803608467,-0.327274105710442,0.0,0.37343678036084677,0.0,1.4014217721425768,0.7221733153000948,-0.4145570148332091,0.0,0.7182243615205773,0.0,2.1533292736165355
0.30857736433482563,-0.28284662374097436,0.0,0.30857736433482563,0.0,1.1828479761516022,1.6371678597599941,-1.419519456236437,0.0,1.637167859759994,0.0,6.113374631992858,1.0945724312285325,-0.937257784169762,0.0,1.0937793912987914,0.0,4.064439016809747
2.0109453777431376,-0.36744596008464303,0.0,2.0109453777431376,0.0,4.75678267565556,0.27772388072959936,-0.2539042587934175,0.0,0.2777238807295993,0.0,1.0632562790460351,0.5584792452475048,-0.2971343315807779,0.0,0.5546806254517106,0.0,1.6198765255642649
2.9633370166035644,-0.9517028028505725,0.0,2.9633370166035644,0.0,7.830079638908273,1.1432637726550259,-0.67428657492195,0.0,1.1432637726550259,0.0,3.6351006951539517,1.5814649052709817,-0.7517015684940421,0.0,1.5796126123182508,0.0,4.589333858951395
0.5065895629794774,-0.38463600528303465,0.0,0.5065895629794774,0.0,1.7824511365250235,1.6571518821283837,-0.7685670476835463,0.0,1.6571518821283837,0.0,4.85143785962386,1.2460975241982517,-0.6265866258485826,0.0,1.2450486204369724,0.0,3.755762964159617
1.5763073472723739,-0.47607767670911855,0.0,1.576307347272374,0.0,4.104770047962987,2.255917157825695,-1.9238293875834973,0.0,2.255917157825695,0.0,8.359493090818384,1.9805669941805957,-1.434715402424645,0.0,1.981262084348299,0.0,6.866078232136486
1.5001899011202693,-0.09686152594904894,0.0,1.500189901120269,0.0,3.194102854138636,2.2412941591125604,-0.17475671024296194,0.0,2.2412941591125604,0.0,4.832101738711044,1.9990890474333538,-0.15221313934572678,0.0,1.9988973794419176,0.0,4.309183525040501
0.3197357815585042,-0.09937888003670202,0.0,0.3197357815585042,0.0,0.8382293231904124,1.9440083056615918,-0.11476596090561865,0.0,1.9440083056615918,0.0,4.117548533134421,1.3279621848495533,-0.14618651139132094,0.0,1.32517182767241,0.0,2.915323461926963
2.638883868012991,-1.7661288573758496,0.0,2.638883868012991,0.0,8.810025450777681,2.54401181366564,-0.5355346424858405,0.0,2.54401181366564,0.0,6.159092912302961,2.5357074049897586,-0.9190004093051586,0.0,2.5360437228516775,0.0,6.868539907975572
1.3923458463527918,-0.1183588147294781,0.0,1.3923458463527918,0.0,3.0214093221645397,0.8208634393336012,-0.5254819689177255,0.0,0.8208634393336013,0.0,2.692690816502654,0.960874165360094,-0.43427594717763757,0.0,0.9607226442861806,0.0,2.7859541390730973
0.2619690541649103,-0.24986621192465583,0.0,0.2619690541649103,0.0,1.023670532179132,0.5742549119991315,-0.08128484076903787,0.0,0.5742549119991316,0.0,1.3110795055363387,0.4557713682489854,-0.1541476817986124,0.0,0.4556753105933728,0.0,1.2227134772031634
2.2322479040874077,-1.0279433111756107,0.0,2.2322479040874073,0.0,6.520382430526038,0.4725141566313008,-0.24014206021840173,0.0,0.4725141566313008,0.0,1.4253124336994047,0.8155332958088605,-0.3733455892056645,0.0,0.8129657284454164,0.0,2.263300351502602
0.9168032849225988,-0.4968922617132778,0.0,0.9168032849225988,0.0,2.8273910932717525,1.019215120976757,-0.38108716075864113,0.0,1.019215120976757,0.0,2.8006045634707966,0.9860019345934841,-0.41837575731598003,0.0,0.9860038632213398,0.0,2.808413746185097
0.3818531116803305,-0.3387686733756834,0.0,0.38185311168033054,0.0,1.4412435701120276,1.5320968246104205,-0.30392804508454657,0.0,1.5320968246104205,0.0,3.6720497393899336,1.1060158626601737,-0.34270903334043723,0.0,1.104708768702369,0.0,2.9001081344584856
0.6470953762812459,-0.38735742519607985,0.0,0.6470953762812458,0.0,2.068905602954652,1.1057528902632616,-0.15078114344298124,0.0,1.1057528902632616,0.0,2.5130680674124855,0.9428849431806559,-0.24376410586960265,0.0,0.9427843883276062,0.0,2.377459768909609
0.7432713445359024,-0.3987331088128513,0.0,0.7432713445359023,0.0,2.2840089066975073,1.2455242909689985,-0.16229519461972525,0.0,1.245524290968999,0.0,2.8156389711774485,1.0693264338678412,-0.25467656828707935,0.0,1.0692120661306987,0.0,2.6527369851073472
1.507921417692822,-0.9929857229595259,0.0,1.507921417692822,0.0,5.001814281304694,1.7191014220951242,-0.6874678531211024,0.0,1.7191014220951242,0.0,4.813138550432454,1.647816241093565,-0.7872767940684887,0.0,1.6478347502452513,0.0,4.867613335433621
0.42966677374408874,-0.1881591669534958,0.0,0.4296667737440887,0.0,1.235651881395169,1.6369548553298812,-0.7466667049293163,0.0,1.636954855329881,0.0,4.767243120518394,1.1964576808384149,-0.5291559421637517,0.0,1.1952187906256417,0.0,3.4472461925567615
0.7999210068545243,-0.2923816046205261,0.0,0.7999210068545243,0.0,2.184605222950101,1.5052800482416988,-0.37057553335526,0.0,1.505280048241699,0.0,3.7517111631939173,1.2671653289603213,-0.3483015503237104,0.0,1.266873359777535,0.0,3.239778491022182
0.33566020273182123,-0.03997787933945508,0.0,0.33566020273182123,0.0,0.7512761641425526,0.4299893341203277,-0.26480670953523705,0.0,0.4299893341203277,0.0,1.3895920873111294,0.3933039383851215,-0.1913676929354996,0.0,0.39339263760437754,0.0,1.1737928210525967
2.8183495079391214,-0.28317463814467153,0.0,2.8183495079391214,0.0,6.203048292167585,2.6922561111802157,-0.6515278687274325,0.0,2.6922561111802152,0.0,6.687567959815296,2.7267867322623145,-0.5420946968814676,0.0,2.726819558957147,0.0,6.542187177581994
0.31993818352267883,-0.1024841349653415,0.0,0.31993818352267883,0.0,0.8448446369760406,2.3853718825886365,-0.3826165009649012,0.0,2.385371882588636,0.0,5.535976767107075,1.6049877100854135,-0.3004863899350929,0.0,1.6006915622981235,0.0,3.756497018911899
0.6103280685496325,-0.07619462918296017,0.0,0.6103280685496325,0.0,1.3730453954651853,1.3127151241699209,-0.2920601230200246,0.0,1.3127151241699206,0.0,3.20955049437989,1.0723603681458405,-0.21693842954204098,0.0,1.072004718197623,0.0,2.58062308759409
0.336405512032471,-0.30496153713284474,0.0,0.33640551203247093,0.0,1.2827340983306332,0.6860688945850971,-0.2888600951419339,0.0,0.6860688945850971,0.0,1.9498579794540623,0.5655460685811126,-0.29914040356345234,0.0,0.5653862269981887,0.0,1.7361019083588265
0.4832457629234303,-0.11680680270647137,0.0,0.4832457629234303,0.0,1.2001051312598032,0.33764177656980626,-0.27025799665631633,0.0,0.33764177656980626,0.0,1.2157995464522462,0.3737338349840648,-0.23176200257775675,0.0,0.3737391182393591,0.0,1.2112050425812253
0.9616580901683345,-0.7352831779096838,0.0,0.9616580901683345,0.0,3.393882536156038,0.912440110694991,-0.5939106211735727,0.0,0.912440110694991,0.0,3.012701463737127,0.9261916724719462,-0.6365255910035635,0.0,0.9262040800033717,0.0,3.1194097593750953
0.5015221098383832,-0.28381805611386374,0.0,0.5015221098383832,0.0,1.5706803319044937,0.6610381784488533,-0.4794780091371682,0.0,0.6610381784488534,0.0,2.281032375172042,0.6073607365397975,-0.41494560197263464,0.0,0.6073766495312358,0.0,2.0527678141898202
0.34304773906526687,-0.11822347652809265,0.0,0.3430477390652669,0.0,0.9225424311867191,0.44502694845271074,-0.36540171532693544,0.0,0.44502694845271074,0.0,1.6208573275592923,0.4045629585877595,-0.2843131703906352,0.0,0.4046646341900871,0.0,1.3844684512130734
1.5509914691008329,-1.2343668634173144,0.0,1.5509914691008329,0.0,5.570716665036289,2.487812601861543,-0.856984230235433,0.0,2.4878126018615436,0.0,6.689593664193952,2.165569903576638,-1.0025062369789048,0.0,2.165355681869498,0.0,6.349326416289962
0.37988222518552534,-0.02234932986243472,0.0,0.3798822251855253,0.0,0.80446311009592,0.45108586540304224,-0.14363141679638225,0.0,0.45108586540304224,0.0,1.1894345643988489,0.4270918266191191,-0.10480891699412095,0.0,0.427109134696983,0.0,1.0663209972601573
2.134391402461394,-1.0709699391709597,0.0,2.134391402461394,0.0,6.410722683264707,0.32561531271348676,-0.11315061767874587,0.0,0.3256153127134868,0.0,0.8775318607844654,0.6315366309970208,-0.24477480466376636,0.0,0.6286845992474621,0.0,1.6198692496447042
1.9133733184663304,-1.0414772950273263,0.0,1.9133733184663302,0.0,5.909701226987313,0.6686207094058488,-0.15477354635360557,0.0,0.668620709405849,0.0,1.6467885115189087,0.9483280943774259,-0.336753469054876,0.0,0.9476663668710152,0.0,2.482508533388354
0.8629881387228755,-0.517397317853702,0.0,0.8629881387228755,0.0,2.760770913153155,1.4957892149337637,-0.12300858978931917,0.0,1.4957892149337637,0.0,3.2375956094461658,1.2657572580710352,-0.27851932647470046,0.0,1.2656424869420504,0.0,3.092990697077894
1.550813958942477,-0.7207413336617883,0.0,1.550813958942477,0.0,4.54311058520853,1.8962822246054893,-1.1207765138018377,0.0,1.8962822246054893,0.0,6.034117476814655,1.7835455808817549,-0.9915335060633297,0.0,1.7835623921243096,0.0,5.56676381331529
0.9419228828706587,-0.533345194138488,0.0,0.9419228828706587,0.0,2.9505361540182933,1.8975012000945009,-0.8535693523307728,0.0,1.8975012000945009,0.0,5.502141104850547,1.5728583833016996,-0.7422818618041566,0.0,1.5724352457863695,0.0,4.648624227052718
0.3919039205153676,-0.1129384370952496,0.0,0.3919039205153676,0.0,1.0096847152212343,0.42971774660359635,-0.16115101927570552,0.0,0.4297177466035963,0.0,1.1817375317586039,0.41776528705052934,-0.1460480361663285,0.0,0.41776683111236,0.0,1.129382015658537
0.6928054321739734,-0.06521941758616785,0.0,0.6928054321739733,0.0,1.5160496995202823,1.6050460466203924,-0.27178219592282427,0.0,1.6050460466203924,0.0,3.753656485086433,1.290295920308739,-0.2021010731440295,0.0,1.2897642225434842,0.0,2.9841356838344177
0.4761495508078919,-0.212133576563913,0.0,0.4761495508078919,0.0,1.3765662547436097,1.4153454693708623,-0.4400887096592601,0.0,1.4153454693708625,0.0,3.7108683580602446,1.0830936515054324,-0.3605318083398606,0.0,1.0823183801346907,0.0,2.8903844130172165
1.8678469840551872,-0.9262158016878784,0.0,1.8678469840551872,0.0,5.588125571486132,0.6562109263296414,-0.12467048038042218,0.0,0.6562109263296413,0.0,1.5617628134201271,0.9315502536122919,-0.2900448030726371,0.0,0.9308125271216432,0.0,2.361344480963372
2.2233768267974594,-2.057891596099421,0.0,2.223376826797459,0.0,8.562536845793753,0.9493883033711629,-0.8135647476146564,0.0,0.9493883033711629,0.0,3.5259061019716382,1.2369990992596793,-1.0921757765116467,0.0,1.2369568258541386,0.0,4.551786152994044
2.0428723612979955,-0.9601858232961046,0.0,2.0428723612979955,0.0,6.006116369188201,1.8691302847502664,-1.4372138643817043,0.0,1.8691302847502664,0.0,6.6126882982639446,1.9127213933458775,-1.2987848197581109,0.0,1.912799045279544,0.0,6.431278619126008
1.3207608858102557,-1.033421814081773,0.0,1.3207608858102555,0.0,4.708365399784054,1.976335655686159,-0.19751498242587712,0.0,1.9763356556861587,0.0,4.347701276224072,1.7176181985240746,-0.5104196318334886,0.0,1.7176982428511192,0.0,4.4514359045898235
0.2980707242548994,-0.11424191301104779,0.0,0.29807072425489944,0.0,0.8246252745318946,1.5538434920921664,-0.8593257355334388,0.0,1.5538434920921667,0.0,4.826338455251211,1.0757013270441729,-0.5530438188183607,0.0,1.074119271787481,0.0,3.2397073064935276
1.9044889073565077,-0.2637344015448892,0.0,1.9044889073565077,0.0,4.336446617802794,0.3477889286873993,-0.2506734861074698,0.0,0.3477889286873993,0.0,1.1969248295897374,0.6313861893490543,-0.2816972266115425,0.0,0.6280437902377135,0.0,1.7553418173334008
2.117613219162961,-1.055496187117374,0.0,2.1176132191629615,0.0,6.346218812560671,1.0438630578689325,-0.33587834099123337,0.0,1.0438630578689325,0.0,2.759482797720331,1.3157925384117508,-0.507665621789921,0.0,1.315414165543593,0.0,3.5814128728478565
0.3877853014682057,-0.052146324218115145,0.0,0.3877853014682057,0.0,0.8798632513726417,0.3488712296779561,-0.12618193696678257,0.0,0.3488712296779561,0.0,0.9501063332894776,0.359334658612893,-0.10484077975667543,0.0,0.35934319289827216,0.0,0.9290638943369172
1.3748364565383788,-0.1305414837071195,0.0,1.3748364565383788,0.0,3.010755880490997,2.5149491296628317,-1.606910887563138,0.0,2.5149491296628317,0.0,8.243720034451945,2.0845411239415292,-1.0778467130557257,0.0,2.084947333455367,0.0,6.342229470823678
2.0144574756532347,-1.0414007811978176,0.0,2.0144574756532347,0.0,6.111716513702105,2.2972105246223595,-2.1146814929003623,0.0,2.2972105246223595,0.0,8.82378403504545,2.179278574859568,-1.7764978154493596,0.0,2.1796204299430078,0.0,7.945847212055964
1.9938466954781955,-0.7045911612047387,0.0,1.9938466954781955,0.0,5.396875713365867,0.5589499032005117,-0.06709984824610823,0.0,0.5589499032005116,0.0,1.2520995028932396,0.8691361280781896,-0.19049143149458,0.0,0.8674612011081501,0.0,2.0323854724330164
0.5230413222992676,-0.40659863051392997,0.0,0.5230413222992677,0.0,1.8592799056263956,0.5097331128368667,-0.0892762075859502,0.0,0.5097331128368666,0.0,1.1980186408456337,0.5008184234665886,-0.1901489536811439,0.0,0.500921724075718,0.0,1.3710256610772447
1.2566765725407985,-0.18171645165101666,0.0,1.2566765725407985,0.0,2.87678604838363,1.7959017924379346,-0.2440354131892955,0.0,1.7959017924379346,0.0,4.079874411254461,1.6209188600623412,-0.22557738097525512,0.0,1.6207949877895556,0.0,3.69985698995699
1.1333134353162155,-0.6839896716283634,0.0,1.1333134353162155,0.0,3.634606213889159,1.813462908945157,-0.5413178213344695,0.0,1.8134629089451573,0.0,4.709561460559253,1.584553334342898,-0.5984382294150636,0.0,1.5843685765577415,0.0,4.37670222559943
1.1467828624670877,-0.6711711234750123,0.0,1.146782862467088,0.0,3.6359079718841993,2.2838224330803483,-0.12036814204482396,0.0,2.2838224330803483,0.0,4.808381150250344,1.8673970565982025,-0.35054255162695785,0.0,1.8670638869126863,0.0,4.444765113119769
0.5277752964908982,-0.4754982010561489,0.0,0.5277752964908982,0.0,2.0065469950940966,1.0796531028668956,-0.16965250909963378,0.0,1.0796531028668956,0.0,2.498611223933059,0.8730366829197806,-0.2984713561062682,0.0,0.8728879121249898,0.0,2.348113347591715
0.5265711373624318,-0.13779527367029998,0.0,0.5265711373624318,0.0,1.3287328220654635,0.6106456082068266,-0.32633505401919566,0.0,0.6106456082068266,0.0,1.8739613244520437,0.581246520921516,-0.26647390478317484,0.0,0.5812842725615793,0.0,1.700605238447504
1.1995142023081982,-0.42861511004288855,0.0,1.199514202308198,0.0,3.2562586247021734,1.4849382250813796,-0.6204283974973064,0.0,1.4849382250813796,0.0,4.210733245157373,1.3938921029602063,-0.5584034813311359,0.0,1.3938690347108786,0.0,3.914014757309446
0.636183810325222,-0.04700113843417367,0.0,0.636183810325222,0.0,1.3663698975187915,1.760274797916608,-0.20548890179496665,0.0,1.7602747979166076,0.0,3.931527399423149,1.364240053399847,-0.15754118596599626,0.0,1.3633896909564556,0.0,3.036352770486031
0.4159327734829163,-0.3401397463869077,0.0,0.4159327734829163,0.0,1.5121450397396485,0.7234001522716119,-0.51607254349914,0.0,0.7234001522716119,0.0,2.4789453915415054,0.619825873038358,-0.4546870558172592,0.0,0.6197453923950205,0.0,2.1597117213824597
2.713825622196463,-0.8905710371914387,0.0,2.713825622196463,0.0,7.208793318775804,2.0943657725907507,-1.9787105236012026,0.0,2.094365772590751,0.0,8.146152592383906,2.234550187585263,-1.6904031599234854,0.0,2.2348072805377814,0.0,7.863182978373935
2.161761018147186,-0.33385833379229163,0.0,2.161761018147186,0.0,4.991238703878955,2.7617078328132063,-0.2894577134284614,0.0,2.7617078328132063,0.0,6.102331092483336,2.569618488141531,-0.30678282349972485,0.0,2.5695239438648754,0.0,5.760574727613598
1.6955466078092143,-0.0975422542384008,0.0,1.6955466078092145,0.0,3.58617772409523,0.6830851669277888,-0.21342233285417414,0.0,0.6830851669277888,0.0,1.7930149995639255,0.9247022102722245,-0.20482801053556066,0.0,0.9236630214369755,0.0,2.2302563316027144
0.559155817660395,-0.12666200843493494,0.0,0.559155817660395,0.0,1.3716356521906596,1.7470480659731913,-0.3340475085297908,0.0,1.7470480659731913,0.0,4.162191149005965,1.3243079571072534,-0.266745052969019,0.0,1.3232539117374646,0.0,3.176462102817167
0.4000610917088814,-0.07756046556116429,0.0,0.4000610917088813,0.0,0.9552431145400911,0.3111758931246392,-0.27875833153654056,0.0,0.3111758931246393,0.0,1.1798684493223595,0.32864523034597026,-0.22502092051584752,0.0,0.3287259370279588,0.0,1.110138335182899
0.26530795244414607,-0.2577108560972747,0.0,0.26530795244414607,0.0,1.0460376170828372,2.4134557930008005,-0.24032627543558704,0.0,2.4134557930008005,0.0,5.3075641368727755,1.5787399468303271,-0.30625845552087094,0.0,1.5736787931834275,0.0,3.7255851827436675
1.514609214304047,-0.3448227800397626,0.0,1.514609214304047,0.0,3.7188639886876196,0.35556736168708836,-0.16171727269867997,0.0,0.35556736168708836,0.0,1.0345692687715367,0.5916903636462871,-0.20718084479176105,0.0,0.589672729885302,0.0,1.5408207680699146
1.282441237603157,-0.8579079855534932,0.0,1.282441237603157,0.0,4.2806984463133,2.540715480564737,-1.8196167460154071,0.0,2.5407154805647374,0.0,8.72066445316029,2.0998559872597737,-1.4721087313330687,0.0,2.0995779440545075,0.0,7.1818441250513105
2.190219083449903,-0.44527281228618126,0.0,2.1902190834499033,0.0,5.27098379147217,1.382669316057205,-0.1549663457145415,0.0,1.3826693160572052,0.0,3.075271323543493,1.6055950732465532,-0.23322968518538326,0.0,1.6053192884056164,0.0,3.646733006038824
2.4909544705653204,-1.3196775536419016,0.0,2.4909544705653204,0.0,7.621264048414445,0.3289247602603003,-0.21906527084007435,0.0,0.3289247602603003,0.0,1.0959800622007498,0.6733013092750713,-0.3591793649897962,0.0,0.6696404135342041,0.0,1.905924815355116
1.523476131819388,-0.4411358213982567,0.0,1.5234761318193881,0.0,3.9292239064352885,2.781024120734183,-1.261320401150042,0.0,2.781024120734184,0.0,8.084689043768451,2.351751726229144,-0.9713021492669984,0.0,2.351425507333714,0.0,6.668305330003109
0.3929946525572745,-0.09877664968938943,0.0,0.3929946525572745,0.0,0.9835426044933279,1.1008594622961068,-0.20357225228794315,0.0,1.1008594622961068,0.0,2.6088634291681,0.8512469290402954,-0.17133951308845918,0.0,0.8507038627696368,0.0,2.0444737348327586
0.5678001432485213,-0.44117587966073296,0.0,0.5678001432485213,0.0,2.017952045818508,1.8213872678971192,-0.24611689651822902,0.0,1.8213872678971192,0.0,4.135008328830697,1.3574810259986705,-0.35316327486526244,0.0,1.3564693089013595,0.0,3.4283372260232676
1.7721267454577294,-0.6631236682584062,0.0,1.772126745457729,0.0,4.870500827432269,0.40595339652238044,-0.15745865826583122,0.0,0.4059533965223805,0.0,1.1268241095764233,0.6819377361009236,-0.2500814360694164,0.0,0.6798751908866555,0.0,1.7819848225611
2.7075534704880004,-0.20278942612677933,0.0,2.707553470488,0.0,5.8206857932295595,2.0424367194037325,-1.0106210795470774,0.0,2.0424367194037325,0.0,6.10611559790162,2.2105270807686943,-0.7985174860803312,0.0,2.210607095300689,0.0,6.021231553266469
1.7581990690926235,-0.6856065142403773,0.0,1.7581990690926237,0.0,4.887611166666002,2.2043921388601113,-0.7960672349459467,0.0,2.2043921388601118,0.0,6.000918747612116,2.062782306268423,-0.7611186526147034,0.0,2.062719298299179,0.0,5.659047468871604
0.4663315245859787,-0.1636797035303512,0.0,0.4663315245859787,0.0,1.2600224562326598,0.7440047961251325,-0.0497153676502098,0.0,0.7440047961251326,0.0,1.5874403275506848,0.6485372847655408,-0.09351061747340038,0.0,0.6484745002493998,0.0,1.4864758926335322
0.6461558182143431,-0.11197343509763422,0.0,0.6461558182143431,0.0,1.5162585066239547,0.5450158926570868,-0.31679421565884086,0.0,0.5450158926570868,0.0,1.723620216631856,0.5695308505613141,-0.2597184486498427,0.0,0.5695761484211017,0.0,1.6608318788373813
2.141873297626246,-0.17003823356720504,0.0,2.141873297626246,0.0,4.623823062386902,1.3436487134523025,-0.11776339568805934,0.0,1.3436487134523027,0.0,2.9228242182807236,1.562996856822896,-0.13661097425635338,0.0,1.5626666778443188,0.0,3.3775994717781996
1.11010481475904,-0.18511852357837394,0.0,1.1101048147590398,0.0,2.5904466766748273,0.3176914026680298,-0.11505521331772882,0.0,0.31769140266802987,0.0,0.8654932319715175,0.49016928986193437,-0.13907824289612125,0.0,0.48897106767534615,0.0,1.22476393136859
0.4336248293680274,-0.04877622438004111,0.0,0.4336248293680273,0.0,0.9648021074961368,0.690406982641548,-0.20030236032706653,0.0,0.6904069826415481,0.0,1.7814186859372287,0.6050448455817199,-0.1483970919227853,0.0,0.6049892625264138,0.0,1.5104009279703166
2.952831817409561,-0.25708552725170647,0.0,2.9528318174095607,0.0,6.419834689322533,0.3429101543873602,-0.043111533235338964,0.0,0.3429101543873602,0.0,0.7720433752453985,0.7411087166862493,-0.10917362876567911,0.0,0.7345590211593499,0.0,1.5529319357679887
1.28833598087775,-0.14974630062930858,0.0,1.2883359808777501,0.0,2.8761645630141173,1.7212977917286847,-1.676299368322993,0.0,1.7212977917286847,0.0,6.795194320103318,1.4907228342131866,-1.1658642716980965,0.0,1.4915089051243826,0.0,5.343251684817712
0.8088105897955699,-0.19289646155815962,0.0,0.8088105897955697,0.0,2.003414102707459,0.4937943841602696,-0.050523765855521326,0.0,0.4937943841602696,0.0,1.088636300031582,0.5798237974316772,-0.08797991451093476,0.0,0.579718035687958,0.0,1.3221223018957486
1.3153659312945292,-0.4384672283777055,0.0,1.3153659312945292,0.0,3.5076663193444695,0.6844513941286257,-0.17223032462792584,0.0,0.6844513941286258,0.0,1.7133634375131033,0.8498881836982584,-0.23882318155609317,0.0,0.849575154910237,0.0,2.1475137347366866
0.2964157715396266,-0.14218670521151835,0.0,0.2964157715396266,0.0,0.8772049535022898,0.6324446462364282,-0.34207257417488773,0.0,0.6324446462364282,0.0,1.949034440822632,0.5157036347163887,-0.26944227232661844,0.0,0.5155749502024143,0.0,1.5765577199059109
0.6330600382977517,-0.48935102780989376,0.0,0.6330600382977518,0.0,2.244822132215289,0.4720376690937146,-0.2010797510446027,0.0,0.4720376690937146,0.0,1.3462348402766344,0.5114752627477874,-0.28218430915285014,0.0,0.5115447198821553,0.0,1.5713316664713102
1.1477307235231653,-0.21580948231825628,0.0,1.1477307235231653,0.0,2.7270804116828438,1.1468600025034235,-1.0073873325774063,0.0,1.1468600025034235,0.0,4.308494670161659,1.1136292742494143,-0.7703489286016184,0.0,1.1140836576610662,0.0,3.784285025478359
0.756439715741793,-0.45908555390122247,0.0,0.7564397157417929,0.0,2.4310505392860304,0.4107131664366695,-0.10617186131697513,0.0,0.41071316643666944,0.0,1.033770055507289,0.4959870426058716,-0.1936504686606721,0.0,0.4959942643285274,0.0,1.3532587578214887
0.5637833221268201,-0.26564992607981114,0.0,0.5637833221268201,0.0,1.6588664964132627,2.5619445813706885,-0.6155950344051753,0.0,2.561944581370688,0.0,6.355079231551726,1.8296603759804138,-0.500518473829614,0.0,1.826943569088283,0.0,4.642311685974175
1.4482195359994867,-0.21056630217534353,0.0,1.4482195359994867,0.0,3.3175716763496603,0.47756777280953117,-0.06087488661165755,0.0,0.47756777280953105,0.0,1.0768853188423773,0.7000738707014333,-0.10132401011552192,0.0,0.6988513745129807,0.0,1.56112507136453
2.808908215535966,-0.4224233471031966,0.0,2.8089082155359657,0.0,6.462663125278325,0.6214045591956567,-0.1472470676509991,0.0,0.6214045591956568,0.0,1.5373032536933116,1.0566279146599793,-0.222562949197223,0.0,1.0525667318265457,0.0,2.4526168315535575
1.9962313997357748,-1.3423588460452218,0.0,1.9962313997357748,0.0,6.6771804915619954,1.5203281230418142,-0.3392331969194984,0.0,1.5203281230418142,0.0,3.719122639922625,1.629985831789405,-0.6252416184449112,0.0,1.6302741178058289,0.0,4.459710768817998
1.1372048692248364,-0.20378682558622516,0.0,1.1372048692248364,0.0,2.681983389622123,1.598152121930238,-0.2685443592181969,0.0,1.5981521219302377,0.0,3.73339296229687,1.4490332334035176,-0.24878695125275768,0.0,1.4489325997179348,0.0,3.4023426011958904
0.5653136235724565,-0.04379154133770373,0.0,0.5653136235724565,0.0,1.2182103298203206,1.760633048303684,-0.3803060474129801,0.0,1.7606330483036843,0.0,4.281878191433328,1.335969304282615,-0.2593750917959232,0.0,1.3349215578498892,0.0,3.179196962280908
1.8826827770005108,-1.4960838245517196,0.0,1.8826827770005108,0.0,6.757533203104462,0.40999442608997466,-0.319170081257483,0.0,0.40999442608997455,0.0,1.458329014694916,0.6780752169978865,-0.5086588839937896,0.0,0.6771783088687484,0.0,2.2530202846281053
1.5463745543144316,-0.22269238695052723,0.0,1.5463745543144316,0.0,3.5381338825299187,2.458597907242208,-0.6839106307466323,0.0,2.458597907242208,0.0,6.285017075977682,2.1567525878963654,-0.5266958783450325,0.0,2.156531469163904,0.0,5.379883566015197
2.679139111433988,-1.4315306323777777,0.0,2.679139111433988,0.0,8.221339487623531,1.0307173204348494,-0.7101292932449849,0.0,1.0307173204348492,0.0,3.4816932273596675,1.4260189964787802,-0.8703366158558912,0.0,1.4247101595573615,0.0,4.499758083744621
1.2858138495369433,-0.7002561283396276,0.0,1.2858138495369436,0.0,3.9721399557531427,0.37969514345477284,-0.03609212489072226,0.0,0.37969514345477273,0.0,0.83157453669099,0.5703288050153393,-0.16175881846903942,0.0,0.5697773512845326,0.0,1.3964380307894997
0.5286974457731596,-0.15606219160695947,0.0,0.5286974457731596,0.0,1.3695192747602378,1.5712760128635266,-0.4630843097332491,0.0,1.5712760128635266,0.0,4.068720645193552,1.2023888810416377,-0.35257136457076216,0.0,1.2015357107345304,0.0,3.1091109899214215
1.4533090174977488,-0.07904540202494997,0.0,1.4533090174977488,0.0,3.064708839045397,1.1713464176542743,-0.5426929333348003,0.0,1.171346417654274,0.0,3.4280787019781482,1.2408428128017404,-0.41644498558166737,0.0,1.2409334440117368,0.0,3.318270151930785
0.5514550850726532,-0.18973185478740598,0.0,0.5514550850726531,0.0,1.4823738797201182,1.5301795394794826,-0.18379539449602686,0.0,1.5301795394794826,0.0,3.4279498679510185,1.1813891178974203,-0.2016576615838016,0.0,1.1806744632042565,0.0,2.7673727885463113
1.8490359711812507,-0.8097075641580941,0.0,1.8490359711812507,0.0,5.317487070678691,0.8305614648258121,-0.5292998255515133,0.0,0.8305614648258121,0.0,2.7197225807546506,1.087632054623197,-0.599625747141805,0.0,1.086877909947144,0.0,3.3273441171295035
0.8483391714470838,-0.5327386882128592,0.0,0.8483391714470838,0.0,2.762155719319885,2.8673803205851023,-0.3989794818409796,0.0,2.8673803205851023,0.0,6.532719604852163,2.127319260107124,-0.49411245217408606,0.0,2.1254829123014662,0.0,5.247383969144403
1.9649995752915121,-0.420924693948503,0.0,1.9649995752915121,0.0,4.77184853848003,1.5927734516862104,-0.12576168224219142,0.0,1.5927734516862102,0.0,3.437070267856804,1.7003083150930112,-0.21006796137815392,0.0,1.7002869682669524,0.0,3.804566831294552
0.3271491658139059,-0.17844755283347818,0.0,0.3271491658139059,0.0,1.011193437294768,2.567284711011249,-0.7877667225201658,0.0,2.5672847110112484,0.0,6.7101028670628295,1.7227272846604669,-0.5548429802550897,0.0,1.7179018710529188,0.0,4.502675571357013
0.29445136379596637,-0.1406613967005323,0.0,0.29445136379596637,0.0,0.8702255209929973,1.2840684118489165,-0.6958217731677708,0.0,1.2840684118489165,0.0,3.9597803700333754,0.9144569946767975,-0.47281855872906203,0.0,0.9133795129331145,0.0,2.768680933814436
0.24646533703749446,-0.23369289667582363,0.0,0.24646533703749446,0.0,0.9603164674266366,1.7560764402382834,-1.485324268185559,0.0,1.7560764402382831,0.0,6.482801416847677,1.1287874898619807,-0.9398190355168697,0.0,1.1273917607498625,0.0,4.12238381472791
1.0837153915719648,-0.3366105087437157,0.0,1.0837153915719646,0.0,2.8406518006313606,0.6918198253834995,-0.3688036196792726,0.0,0.6918198253834996,0.0,2.1212468901255446,0.7991755016679839,-0.36366260526622296,0.0,0.7990198546884669,0.0,2.3150113955711267
0.6081094709731123,-0.11586076108022614,0.0,0.6081094709731123,0.0,1.4479404641066767,0.35412972172528534,-0.14649383422104703,0.0,0.3541297217252854,0.0,1.0012471118926645,0.42180371668742894,-0.1414435210996196,0.0,0.4216753378984117,0.0,1.1200633167432406
1.9734000400047187,-1.571413518928383,0.0,1.9734000400047187,0.0,7.0896271178662085,0.6802459220878416,-0.19638663419785057,0.0,0.6802459220878416,0.0,1.7532651125713843,0.9384659447300436,-0.48037413909493465,0.0,0.938637911297039,0.0,2.720874089345232
0.5953698676573747,-0.1777341307151577,0.0,0.5953698676573745,0.0,1.5462079967450648,0.38159836813532994,-0.16672849913508986,0.0,0.3815983681353299,0.0,1.0966537345408394,0.4406211567158625,-0.17100303279328366,0.0,0.44053804104226024,0.0,1.2166359607835018
2.9451690848494403,-0.6150914573811159,0.0,2.94516908484944,0.0,7.120521084461113,1.5772707355252562,-0.21581186468041313,0.0,1.5772707355252562,0.0,3.5861652004113385,1.9397733042055132,-0.3203510841352962,0.0,1.9390440482990172,0.0,4.465732694579036
2.273619488329398,-1.9520901994495663,0.0,2.273619488329398,0.0,8.451419375557924,0.29386896370452503,-0.1959753140803334,0.0,0.29386896370452503,0.0,0.9796885555697166,0.5652261963244688,-0.4076173772846259,0.0,0.5641966582187994,0.0,1.772012481149982
0.5278533929687205,-0.13821205409747997,0.0,0.5278533929687205,0.0,1.3321308941324008,1.3302799153101215,-0.5167195861712892,0.0,1.3302799153101215,0.0,3.693999002962822,1.0487652540864696,-0.3770228422318811,0.0,1.048294608638565,0.0,2.855024345124224
2.30381504955564,-1.5401489983180554,0.0,2.30381504955564,0.0,7.687928095747388,0.5143995167648298,-0.22833394459215547,0.0,0.5143995167648298,0.0,1.4854669227139703,0.8518595932358155,-0.4433359970635231,0.0,0.850447808243762,0.0,2.450043889891726
0.38999752861884524,-0.23444681960221211,0.0,0.38999752861884524,0.0,1.2488886964421144,1.309110192819981,-0.15236966256199183,0.0,1.309110192819981,0.0,2.9229597107639456,0.9712455342474331,-0.20488238831282113,0.0,0.9704272919171946,0.0,2.3539253042012978
0.3499809810465528,-0.1819880638653984,0.0,0.3499809810465528,0.0,1.0639380898239024,0.5033657229384939,-0.21402266750228613,0.0,0.5033657229384939,0.0,1.4347767808815601,0.4536087185351702,-0.20381919040239924,0.0,0.453573853634168,0.0,1.3186237822622002
2.176436676534,-0.873543282633403,0.0,2.176436676534,0.0,6.099959918334807,2.586259735565006,-0.20023006676897429,0.0,2.5862597355650054,0.0,5.572979604667961,2.440135114896697,-0.4254526925939383,0.0,2.4402051030559124,0.0,5.725425748252113
0.9586760580661084,-0.05184564351055606,0.0,0.9586760580661084,0.0,2.021043403153329,1.1464280185955074,-1.0589022100637364,0.0,1.1464280185955071,0.0,4.410660457318489,1.0312369139054616,-0.7357323986523754,0.0,1.032003935019055,0.0,3.551372159656014
1.5180948146603777,-0.11171278005999333,0.0,1.5180948146603777,0.0,3.259615189440742,0.594433797909535,-0.1890534961436296,0.0,0.594433797909535,0.0,1.5669745881063288,0.8136937956108027,-0.18718587713838594,0.0,0.8127047862196167,0.0,1.9739242196006392
1.098155727620237,-0.3334847828550014,0.0,1.0981557276202367,0.0,2.863281020950477,0.5575108375866314,-0.32173763267278793,0.0,0.5575108375866314,0.0,1.758496940518839,0.6975906907071276,-0.33002306210715326,0.0,0.6972270203247058,0.0,2.037124100899763
0.49125643031101923,-0.21750298405474436,0.0,0.49125643031101923,0.0,1.4175188287315268,1.1950774011008405,-0.6401516916174157,0.0,1.1950774011008407,0.0,3.6704581854365133,0.9461784614310523,-0.48293717835347555,0.0,0.9458452194340786,0.0,2.8674306289792217
0.8331500325471829,-0.43003007700248624,0.0,0.8331500325471829,0.0,2.526360219099338,2.4140190301316387,-1.2126006180589353,0.0,2.4140190301316387,0.0,7.253239296381145,1.8499054217951643,-0.9167759803809445,0.0,1.848798378404626,0.0,5.546576624266077
1.5794047274072824,-0.10440955106273149,0.0,1.5794047274072827,0.0,3.367628556940028,0.5327517215082158,-0.1062158511839694,0.0,0.5327517215082158,0.0,1.2779351453843706,0.7716439619096828,-0.12187187627485954,0.0,0.7702864513788504,0.0,1.7500567279028305
2.1323606819003253,-0.8635017456768213,0.0,2.1323606819003253,0.0,5.991724855154292,1.6749517880972646,-0.7054164551984352,0.0,1.6749517880972646,0.0,4.760736486591398,1.807760097728679,-0.7508347490933022,0.0,1.8076856773404975,0.0,5.09971234679859
1.8706519237615415,-0.1644420910651172,0.0,1.8706519237615415,0.0,4.070188029653318,0.38389862725064733,-0.11102760904439929,0.0,0.38389862725064733,0.0,0.9898524725900932,0.6690124850117951,-0.1451314802464385,0.0,0.6660030430071044,0.0,1.5614421874525075
0.5989282016643849,-0.24185110380668035,0.0,0.5989282016643849,0.0,1.6815586109421305,1.858814308651163,-1.3786829858169825,0.0,1.8588143086511628,0.0,6.4749945889362905,1.3725246593881277,-0.9305222647625173,0.0,1.3722457512451622,0.0,4.613778737587166
0.4545162143195946,-0.07839612451022182,0.0,0.4545162143195946,0.0,1.0658246776596327,2.063484714009577,-0.24453105268719513,0.0,2.0634847140095776,0.0,4.616031533393544,1.4711737172984733,-0.20350686994026854,0.0,1.46900209906292,0.0,3.3226525853004634
0.6714134610946143,-0.13900858507086947,0.0,0.6714134610946143,0.0,1.6208440923309677,0.626638349791734,-0.04223267844587604,0.0,0.626638349791734,0.0,1.3377420564752203,0.639418700384383,-0.07122022908109289,0.0,0.6394264910624621,0.0,1.418226808365308
1.2450738403918333,-0.5494987256807212,0.0,1.2450738403918333,0.0,3.589145132145108,0.40404841449930534,-0.1408154156858873,0.0,0.4040484144993054,0.0,1.0897276603703854,0.5944617625889603,-0.22427425232641027,0.0,0.5936719478443383,0.0,1.5868052894565932
0.5145805018927103,-0.4759772167166237,0.0,0.5145805018927103,0.0,1.981115437218666,0.3637849759457331,-0.2090470399920004,0.0,0.36378497594573306,0.0,1.1456640318754667,0.39923024688607306,-0.2830388294000078,0.0,0.39930380896692436,0.0,1.34859407716742
0.9741360534784684,-0.8649314337649708,0.0,0.9741360534784684,0.0,3.6781349744868743,1.2685618291976244,-0.3322973968673211,0.0,1.2685618291976244,0.0,3.2017184521298905,1.1510954706313667,-0.520336450000629,0.0,1.151184873293285,0.0,3.3357868449064054
0.6560328257218351,-0.51610637798757,0.0,0.6560328257218351,0.0,2.344278407418809,1.5095292017059831,-0.2890744427652868,0.0,1.5095292017059831,0.0,3.5972072889425393,1.2014223146973515,-0.39259000295661345,0.0,1.2010178197529728,0.0,3.197743066704513
2.1263051510527418,-0.24169820280763607,0.0,2.126305151052742,0.0,4.7360067077207555,2.6998113221427773,-0.3548934603048433,0.0,2.6998113221427773,0.0,6.109409564895241,2.517384018234616,-0.3194448403143228,0.0,2.5172963494005405,0.0,5.682574828033034
2.5438182333867396,-1.3636902552238357,0.0,2.543818233386739,0.0,7.815016977221149,1.1461402095652407,-0.5651472260981377,0.0,1.1461402095652407,0.0,3.422574871326757,1.4943019036376783,-0.7501671219562842,0.0,1.4935868957068406,0.0,4.406046769962607
0.39701425751282604,-0.11013656871920108,0.0,0.3970142575128261,0.0,1.0143016524640545,0.53081667587584,-0.07269187009148494,0.0,0.5308166758758399,0.0,1.2070170919346497,0.48714593044896165,-0.08614422940444376,0.0,0.4871236350805546,0.0,1.148154175204183
1.8303516734983558,-1.1680037970129724,0.0,1.8303516734983556,0.0,5.996710941022654,2.387486519620567,-0.22577125467949166,0.0,2.3874865196205675,0.0,5.226515548600118,2.170082513489826,-0.5577190405651766,0.0,2.1702246902515316,0.0,5.445826801791819
1.3340827563471496,-1.1072886318108872,0.0,1.3340827563471496,0.0,4.882742776316075,1.372492730614204,-0.3176224725137431,0.0,1.3724927306142038,0.0,3.380230406255894,1.3283774304451856,-0.5734704502395797,0.0,1.3286177287950391,0.0,3.77900936382765
1.220456385710646,-0.6469628309648001,0.0,1.220456385710646,0.0,3.7348384333508924,1.5530485577052888,-0.8211090735619385,0.0,1.5530485577052886,0.0,4.7483152625344545,1.4468838630761807,-0.7645926746116769,0.0,1.446844502855067,0.0,4.434507445121754
0.7042012687901003,-0.3530938225407068,0.0,0.7042012687901001,0.0,2.1145901826616136,0.9896836641447984,-0.21687434361411703,0.0,0.9896836641447984,0.0,2.413116015517831,0.8938177320412589,-0.26615775311878676,0.0,0.8937732699833766,0.0,2.3230152238828374
0.60589006801881,-0.5542060402258696,0.0,0.60589006801881,0.0,2.320192216489364,0.2949714021277822,-0.2755725194052405,0.0,0.2949714021277822,0.0,1.1410878430660438,0.37003966167991265,-0.34103810453773975,0.0,0.37000684247807664,0.0,1.397751347192966
1.2113098542874712,-1.1055123171473376,0.0,1.2113098542874712,0.0,4.633644342869629,1.3704911671839983,-1.2947611493952735,0.0,1.370491167183998,0.0,5.33050463315854,1.3196956673385514,-1.234853293571893,0.0,1.3196999457461036,0.0,5.120257602248505
0.6046749156204408,-0.589375838568786,0.0,0.6046749156204408,0.0,2.3881015083784463,0.2879417709294667,-0.2625250437819339,0.0,0.28794177092946666,0.0,1.1009336294228012,0.361307983736466,-0.3390093718728537,0.0,0.36131931768591485,0.0,1.373607101667695
0.39892557099989745,-0.17163604631435658,0.0,0.39892557099989745,0.0,1.1411232346285078,0.9135594640880134,-0.38945996421245804,0.0,0.9135594640880134,0.0,2.6060388566009434,0.7354944608433753,-0.31083460134486285,0.0,0.7352254866971697,0.0,2.0991205608369268
1.9068947932582907,-0.9680198049864633,0.0,1.9068947932582907,0.0,5.749829196489508,1.6870692478269442,-0.8406766962493262,0.0,1.6870692478269442,0.0,5.055491888152541,1.752361197247276,-0.8781481512285748,0.0,1.7523483544424856,0.0,5.251149593198258
0.4847888400502166,-0.3757929378217066,0.0,0.4847888400502166,0.0,1.721163555743845,0.4749868233655876,-0.11842454905404061,0.0,0.47498682336558773,0.0,1.1868227448392565,0.4688965093504719,-0.1996941581318638,0.0,0.46897279651976054,0.0,1.3285044082340127
0.4416848004165141,-0.03271285193074844,0.0,0.44168480041651415,0.0,0.9487953046945248,1.9785046821041559,-0.9001191972422999,0.0,1.9785046821041554,0.0,5.75724775869291,1.4030428672567659,-0.5505382192417158,0.0,1.4013162889464943,0.0,3.8766493228751675
0.3010362199281148,-0.258361545034125,0.0,0.3010362199281148,0.0,1.118795529924479,2.2458221536955842,-1.226316852218805,0.0,2.2458221536955842,0.0,6.944278011828779,1.500478815070285,-0.8221152596763027,0.0,1.4968014084955283,0.0,4.616093534862411
0.36864283976402584,-0.22325887356339985,0.0,0.36864283976402584,0.0,1.1838034266548514,1.0219512056573359,-0.6711982442233823,0.0,1.0219512056573359,0.0,3.3862988997614356,0.7843256997969045,-0.499872239014219,0.0,0.7840050904094245,0.0,2.578094579531847
0.5183113254462668,-0.04796070189420391,0.0,0.5183113254462668,0.0,1.132544054680941,1.6263785947529257,-0.5915277550193885,0.0,1.626378594752926,0.0,4.435812699544629,1.2280302917158326,-0.38392648980815897,0.0,1.227153711316435,0.0,3.214028986991461
0.7375019619590109,-0.05842453117216848,0.0,0.7375019619590107,0.0,1.5918529862623585,2.20711197618666,-0.3342497128491323,0.0,2.2071119761866607,0.0,5.082723378071584,1.6863835060535377,-0.24310977691458463,0.0,1.6851469799994196,0.0,3.8466475985535555
2.588693329602706,-1.2089730289592446,0.0,2.588693329602706,0.0,7.595332717123904,0.37928871267825315,-0.03407605839346373,0.0,0.37928871267825315,0.0,0.8267295421434337,0.7464758146630838,-0.19164345061008917,0.0,0.742931154847402,0.0,1.7111733625257872
1.290007515055978,-0.4280410468852423,0.0,1.290007515055978,0.0,3.43609712388244,0.3178532891898747,-0.04395227883313175,0.0,0.31785328918987477,0.0,0.7236111360460129,0.5192939170416037,-0.11559203838782245,0.0,0.5179407982698299,0.0,1.2111564999987277
2.7305316026111655,-1.5931782435292352,0.0,2.730531602611166,0.0,8.647419692280804,1.5381488363309028,-1.2416408219905182,0.0,1.5381488363309028,0.0,5.559579316642842,1.8579137143680877,-1.334823331807268,0.0,1.8573679753457142,0.0,6.330536846608571
0.5559270650219444,-0.1421079188675317,0.0,0.5559270650219444,0.0,1.3960699677789523,0.6955611066471286,-0.5173417858815893,0.0,0.6955611066471286,0.0,2.4258057850574355,0.6396295564993343,-0.3956413252944203,0.0,0.6397857326249379,0.0,2.07971275227311
1.3376065556837429,-0.47756188016435125,0.0,1.337606555683743,0.0,3.630336871696188,2.468170381133731,-0.6854458123939066,0.0,2.468170381133731,0.0,6.307232387055276,2.0882834962064805,-0.6188814889473225,0.0,2.0878333685651604,0.0,5.4298169032880566
0.34440691538148394,-0.19617751418686444,0.0,0.344406915381484,0.0,1.0811688591366968,0.4314318748994156,-0.03070429159440971,0.0,0.43143187489941554,0.0,0.9242723329876504,0.3974703842337401,-0.08793173987332475,0.0,0.39749751948197815,0.0,0.9688630810119518
2.10362684152147,-0.2439508821638423,0.0,2.1036268415214696,0.0,4.695155447370624,0.6464537623625929,-0.3247481235928308,0.0,0.646453762362593,0.0,1.9424037719108476,0.9665148933364643,-0.33525855217576284,0.0,0.9643987493325682,0.0,2.5523604430689635
1.9788478838047285,-0.14590266279446432,0.0,1.9788478838047285,0.0,4.249501093198386,0.8498848579331792,-0.17106978238294723,0.0,0.8498848579331792,0.0,2.041909280632253,1.1275805563797998,-0.18032952638343341,0.0,1.1265373591579322,0.0,2.5809878644085438
2.3238851930493714,-0.8382676086794354,0.0,2.323885193049372,0.0,6.324305603457614,0.7554821262876674,-0.37630900088023306,0.0,0.7554821262876674,0.0,2.263582254335801,1.1141449507284673,-0.4791980503748019,0.0,1.1123295764255139,0.0,3.1066078813759286
2.4707775526923457,-0.711294592026374,0.0,2.470777552692346,0.0,6.364144289437439,0.2888737566528529,-0.25951064686834613,0.0,0.2888737566528529,0.0,1.0967688070423984,0.6217467414865079,-0.3354714945652628,0.0,0.61704890921206,0.0,1.7795869581245862
2.3090250597320803,-1.9851278499054457,0.0,2.3090250597320803,0.0,8.588305819275062,2.7932807343698363,-0.8691695389449117,0.0,2.7932807343698363,0.0,7.324900546629495,2.59858568967058,-1.2500165229876863,0.0,2.598795790979912,0.0,7.67807513576033
0.4947758076896636,-0.46962061735390065,0.0,0.4947758076896636,0.0,1.9287928500871314,0.7057848052576777,-0.11262884698300216,0.0,0.7057848052576777,0.0,1.63682730448136,0.6166078095357249,-0.24491403280175741,0.0,0.6166717295478968,0.0,1.718698982853688
0.7965423135716835,-0.1322996313948189,0.0,0.7965423135716833,0.0,1.8576838899330044,1.0234792722178538,-0.06893916823917277,0.0,1.0234792722178538,0.0,2.184836880914053,0.9500599909106674,-0.09123760696032507,0.0,0.9500268450490158,0.0,2.084916749738659
1.2390642072698566,-1.1932423997472599,0.0,1.2390642072698563,0.0,4.86461321403425,1.4163742970012934,-1.0762837191673411,0.0,1.4163742970012936,0.0,4.9853160323372725,1.3596239750255221,-1.1145126018282925,0.0,1.3596157970199771,0.0,4.95018903104934
0.3764880887753999,-0.14639448400566962,0.0,0.3764880887753998,0.0,1.0457651455621386,0.9830278772305988,-0.5364411476402857,0.0,0.9830278772305988,0.0,3.038938049741768,0.7654801119822676,-0.38917750525511957,0.0,0.7651811605657065,0.0,2.314930145048833
2.7458079124833312,-0.2938914689184514,0.0,2.7458079124833312,0.0,6.079398762803563,0.5000129848341172,-0.36305024356646515,0.0,0.5000129848341173,0.0,1.7261264568011654,0.9063583364377635,-0.3981468276653111,0.0,0.9014821508014679,0.0,2.511188890302749
0.35504231511695267,-0.31016250985294574,0.0,0.3550423151169526,0.0,1.3304096499397964,0.5025478838831392,-0.4302638797020569,0.0,0.5025478838831392,0.0,1.8656235271703916,0.45376070941036317,-0.38995480369421864,0.0,0.45374943453441163,0.0,1.694662296587875
0.5395085471782372,-0.48459609688246036,0.0,0.5395085471782372,0.0,2.0482092881213907,0.45647919004932913,-0.08811472430995097,0.0,0.45647919004932913,0.0,1.08918782871856,0.4617550587377007,-0.2096304918045163,0.0,0.46191218946122026,0.0,1.3248547935020853
0.3088598286884345,-0.16489408306055084,0.0,0.3088598286884345,0.0,0.9475078234979704,1.8718528522338131,-0.5423828571538877,0.0,1.8718528522338131,0.0,4.828471418775401,1.2899981287217772,-0.40400893179580977,0.0,1.2872251924118019,0.0,3.3627165794681684
2.157730948639272,-2.0293569913893434,0.0,2.1577309486392724,0.0,8.374175880057217,0.6725567186392393,-0.45075184857862005,0.0,0.6725567186392393,0.0,2.2466171344357173,0.9543365979925981,-0.7620746897864007,0.0,0.954554812195516,0.0,3.2958636493280125
2.884609850544067,-0.850519929570419,0.0,2.8846098505440674,0.0,7.470259560228973,0.3805754550628413,-0.14010935669049723,0.0,0.38057545506284135,0.0,1.0413696235066772,0.7876751737962221,-0.24991212558295503,0.0,0.7822606996273523,0.0,1.9147537954974183
2.0506308495967263,-1.1952633238762693,0.0,2.0506308495967263,0.0,6.491788346945991,2.1286376707330112,-0.3913148240633376,0.0,2.128637670733011,0.0,5.039904989592697,2.0831369931026313,-0.6473981134053619,0.0,2.083315763531173,0.0,5.440761301334333
0.557873521086116,-0.03848243486628908,0.0,0.5578735210861159,0.0,1.19271191190481,1.4102470204848472,-0.6849788177802585,0.0,1.410247020484847,0.0,4.19045167653021,1.1005521601826378,-0.44063443751364667,0.0,1.1002484782064605,0.0,3.080678249996454
3.1442369887242645,-0.19259464525664685,0.0,3.1442369887242645,0.0,6.673663267961823,0.699457858152092,-0.1508717658387708,0.0,0.699457858152092,0.0,1.7006592479817257,1.1818707016304815,-0.2008068001389018,0.0,1.177156863359776,0.0,2.660888036510361
0.5479676969000952,-0.10295724498132677,0.0,0.5479676969000953,0.0,1.301849883762844,2.0729302499265283,-0.4365379259612423,0.0,2.0729302499265283,0.0,5.01893635177554,1.5221961532344799,-0.32050773909396757,0.0,1.5204903026969436,0.0,3.668027849411948
0.583574111148774,-0.24865621128565055,0.0,0.583574111148774,0.0,1.6644606448688495,2.023894359304582,-0.9984251026181746,0.0,2.023894359304582,0.0,6.044638923845512,1.499447621826747,-0.7070156289364982,0.0,1.4981952426878458,0.0,4.412683228734094
2.2747692900179977,-1.7397081974148296,0.0,2.274769290017998,0.0,8.028954974865652,2.1514023194981324,-1.5283928907360158,0.0,2.1514023194981324,0.0,7.3595904204682965,2.1877208047804926,-1.591823662198341,0.0,2.1877297455803197,0.0,7.548511354857182
0.49620751664501406,-0.2018135221588461,0.0,0.49620751664501406,0.0,1.3960420776077205,0.2832951351188239,-0.1818327928211755,0.0,0.2832951351188239,0.0,0.9302558558799989,0.34044554010926903,-0.1884197418156229,0.0,0.340336900993575,0.0,1.0500896852324695
0.32411719705340497,-0.17375131327098778,0.0,0.32411719705340497,0.0,0.9957370206487858,1.0242370177186424,-0.26946445410522146,0.0,1.0242370177186424,0.0,2.5874029436477275,0.7743987653967491,-0.24094151847025752,0.0,0.7737725119588424,0.0,2.03289147038263
1.07340972256833,-0.8256919766713469,0.0,1.0734097225683297,0.0,3.798203398479353,0.28226909344358897,-0.1716975206247073,0.0,0.28226909344358897,0.0,0.9079332281365927,0.4368898772225805,-0.28834244818465754,0.0,0.436528167145675,0.0,1.3861670805871162
2.914349905230759,-0.4693499076918144,0.0,2.914349905230759,0.0,6.7673996258451465,0.5177334286571487,-0.1563636236183571,0.0,0.5177334286571487,0.0,1.3481941045510115,0.9559906132106541,-0.23602755287402002,0.0,0.9509217866158145,0.0,2.2592446699847053
0.3993126107010093,-0.3596804335646701,0.0,0.3993126107010094,0.0,1.5179860885313607,1.3848113990753952,-0.0917336413352542,0.0,1.3848113990753952,0.0,2.953090080821299,1.007179046799192,-0.23010152410031218,0.0,1.0063852762297292,0.0,2.479362710610479
0.34328577165893737,-0.24437643242327076,0.0,0.3432857716589373,0.0,1.1753244081644154,0.8579600538442347,-0.1840183812854667,0.0,0.8579600538442346,0.0,2.083956870259402,0.6742994237166904,-0.21620340485236217,0.0,0.6739922787888981,0.0,1.7864481027535197
1.075812712053002,-0.31778290164764766,0.0,1.0758127120530019,0.0,2.787191227401299,0.3404229059285717,-0.050805395774707926,0.0,0.3404229059285717,0.0,0.7824566034065592,0.5068814526316615,-0.10718754783037729,0.0,0.5060525711675056,0.0,1.1883267001482325
1.6015301472176156,-0.5237609822107459,0.0,1.6015301472176153,0.0,4.250582258856722,0.8204719073636205,-0.7087538236216153,0.0,0.8204719073636205,0.0,3.058451461970472,1.0178476698262673,-0.6765234163055897,0.0,1.0173601972063808,0.0,3.3689263040046122
2.49211961083376,-0.4571993192714364,0.0,2.49211961083376,0.0,5.898637860210392,0.672165356226093,-0.12267395872737721,0.0,0.672165356226093,0.0,1.5896786299069405,1.0624300627733263,-0.20351483453164287,0.0,1.0596439324618734,0.0,2.444562620379799
0.642853048807548,-0.20596055379524525,0.0,0.642853048807548,0.0,1.6976272052055863,2.067703245654298,-1.5828007923154999,0.0,2.067703245654298,0.0,7.3010080759396,1.5053152489092079,-1.0350940301552058,0.0,1.5051932813187046,0.0,5.083628036196587
1.30387132899771,-0.25199651110293786,0.0,1.3038713289977102,0.0,3.1117356802012957,0.37548522123898015,-0.2405401472483134,0.0,0.3754852212389802,0.0,1.232050736974587,0.5763779929927235,-0.25779477819496277,0.0,0.5749607266056228,0.0,1.6316349358283844
1.2601745521520575,-0.8625883644226228,0.0,1.2601745521520575,0.0,4.245525833149362,0.9135902998632938,-0.5530192571904264,0.0,0.9135902998632937,0.0,2.93321911410744,1.0098861607663518,-0.638131854373901,0.0,1.0098695032140224,0.0,3.2736729949961743
2.640668103532044,-0.31509996234705384,0.0,2.640668103532044,0.0,5.911536131758195,0.5467647981414677,-0.5102009609945231,0.0,0.5467647981414676,0.0,2.1139315182719782,0.9370824140449465,-0.5263085784441637,0.0,0.9331788259178793,0.0,2.8439494160265975
0.6538613044770535,-0.3811256414954767,0.0,0.6538613044770534,0.0,2.06997389194506,1.5110197146079392,-1.3230289886298356,0.0,1.5110197146079392,0.0,5.668097406475548,1.181194353049191,-0.9678386421425634,0.0,1.1813256968152812,0.0,4.321405578888772
2.5007608954342655,-0.5250923259432594,0.0,2.5007608954342655,0.0,6.05170644275505,2.3580076027631334,-0.45728268883578893,0.0,2.358007602763134,0.0,5.630580583197846,2.401031850878385,-0.4776346280347546,0.0,2.4010272051877113,0.0,5.752847751691764
0.8625325635927683,-0.40237885994738753,0.0,0.8625325635927683,0.0,2.529822847080312,1.3718647984584955,-1.070710892107092,0.0,1.3718647984584953,0.0,4.885151381131178,1.1871760004202232,-0.8391011305492209,0.0,1.187308804857765,0.0,4.073544981231576
0.925240304092794,-0.18640870652095823,0.0,0.925240304092794,0.0,2.2232980212275044,0.8375506672841472,-0.3903062494154624,0.0,0.8375506672841472,0.0,2.4557138333992197,0.8602585356091866,-0.33139626680615647,0.0,0.8602891224504732,0.0,2.3858487426365325
0.5764580521510105,-0.10435344043814444,0.0,0.5764580521510105,0.0,1.3616229851783097,0.5567826228111153,-0.13874939947754175,0.0,0.5567826228111153,0.0,1.3910640445773141,0.5625722269161075,-0.12845228906020942,0.0,0.5625732536817414,0.0,1.3823453833216677
0.42820957710246094,-0.26928789266183956,0.0,0.4282095771024608,0.0,1.3949949395286012,0.7290083172859235,-0.5052372321465446,0.0,0.7290083172859235,0.0,2.4684910988649347,0.6261709962119547,-0.4226501658673739,0.0,0.6261257531743977,0.0,2.108018004970932
0.39701538979971135,-0.32543547140450524,0.0,0.39701538979971135,0.0,1.4449017224084315,0.5321411399535145,-0.11507781158859867,0.0,0.5321411399535145,0.0,1.2944379030842261,0.4795905881109486,-0.1900702552505061,0.0,0.4796192977120381,0.0,1.337210417189286
1.858066674260056,-0.19690566177081492,0.0,1.858066674260056,0.0,4.109944672061741,0.29335045340960103,-0.27289660193920773,0.0,0.29335045340960103,0.0,1.1324941106976172,0.5566012681418951,-0.2957852285225062,0.0,0.5532662208099973,0.0,1.634069245962486
0.327911347543694,-0.03905267327586911,0.0,0.32791134754369394,0.0,0.7339280416391263,0.5012088333513726,-0.2157646275215985,0.0,0.5012088333513726,0.0,1.4339469217459417,0.44176537643943176,-0.15528291385207696,0.0,0.4417675952689135,0.0,1.1976184446947158
2.059374803034873,-1.0313713063057082,0.0,2.059374803034873,0.0,6.1814922186811625,1.2679677103234062,-0.16433006804363448,0.0,1.2679677103234062,0.0,2.864595556734081,1.4700499026622462,-0.38984969525560537,0.0,1.4701090943522699,0.0,3.662809136452786
2.3413924461725295,-1.952858542482149,0.0,2.3413924461725295,0.0,8.58850197730936,0.5858165038665437,-0.44289832862548423,0.0,0.5858165038665437,0.0,2.0574296649840558,0.9171223770296622,-0.7052785955885482,0.0,0.9164434703895853,0.0,3.098018578968041
0.5630415644026188,-0.2230361781477935,0.0,0.5630415644026188,0.0,1.5721554851008246,1.7093488352081085,-0.5262946716366539,0.0,1.7093488352081083,0.0,4.471287013689524,1.3030680200616809,-0.41866665924028285,0.0,1.3020978604518623,0.0,3.4451377658824547
2.3049660952604047,-1.2344655005858016,0.0,2.3049660952604047,0.0,7.078863191692412,1.2287634454741712,-0.6006137763622682,0.0,1.2287634454741712,0.0,3.658754443672879,1.509904213983371,-0.7573804852075275,0.0,1.5095139944240648,0.0,4.473365121366528
0.6387553999734623,-0.5596834956700293,0.0,0.6387553999734624,0.0,2.3968777912869834,0.6971211410147715,-0.187326023064722,0.0,0.6971211410147715,0.0,1.768894328158987,0.6634927055961594,-0.3106036634299924,0.0,0.6635968475163392,0.0,1.937962153187713
0.29500236808495084,-0.12431794746113776,0.0,0.29500236808495084,0.0,0.8386406310921775,2.033212926017856,-0.6021355249297231,0.0,2.0332129260178564,0.0,5.270696901895159,1.3818075185515348,-0.420373125252388,0.0,1.3784009946782088,0.0,3.5654478395229647
0.4103890712874538,-0.33472135735846675,0.0,0.4103890712874538,0.0,1.4902208572918423,2.9027317294009936,-0.42814516000274333,0.0,2.9027317294009936,0.0,6.661753778807472,1.9532802761130965,-0.4454070450154368,0.0,1.9483911527294062,0.0,4.759312501230983
0.5774028921666288,-0.2744059220045942,0.0,0.5774028921666287,0.0,1.7036176283424456,2.382127462999156,-1.5186515948182475,0.0,2.382127462999156,0.0,7.801558115634807,1.695698397177589,-1.0151669494312783,0.0,1.6941991834362626,0.0,5.415851205357067
1.0327572106856167,-0.5179866092037559,0.0,1.0327572106856167,0.0,3.1014876397787456,0.7721937883207813,-0.4347816514347278,0.0,0.7721937883207813,0.0,2.4139508795110176,0.8470401650944532,-0.4584579384024431,0.0,0.8469871505675839,0.0,2.6004296761112453
0.3062000951622085,-0.10555397180866966,0.0,0.30620009516220853,0.0,0.8235081339417564,0.40883262081602817,-0.24716079325563586,0.0,0.40883262081602817,0.0,1.311986828143328,0.3735569354950935,-0.20030594388113243,0.0,0.3735769439999026,0.0,1.1521934718017643
1.9527787089101702,-1.87648593081135,0.0,1.9527787089101702,0.0,7.6585292794430195,1.51932188221765,-0.17072722296125942,0.0,1.51932188221765,0.0,3.380098210357818,1.542631164909365,-0.6894107136440469,0.0,1.5433729397427947,0.0,4.377598764478318
2.987105940982719,-0.24251739511723566,0.0,2.987105940982718,0.0,6.459246672199908,0.5509361765059987,-0.44793843473310535,0.0,0.5509361765059986,0.0,1.9977492224782079,0.9891874473332413,-0.47150150272397867,0.0,0.9839585467170255,0.0,2.8219186570377928
2.872588866614527,-0.6030074869444314,0.0,2.872588866614527,0.0,6.951192707117917,1.0285921010825982,-0.6879525949160218,0.0,1.0285921010825982,0.0,3.43308939199724,1.4552987499816772,-0.7000349393761083,0.0,1.4530945996470033,0.0,4.2470148751655294
0.3367946490664735,-0.01877522183749494,0.0,0.3367946490664735,0.0,0.7111397418079369,0.71048638372396,-0.679384675073412,0.0,0.7104863837239601,0.0,2.7797421175947346,0.538184096504058,-0.4294565835606209,0.0,0.5386828173208966,0.0,1.9393260162487638
1.176751345383695,-0.8768805064930122,0.0,1.1767513453836953,0.0,4.107263703753414,0.361819524912647,-0.12424740908085247,0.0,0.361819524912647,0.0,0.972133867986999,0.5259886268389785,-0.2700546790453942,0.0,0.5258436090258987,0.0,1.5233593823854763
1.1766095262269227,-1.1244331331702322,0.0,1.1766095262269227,0.0,4.602085318794292,0.44734287947099205,-0.19562359825130177,0.0,0.4473428794709921,0.0,1.2859329554445877,0.583720550409744,-0.40025298196481346,0.0,0.584094070727213,0.0,1.8940945661632778
0.7540940256125958,-0.08787338188422789,0.0,0.7540940256125958,0.0,1.683934814993647,1.175231963512741,-0.3644458867841003,0.0,1.175231963512741,0.0,3.0793557005936822,1.0351345570312136,-0.2699176168895548,0.0,1.035058189713746,0.0,2.616541262677244
1.6929549632487049,-0.20965650533203772,0.0,1.692954963248705,0.0,3.805222937161485,0.7729827465822271,-0.04956252835351021,0.0,0.7729827465822271,0.0,1.6450905498714747,1.006088168476633,-0.09378542086679896,0.0,1.0053697995095079,0.0,2.165332938485963
0.9721374279270131,-0.2823059161822715,0.0,0.9721374279270131,0.0,2.508886688218569,0.3133483650197738,-0.06620836155656892,0.0,0.3133483650197738,0.0,0.7591134531526856,0.46354387802803876,-0.11309514087626461,0.0,0.46279201574847134,0.0,1.1189344440021964
0.3657893115202943,-0.07376160755021031,0.0,0.3657893115202943,0.0,0.8791018381410091,2.688954041418658,-0.5327256485772616,0.0,2.688954041418658,0.0,6.443359379991839,1.8148578679672411,-0.3726121445189995,0.0,1.8100490468951984,0.0,4.307541452944324
2.6797349834575326,-0.5931132864591839,0.0,2.6797349834575326,0.0,6.5456965398334335,0.44070687591384333,-0.07267603146546195,0.0,0.4407068759138434,0.0,1.0267658147586105,0.8395249367058017,-0.16923000670187904,0.0,0.8348871222745693,0.0,1.8861515219825389
0.41673175378328037,-0.3938897945037965,0.0,0.41673175378328037,0.0,1.6212430965741536,0.8196152780649592,-0.06809666147687818,0.0,0.8196152780649592,0.0,1.7754238790836747,0.6602242833221735,-0.20364252778140166,0.0,0.6601776834938624,0.0,1.7295047939728534
0.42835126452549943,-0.09686113006183576,0.0,0.4283512645254994,0.0,1.0504247891746705,1.2245114738699554,-0.5121283290423477,0.0,1.2245114738699556,0.0,3.4732796058246076,0.9401114749650605,-0.3549270144357289,0.0,0.9395755233133309,0.0,2.5895244832661852
1.3042765204448967,-0.24086595042949144,0.0,1.3042765204448965,0.0,3.090284941748775,1.957125399145977,-1.7417890599743402,0.0,1.957125399145977,0.0,7.3978289182406245,1.6719571256402377,-1.2265570496142628,0.0,1.6729078452219803,0.0,5.825821982851545
0.3846556698332708,-0.1203310773138496,0.0,0.3846556698332708,0.0,1.0099734942942409,1.7886988267986528,-0.15096806922856532,0.0,1.788698826798653,0.0,3.8793337920544366,1.2664438377619613,-0.1671469751321584,0.0,1.2645503225438253,0.0,2.848687239531669
1.3424990641201442,-0.6922461996107856,0.0,1.3424990641201442,0.0,4.069490527461859,0.9693106044936055,-0.8040161704127333,0.0,0.9693106044936055,0.0,3.5466535498126794,1.0733681345785255,-0.7767042549190751,0.0,1.0732782996515544,0.0,3.6919082429993777
0.4872470282492795,-0.4470157980280081,0.0,0.4872470282492796,0.0,1.8685256525545717,0.9072653222194209,-0.2692037088128668,0.0,0.9072653222194209,0.0,2.3529380620645752,0.7574100428811331,-0.3419877284302308,0.0,0.7572880308086853,0.0,2.2042862902834854
1.380594954794973,-0.4022179961092236,0.0,1.380594954794973,0.0,3.565625901808393,1.7650662562590307,-1.294866260601113,0.0,1.765066256259031,0.0,6.119865033720288,1.6172382555069467,-1.0033792356384958,0.0,1.6175661496447633,0.0,5.264447257508505
0.5659022079668178,-0.22268599919500934,0.0,0.5659022079668178,0.0,1.577176414323654,1.4986055256340733,-1.0736348568465872,0.0,1.4986055256340736,0.0,5.144480764961322,1.146740291911194,-0.7470265868884663,0.0,1.1465937505031665,0.0,3.798507330153491
1.138471305022271,-0.07678209560046427,0.0,1.1384713050222712,0.0,2.4305068012454707,0.6194949223752877,-0.18765213050929722,0.0,0.6194949223752876,0.0,1.6142941057691695,0.7538476010683819,-0.16741213846601527,0.0,0.7535453739640556,0.0,1.8313580051423144
0.8521175268587237,-0.7760909208777289,0.0,0.8521175268587237,0.0,3.2564168954728987,2.359872796485019,-0.8817733753040915,0.0,2.359872796485019,0.0,6.4832923435782215,1.8261795096878812,-0.8616128360085642,0.0,1.8250515656898576,0.0,5.396479480502223
