1.055773201422173,-0.2966734304138459,0.0,1.055773201422173,0.0,2.704893263672038,1.055773201422173,-0.2966734304138459,0.0,1.055773201422173,0.0,2.704893263672038,1.0557732014221717,-0.29667343041384164,-1.3107852727084377e-16,1.0557732014221717,-4.443857067186587e-16,2.704893263672057
1.719903316333424,-0.42064397822840516,0.0,1.7199033163334239,0.0,4.281094589123659,1.719903316333424,-0.42064397822840516,0.0,1.7199033163334239,0.0,4.281094589123659,1.7199033163334128,-0.42064397822840455,-2.4197216926774856e-16,1.71990331633341,-3.8937389952123e-16,4.281094589123635
0.6258472834329468,-0.24541277070757683,0.0,0.6258472834329468,0.0,1.7425201082810473,0.6258472834329468,-0.24541277070757683,0.0,0.6258472834329468,0.0,1.7425201082810473,0.6258472834329453,-0.2454127707075745,1.3877241425749085e-16,0.6258472834329444,9.140980943124952e-16,1.7425201082810458
1.3078805024262965,-0.4221404706962017,0.0,1.3078805024262963,0.0,3.4600419462449956,1.3078805024262965,-0.4221404706962017,0.0,1.3078805024262963,0.0,3.4600419462449956,1.3078805024262898,-0.4221404706962026,7.900174507677379e-16,1.3078805024262958,-1.4398912960151878e-15,3.4600419462450174
0.4533800834050778,-0.16091032253557577,0.0,0.45338008340507785,0.0,1.228580811881307,0.4533800834050778,-0.16091032253557577,0.0,0.45338008340507785,0.0,1.228580811881307,0.453380083405076,-0.1609103225355741,-2.3320201933445625e-16,0.4533800834050745,1.2239943329223936e-16,1.2285808118813077
1.8062859011691936,-0.2001595865987942,0.0,1.8062859011691936,0.0,4.012890975535975,1.8062859011691936,-0.2001595865987942,0.0,1.8062859011691936,0.0,4.012890975535975,1.8062859011691885,-0.20015958659879457,-1.1904437868433021e-17,1.806285901169191,1.176458634012527e-15,4.012890975536
0.9398590297789315,-0.543112334741269,0.0,0.9398590297789315,0.0,2.965942729040401,0.9398590297789315,-0.543112334741269,0.0,0.9398590297789315,0.0,2.965942729040401,0.9398590297789272,-0.5431123347412624,-1.0760572212936329e-16,0.9398590297789239,2.0977422127006128e-18,2.965942729040408
0.5197176798030435,-0.29289751375238454,0.0,0.5197176798030435,0.0,1.625230387110856,0.5197176798030435,-0.29289751375238454,0.0,0.5197176798030435,0.0,1.625230387110856,0.5197176798030396,-0.2928975137523837,-3.149916419238779e-16,0.51971767980304,7.796935647380481e-16,1.6252303871108598
0.5166996553377579,-0.1822435090165371,0.0,0.5166996553377577,0.0,1.39788632870859,0.5166996553377579,-0.1822435090165371,0.0,0.5166996553377577,0.0,1.39788632870859,0.5166996553377475,-0.18224350901653702,-1.8214985272346205e-16,0.5166996553377459,9.998715483852823e-16,1.3978863287085794
2.6822031698893185,-0.4769001881190851,0.0,2.6822031698893185,0.0,6.318206716016806,2.6822031698893185,-0.4769001881190851,0.0,2.6822031698893185,0.0,6.318206716016806,2.682203169889314,-0.47690018811907825,-1.871939803022848e-16,2.682203169889327,1.5500442737797843e-15,6.318206716016793
1.9739269580225156,-0.771911341476417,0.0,1.9739269580225156,0.0,5.491676598997865,1.9739269580225156,-0.771911341476417,0.0,1.9739269580225156,0.0,5.491676598997865,1.9739269580224974,-0.7719113414764088,7.138069140171492e-16,1.973926958022495,1.409937464192468e-16,5.491676598997893
1.444015747578503,-1.0587625925695863,0.0,1.444015747578503,0.0,5.005556680296176,1.444015747578503,-1.0587625925695863,0.0,1.444015747578503,0.0,5.005556680296176,1.4440157475784885,-1.0587625925695927,1.2133361296809762e-15,1.4440157475784952,-7.316355803604455e-16,5.005556680296166
0.7995187556078597,-0.15768060506536052,0.0,0.7995187556078597,0.0,1.9143987213464408,0.7995187556078597,-0.15768060506536052,0.0,0.7995187556078597,0.0,1.9143987213464408,0.7995187556078591,-0.15768060506536064,1.7880489235730566e-16,0.7995187556078578,-2.16471317154901e-16,1.9143987213464169
0.8257921592416901,-0.1698435968548556,0.0,0.8257921592416901,0.0,1.9912715121930913,0.8257921592416901,-0.1698435968548556,0.0,0.8257921592416901,0.0,1.9912715121930913,0.8257921592416875,-0.16984359685485428,2.6840048512527766e-16,0.8257921592416857,-1.4687406409143284e-15,1.9912715121930782
1.317198902952674,-1.0556241580112267,0.0,1.3171989029526738,0.0,4.745646121927803,1.317198902952674,-1.0556241580112267,0.0,1.3171989029526738,0.0,4.745646121927803,1.3171989029526736,-1.0556241580112207,-3.043243358001696e-16,1.3171989029526698,-1.8588103164365747e-15,4.745646121927755
0.4077041947103034,-0.11211285828885814,0.0,0.40770419471030345,0.0,1.0396341059983232,0.4077041947103034,-0.11211285828885814,0.0,0.40770419471030345,0.0,1.0396341059983232,0.4077041947103033,-0.11211285828885752,-9.751537409501051e-17,0.4077041947103006,-1.1440219882640705e-17,1.0396341059983334
0.4737563175864658,-0.2736800507186524,0.0,0.4737563175864658,0.0,1.4948727366102363,0.4737563175864658,-0.2736800507186524,0.0,0.4737563175864658,0.0,1.4948727366102363,0.4737563175864627,-0.27368005071865253,-1.602167658433706e-16,0.4737563175864594,-2.5692631942412255e-16,1.4948727366102408
1.1976053658441386,-0.6350108574977916,0.0,1.1976053658441386,0.0,3.6652324466838606,1.1976053658441386,-0.6350108574977916,0.0,1.1976053658441386,0.0,3.6652324466838606,1.1976053658441328,-0.6350108574977918,2.0930503301409276e-16,1.1976053658441308,-6.175830999294801e-16,3.665232446683863
1.6274725427081924,-0.21592344011519454,0.0,1.6274725427081924,0.0,3.6867919656467736,1.6274725427081924,-0.21592344011519454,0.0,1.6274725427081924,0.0,3.6867919656467736,1.6274725427081838,-0.21592344011519285,8.903610347716639e-17,1.6274725427081815,4.632486702464179e-16,3.6867919656467842
1.467733315891468,-0.32088873899225,0.0,1.4677333158914683,0.0,3.5772441097674363,1.467733315891468,-0.32088873899225,0.0,1.4677333158914683,0.0,3.5772441097674363,1.467733315891468,-0.3208887389922486,-4.865283414739905e-16,1.4677333158914674,1.6274808595413043e-16,3.5772441097674097
1.5438917910227492,-0.8306121198546464,0.0,1.5438917910227494,0.0,4.749007821754791,1.5438917910227492,-0.8306121198546464,0.0,1.5438917910227494,0.0,4.749007821754791,1.543891791022738,-0.8306121198546448,4.1045260291358594e-16,1.5438917910227352,-7.248718075984979e-17,4.749007821754763
2.2992708458798163,-0.5095441217906951,0.0,2.2992708458798163,0.0,5.6176299353410215,2.2992708458798163,-0.5095441217906951,0.0,2.2992708458798163,0.0,5.6176299353410215,2.299270845879824,-0.5095441217906896,5.078856566572976e-16,2.2992708458797835,-1.3733880501074527e-15,5.617629935341046
2.4746639236278334,-0.91651946291496,0.0,2.4746639236278334,0.0,6.782366773085589,2.4746639236278334,-0.91651946291496,0.0,2.4746639236278334,0.0,6.782366773085589,2.4746639236278107,-0.9165194629149541,-3.5554456596368897e-16,2.4746639236277974,3.4206277479272717e-15,6.7823667730855695
1.0363472776124718,-0.394623268659691,0.0,1.0363472776124718,0.0,2.861941092544325,1.0363472776124718,-0.394623268659691,0.0,1.0363472776124718,0.0,2.861941092544325,1.0363472776124716,-0.39462326865969166,-1.457039445670883e-16,1.0363472776124731,5.501525218676173e-16,2.861941092544341
1.9588951460996242,-0.4515132065587939,0.0,1.9588951460996242,0.0,4.820816705316837,1.9588951460996242,-0.4515132065587939,0.0,1.9588951460996242,0.0,4.820816705316837,1.9588951460996078,-0.45151320655879223,-6.652320092047316e-16,1.9588951460996122,1.883604815644394e-15,4.820816705316876
0.8073996541701252,-0.2268651960044211,0.0,0.8073996541701253,0.0,2.068529700349093,0.8073996541701252,-0.2268651960044211,0.0,0.8073996541701253,0.0,2.068529700349093,0.8073996541701196,-0.22686519600441932,4.2586970492997436e-17,0.8073996541701156,7.291563354731855e-16,2.068529700349098
0.5862999967423874,-0.043632652702486875,0.0,0.5862999967423874,0.0,1.2598652988897485,0.5862999967423874,-0.043632652702486875,0.0,0.5862999967423874,0.0,1.2598652988897485,0.5862999967423803,-0.04363265270248648,2.3147011366410834e-18,0.5862999967423816,-2.9179527633576663e-16,1.2598652988897365
0.9847921897917357,-0.060049176072599526,0.0,0.9847921897917357,0.0,2.0896827317286704,0.9847921897917357,-0.060049176072599526,0.0,0.9847921897917357,0.0,2.0896827317286704,0.9847921897917332,-0.06004917607259897,6.655860240508837e-17,0.9847921897917303,-2.001366018443729e-15,2.089682731728664
0.6995814610022771,-0.60938364811105,0.0,0.699581461002277,0.0,2.6179302182266495,0.6995814610022771,-0.60938364811105,0.0,0.699581461002277,0.0,2.6179302182266495,0.699581461002275,-0.6093836481110495,6.868783353612921e-16,0.6995814610022765,-8.303867521999996e-16,2.617930218226645
1.5409506273362659,-0.7294954834233112,0.0,1.540950627336266,0.0,4.5408922215191545,1.5409506273362659,-0.7294954834233112,0.0,1.540950627336266,0.0,4.5408922215191545,1.5409506273362483,-0.7294954834233134,2.678726316234185e-18,1.5409506273362574,-9.8092323647954e-16,4.540892221519113
0.5732407543692016,-0.3861282943427655,0.0,0.5732407543692016,0.0,1.9187380974239348,0.5732407543692016,-0.3861282943427655,0.0,0.5732407543692016,0.0,1.9187380974239348,0.5732407543691931,-0.3861282943427626,-6.791187123646024e-16,0.5732407543691946,1.122870922817234e-15,1.91873809742395
0.7638071848350058,-0.73835072177168,0.0,0.7638071848350059,0.0,3.0043158132133563,0.7638071848350058,-0.73835072177168,0.0,0.7638071848350059,0.0,3.0043158132133563,0.7638071848350018,-0.7383507217716782,-3.905110734025989e-16,0.7638071848350025,6.381071654275755e-16,3.004315813213333
1.4037804997481973,-0.1498617989183238,0.0,1.403780499748197,0.0,3.107284597333042,1.4037804997481973,-0.1498617989183238,0.0,1.403780499748197,0.0,3.107284597333042,1.4037804997481895,-0.14986179891832324,5.48038400515081e-17,1.4037804997481844,-6.258236564647684e-16,3.107284597333035
1.9230902835710126,-0.2979029317007324,0.0,1.9230902835710122,0.0,4.44198643054349,1.9230902835710126,-0.2979029317007324,0.0,1.9230902835710122,0.0,4.44198643054349,1.9230902835710295,-0.29790293170072885,4.035857970593544e-16,1.9230902835710213,-1.0638912719905006e-15,4.441986430543459
0.6349861641708887,-0.2767073726077516,0.0,0.6349861641708887,0.0,1.8233870735572812,0.6349861641708887,-0.2767073726077516,0.0,0.6349861641708887,0.0,1.8233870735572812,0.6349861641708915,-0.2767073726077514,-6.628679777468715e-17,0.6349861641708896,-4.952028727110272e-16,1.8233870735572957
1.718439662047793,-0.10846185341802554,0.0,1.718439662047793,0.0,3.6538030309316376,1.718439662047793,-0.10846185341802554,0.0,1.718439662047793,0.0,3.6538030309316376,1.7184396620477882,-0.10846185341802589,4.625754809984445e-17,1.7184396620478073,-1.823656697095496e-15,3.653803030931625
2.002678278461521,-0.37964706029874407,0.0,2.002678278461521,0.0,4.764650677520528,2.002678278461521,-0.37964706029874407,0.0,2.002678278461521,0.0,4.764650677520528,2.0026782784615285,-0.3796470602987387,5.2238140988668726e-18,2.0026782784615214,1.5980761289369029e-15,4.7646506775205735
0.2927187305715338,-0.19629119127923828,0.0,0.2927187305715338,0.0,0.9780198437015442,0.2927187305715338,-0.19629119127923828,0.0,0.2927187305715338,0.0,0.9780198437015442,0.2927187305715316,-0.19629119127923683,1.0797220771389028e-16,0.2927187305715319,-4.289650614634961e-17,0.978019843701542
0.7004886301968299,-0.21602668404423153,0.0,0.7004886301968298,0.0,1.8330306284821225,0.7004886301968299,-0.21602668404423153,0.0,0.7004886301968298,0.0,1.8330306284821225,0.700488630196832,-0.2160266840442317,-1.3590506736183038e-17,0.7004886301968352,-3.405617000758996e-16,1.833030628482117
0.769279220969543,-0.4811725949981237,0.0,0.7692792209695429,0.0,2.5009036319353344,0.769279220969543,-0.4811725949981237,0.0,0.7692792209695429,0.0,2.5009036319353344,0.7692792209695437,-0.48117259499811516,-2.133571176713762e-16,0.7692792209695406,2.4661288263791433e-16,2.5009036319353286
0.5109543818491945,-0.25505672545537256,0.0,0.5109543818491945,0.0,1.5320222146091338,0.5109543818491945,-0.25505672545537256,0.0,0.5109543818491945,0.0,1.5320222146091338,0.5109543818491963,-0.2550567254553702,-1.023907978872981e-16,0.5109543818491891,-5.972059666602592e-17,1.5320222146091291
1.4298082571914545,-0.20379978565834328,0.0,1.4298082571914543,0.0,3.2672160856995958,1.4298082571914545,-0.20379978565834328,0.0,1.4298082571914543,0.0,3.2672160856995958,1.4298082571914417,-0.2037997856583424,2.7031263319328713e-17,1.4298082571914432,-8.794456531553878e-16,3.267216085699616
2.678192245636748,-0.6652707301378361,0.0,2.678192245636748,0.0,6.686925951549168,2.678192245636748,-0.6652707301378361,0.0,2.678192245636748,0.0,6.686925951549168,2.6781922456367107,-0.6652707301378349,-3.5591096408930385e-17,2.6781922456367293,-2.8807955965762575e-15,6.686925951549179
2.0461486639251314,-0.6456561439870008,0.0,2.046148663925132,0.0,5.383609615824264,2.0461486639251314,-0.6456561439870008,0.0,2.046148663925132,0.0,5.383609615824264,2.0461486639251114,-0.6456561439869977,6.748073862572334e-17,2.046148663925106,-5.177931716401016e-15,5.383609615824239
2.24862506194084,-1.000413393332276,0.0,2.24862506194084,0.0,6.498076910546232,2.24862506194084,-1.000413393332276,0.0,2.24862506194084,0.0,6.498076910546232,2.248625061940856,-1.0004133933322685,2.0904872468175652e-16,2.248625061940843,-1.8981972783539085e-15,6.498076910546236
0.4265130293263306,-0.13269081329265744,0.0,0.4265130293263306,0.0,1.118407685237976,0.4265130293263306,-0.13269081329265744,0.0,0.4265130293263306,0.0,1.118407685237976,0.4265130293263323,-0.13269081329265736,1.5912896516693687e-16,0.42651302932632895,-8.051924804525078e-16,1.1184076852379674
2.840317122208495,-0.4719077168196577,0.0,2.840317122208495,0.0,6.624449678056306,2.840317122208495,-0.4719077168196577,0.0,2.840317122208495,0.0,6.624449678056306,2.8403171222084977,-0.4719077168196553,-3.7236086780176976e-16,2.8403171222084636,2.54425129686696e-15,6.624449678056203
2.4902720860488694,-1.7894704656816747,0.0,2.4902720860488694,0.0,8.559485103461094,2.4902720860488694,-1.7894704656816747,0.0,2.4902720860488694,0.0,8.559485103461094,2.490272086048869,-1.7894704656816847,9.69671096931181e-16,2.4902720860488663,-4.276169220100477e-15,8.55948510346108
1.5476603808251315,-0.7531235240076415,0.0,1.5476603808251315,0.0,4.6015678096655455,1.5476603808251315,-0.7531235240076415,0.0,1.5476603808251315,0.0,4.6015678096655455,1.5476603808251255,-0.7531235240076373,1.126602832910264e-15,1.547660380825124,-1.876746071002586e-15,4.601567809665562
0.3103926521245318,-0.12481917444492555,0.0,0.31039265212453176,0.0,0.8704236531389148,0.3103926521245318,-0.12481917444492555,0.0,0.31039265212453176,0.0,0.8704236531389148,0.31039265212453226,-0.12481917444492592,2.5246128927602535e-16,0.31039265212453193,-7.490878083037249e-16,0.8704236531389197
0.8194639749923639,-0.375637679230489,0.0,0.8194639749923639,0.0,2.390203308445705,0.8194639749923639,-0.375637679230489,0.0,0.8194639749923639,0.0,2.390203308445705,0.8194639749923575,-0.3756376792304861,-2.9893129530655867e-16,0.8194639749923561,1.624423182918968e-15,2.390203308445693
2.297511119397467,-1.2147618482448583,0.0,2.297511119397467,0.0,7.024545935284652,2.297511119397467,-1.2147618482448583,0.0,2.297511119397467,0.0,7.024545935284652,2.297511119397468,-1.2147618482448561,7.612993981858241e-16,2.2975111193974715,1.9306507429426214e-15,7.0245459352846105
0.6989179104313105,-0.1258488260775505,0.0,0.6989179104313105,0.0,1.6495334730177222,0.6989179104313105,-0.1258488260775505,0.0,0.6989179104313105,0.0,1.6495334730177222,0.6989179104313067,-0.1258488260775496,1.832398681695269e-16,0.6989179104313122,4.213390886664217e-16,1.6495334730177282
0.5799481580209771,-0.5515158854250284,0.0,0.579948158020977,0.0,2.2629280868920087,0.5799481580209771,-0.5515158854250284,0.0,0.579948158020977,0.0,2.2629280868920087,0.5799481580209692,-0.5515158854250285,3.6923124504624535e-16,0.5799481580209741,-8.304156447872397e-16,2.2629280868920305
0.9239434470865259,-0.16060678808938464,0.0,0.9239434470865259,0.0,2.1691004703518213,0.9239434470865259,-0.16060678808938464,0.0,0.9239434470865259,0.0,2.1691004703518213,0.9239434470865286,-0.16060678808938392,7.492024383900145e-17,0.9239434470865222,-5.033877845919131e-16,2.169100470351832
0.32239458645328767,-0.03995466906692268,0.0,0.32239458645328767,0.0,0.7246985110404207,0.32239458645328767,-0.03995466906692268,0.0,0.32239458645328767,0.0,0.7246985110404207,0.32239458645328534,-0.039954669066922625,1.7488465883920888e-17,0.32239458645328467,-1.949011536828352e-16,0.7246985110404094
0.43465461425416846,-0.15445683014559178,0.0,0.43465461425416846,0.0,1.1782228887995205,0.43465461425416846,-0.15445683014559178,0.0,0.43465461425416846,0.0,1.1782228887995205,0.43465461425416607,-0.15445683014559147,-1.541111265283037e-16,0.43465461425416463,1.0048689737266232e-15,1.1782228887995136
1.2214072412038166,-0.8193449277155549,0.0,1.2214072412038166,0.0,4.081504337838742,1.2214072412038166,-0.8193449277155549,0.0,1.2214072412038166,0.0,4.081504337838742,1.2214072412038062,-0.8193449277155547,-9.158229761784628e-16,1.221407241203806,2.828255964110386e-15,4.081504337838764
2.9219462819940536,-0.46591844889240414,0.0,2.9219462819940536,0.0,6.775729461772916,2.9219462819940536,-0.46591844889240414,0.0,2.9219462819940536,0.0,6.775729461772916,2.921946281994025,-0.4659184488924037,-2.3121815078381424e-16,2.92194628199402,3.73083500970233e-15,6.775729461772905
0.3777510255544517,-0.10979628826714959,0.0,0.3777510255544518,0.0,0.9750946276432028,0.3777510255544517,-0.10979628826714959,0.0,0.3777510255544518,0.0,0.9750946276432028,0.37775102555445084,-0.10979628826714771,-1.8002717466865796e-16,0.37775102555444906,8.276943139793825e-16,0.975094627643191
1.1675000338731103,-0.3289871248583185,0.0,1.1675000338731103,0.0,2.992974317462857,1.1675000338731103,-0.3289871248583185,0.0,1.1675000338731103,0.0,2.992974317462857,1.1675000338731056,-0.3289871248583193,1.6632232897833237e-16,1.1675000338731074,-9.033704628164727e-16,2.992974317462867
0.37537772078423276,-0.36341239200768266,0.0,0.3753777207842328,0.0,1.4775802255838306,0.37537772078423276,-0.36341239200768266,0.0,0.3753777207842328,0.0,1.4775802255838306,0.37537772078423226,-0.3634123920076805,-5.102445397126468e-16,0.3753777207842321,2.2500913054789234e-16,1.4775802255838397
2.255632146463445,-0.23612840164466242,0.0,2.255632146463445,0.0,4.983521096216215,2.255632146463445,-0.23612840164466242,0.0,2.255632146463445,0.0,4.983521096216215,2.2556321464634537,-0.23612840164466217,-1.6917326692729112e-16,2.2556321464634492,-1.4288828817495153e-15,4.983521096216199
2.2195553373420442,-0.3713012146918902,0.0,2.2195553373420442,0.0,5.181713104067868,2.2195553373420442,-0.3713012146918902,0.0,2.2195553373420442,0.0,5.181713104067868,2.219555337342036,-0.37130121469188676,-2.7946540414574284e-16,2.219555337342038,-3.3796814856052976e-15,5.181713104067886
1.333158964530503,-1.1914410740524903,0.0,1.333158964530503,0.0,5.0492000771659855,1.333158964530503,-1.1914410740524903,0.0,1.333158964530503,0.0,5.0492000771659855,1.333158964530495,-1.1914410740524832,-3.2275187900286142e-15,1.3331589645304867,2.7543212168078538e-15,5.049200077165991
0.43804672161059016,-0.07239873555608825,0.0,0.4380467216105902,0.0,1.0208909143333569,0.43804672161059016,-0.07239873555608825,0.0,0.4380467216105902,0.0,1.0208909143333569,0.4380467216105893,-0.07239873555608836,-4.1022137054460694e-17,0.43804672161058894,1.18002946756103e-15,1.0208909143333396
0.4980453214162921,-0.10830536808294597,0.0,0.49804532141629204,0.0,1.2127013789984762,0.4980453214162921,-0.10830536808294597,0.0,0.49804532141629204,0.0,1.2127013789984762,0.4980453214162887,-0.10830536808294527,8.679479881872883e-17,0.49804532141629076,-5.250755057691838e-16,1.212701378998468
0.2572513030153362,-0.21167376648840136,0.0,0.2572513030153363,0.0,0.9378501390074749,0.2572513030153362,-0.21167376648840136,0.0,0.2572513030153363,0.0,0.9378501390074749,0.25725130301533583,-0.211673766488401,1.1505600007405064e-16,0.257251303015334,-1.598314262941887e-16,0.9378501390074709
1.4926313800386508,-0.732191725549388,0.0,1.4926313800386506,0.0,4.449646211176078,1.4926313800386508,-0.732191725549388,0.0,1.4926313800386506,0.0,4.449646211176078,1.4926313800386466,-0.7321917255493858,-7.500926373677678e-16,1.492631380038648,3.1632748476296877e-15,4.449646211176127
1.0379438345472118,-0.6945280623661989,0.0,1.0379438345472118,0.0,3.464943793826823,1.0379438345472118,-0.6945280623661989,0.0,1.0379438345472118,0.0,3.464943793826823,1.0379438345472172,-0.6945280623662057,-3.0690987243420887e-16,1.0379438345472094,1.076152508825239e-15,3.464943793826831
0.5692629928051335,-0.17524597239925596,0.0,0.5692629928051335,0.0,1.489017930408779,0.5692629928051335,-0.17524597239925596,0.0,0.5692629928051335,0.0,1.489017930408779,0.5692629928051333,-0.17524597239925346,-2.1428745216460809e-16,0.5692629928051324,-4.0493151577594176e-16,1.4890179304087967
0.910786424928109,-0.15170292984134384,0.0,0.9107864249281089,0.0,2.124978709538905,0.910786424928109,-0.15170292984134384,0.0,0.9107864249281089,0.0,2.124978709538905,0.9107864249281098,-0.1517029298413424,1.6241068007714394e-18,0.9107864249281137,-1.3898172912639134e-15,2.124978709538912
0.7039480307548408,-0.21568081931018632,0.0,0.7039480307548408,0.0,1.8392577001300543,0.7039480307548408,-0.21568081931018632,0.0,0.7039480307548408,0.0,1.8392577001300543,0.7039480307548369,-0.21568081931018515,1.9576284449518023e-16,0.7039480307548386,-1.0492089498707175e-15,1.8392577001300654
0.3869855688784603,-0.06604273345392747,0.0,0.3869855688784603,0.0,0.9060566046647754,0.3869855688784603,-0.06604273345392747,0.0,0.3869855688784603,0.0,0.9060566046647754,0.38698556887845836,-0.06604273345392782,-8.931520974168788e-17,0.3869855688784587,3.655933308137543e-16,0.9060566046647723
0.8636184539350049,-0.1423062376997655,0.0,0.8636184539350049,0.0,2.011849383269541,0.8636184539350049,-0.1423062376997655,0.0,0.8636184539350049,0.0,2.011849383269541,0.8636184539349983,-0.14230623769976444,1.8725267535918037e-16,0.8636184539350025,-9.104860019887143e-16,2.0118493832695408
0.7937378796812256,-0.18500926707670665,0.0,0.7937378796812257,0.0,1.9574942935158646,0.7937378796812256,-0.18500926707670665,0.0,0.7937378796812257,0.0,1.9574942935158646,0.7937378796812301,-0.18500926707670487,1.3236965110574e-16,0.7937378796812267,-1.4548083187395906e-15,1.9574942935158623
0.39816321546489697,-0.04453709341293176,0.0,0.398163215464897,0.0,0.8854006177556576,0.39816321546489697,-0.04453709341293176,0.0,0.398163215464897,0.0,0.8854006177556576,0.3981632154648993,-0.044537093412931314,-5.2201344090887765e-17,0.39816321546489725,4.648333009524241e-16,0.8854006177556638
0.5481042678403405,-0.5161769413073888,0.0,0.5481042678403406,0.0,2.1285624182954628,0.5481042678403405,-0.5161769413073888,0.0,0.5481042678403406,0.0,2.1285624182954628,0.5481042678403387,-0.5161769413073901,-4.722820993277783e-16,0.5481042678403462,7.898737314883508e-16,2.1285624182954557
0.2876257470863108,-0.16419953458197292,0.0,0.2876257470863108,0.0,0.9036505633365675,0.2876257470863108,-0.16419953458197292,0.0,0.2876257470863108,0.0,0.9036505633365675,0.2876257470863097,-0.16419953458197212,-1.4446432079673738e-16,0.2876257470863087,2.5249648138138286e-16,0.9036505633365715
0.9427903075094979,-0.47767811533824545,0.0,0.9427903075094979,0.0,2.8409368456954858,0.9427903075094979,-0.47767811533824545,0.0,0.9427903075094979,0.0,2.8409368456954858,0.9427903075094993,-0.47767811533824184,3.026351107892787e-16,0.9427903075094962,1.7293471088050742e-15,2.8409368456954955
2.6076691125954468,-0.9515897957428389,0.0,2.6076691125954468,0.0,7.118517816676571,2.6076691125954468,-0.9515897957428389,0.0,2.6076691125954468,0.0,7.118517816676571,2.6076691125954294,-0.9515897957428252,1.5782416109247447e-15,2.607669112595425,-2.773878942483424e-15,7.118517816676558
0.3575421876578362,-0.09971439125156428,0.0,0.3575421876578362,0.0,0.914513157818801,0.3575421876578362,-0.09971439125156428,0.0,0.3575421876578362,0.0,0.914513157818801,0.3575421876578341,-0.09971439125156345,-1.1202803578470233e-16,0.35754218765783563,4.516143343835449e-16,0.9145131578188076
1.6703855876238836,-0.2025423499892488,0.0,1.6703855876238838,0.0,3.7458558752262645,1.6703855876238836,-0.2025423499892488,0.0,1.6703855876238838,0.0,3.7458558752262645,1.6703855876238811,-0.20254234998925036,-2.1227134337524749e-16,1.6703855876238805,1.6789237541878196e-15,3.7458558752263094
0.43553299677648205,-0.38138912878104575,0.0,0.43553299677648205,0.0,1.6338442511150553,0.43553299677648205,-0.38138912878104575,0.0,0.43553299677648205,0.0,1.6338442511150553,0.4355329967764774,-0.38138912878104186,1.7144753901275505e-16,0.4355329967764765,1.6321006854104648e-16,1.6338442511150575
1.172167498319836,-0.08197345812670885,0.0,1.1721674983198358,0.0,2.5082819128930893,1.172167498319836,-0.08197345812670885,0.0,1.1721674983198358,0.0,2.5082819128930893,1.172167498319823,-0.08197345812670821,3.734110988118514e-17,1.172167498319824,-4.980463191335599e-16,2.5082819128931053
0.9916149694548542,-0.40536117503149227,0.0,0.9916149694548542,0.0,2.793952288972693,0.9916149694548542,-0.40536117503149227,0.0,0.9916149694548542,0.0,2.793952288972693,0.9916149694548588,-0.4053611750314907,2.6867945582528824e-16,0.9916149694548573,-1.4619260454874583e-15,2.793952288972698
1.0291955152321197,-0.15230661763830167,0.0,1.0291955152321195,0.0,2.3630042657408428,1.0291955152321197,-0.15230661763830167,0.0,1.0291955152321195,0.0,2.3630042657408428,1.0291955152321044,-0.15230661763830208,9.956740572727597e-17,1.0291955152321055,-2.5126804806306576e-15,2.363004265740851
0.479490341948891,-0.09108226225006963,0.0,0.479490341948891,0.0,1.1411452083979212,0.479490341948891,-0.09108226225006963,0.0,0.479490341948891,0.0,1.1411452083979212,0.47949034194888324,-0.09108226225006913,9.47391565405335e-17,0.47949034194888834,-9.840040372869628e-17,1.1411452083979274
0.5076183136954445,-0.07012830869820172,0.0,0.5076183136954445,0.0,1.1554932447872925,0.5076183136954445,-0.07012830869820172,0.0,0.5076183136954445,0.0,1.1554932447872925,0.5076183136954399,-0.07012830869820127,7.15341743652807e-19,0.5076183136954413,-4.789645306438164e-16,1.1554932447873019
2.2551691261635796,-1.9417414352975293,0.0,2.25516912616358,0.0,8.393821122922208,2.2551691261635796,-1.9417414352975293,0.0,2.25516912616358,0.0,8.393821122922208,2.255169126163568,-1.9417414352975275,1.5429941614134282e-15,2.2551691261635542,-2.007181702005623e-15,8.393821122922263
1.1436199878648787,-0.30329732050002844,0.0,1.143619987864879,0.0,2.8938346167298152,1.1436199878648787,-0.30329732050002844,0.0,1.143619987864879,0.0,2.8938346167298152,1.1436199878648716,-0.3032973205000272,-6.93482993631708e-17,1.143619987864871,2.5404361298024474e-16,2.893834616729833
0.28579068321162204,-0.24515297601471805,0.0,0.28579068321162204,0.0,1.0618873184526807,0.28579068321162204,-0.24515297601471805,0.0,0.28579068321162204,0.0,1.0618873184526807,0.285790683211621,-0.24515297601471625,-9.197341886846142e-17,0.28579068321162193,-1.8903032374904302e-16,1.061887318452684
0.3379094084559562,-0.02906730889879849,0.0,0.3379094084559562,0.0,0.7339534347095092,0.3379094084559562,-0.02906730889879849,0.0,0.3379094084559562,0.0,0.7339534347095092,0.3379094084559538,-0.029067308898798317,-5.1444011267257136e-17,0.33790940845595446,8.872091920461046e-16,0.7339534347095135
2.7002517275898916,-0.2938357690014074,0.0,2.700251727589891,0.0,5.988174993182598,2.7002517275898916,-0.2938357690014074,0.0,2.700251727589891,0.0,5.988174993182598,2.7002517275898774,-0.29383576900140496,5.683653470093734e-17,2.7002517275898654,1.1228828491909321e-15,5.988174993182624
0.5495451983855759,-0.44729646105952514,0.0,0.5495451983855758,0.0,1.9936833188902015,0.5495451983855759,-0.44729646105952514,0.0,0.5495451983855758,0.0,1.9936833188902015,0.549545198385573,-0.44729646105952353,1.9083428132737868e-16,0.5495451983855753,-1.297564106327289e-15,1.9936833188902123
0.437942462569802,-0.37753965372621595,0.0,0.437942462569802,0.0,1.6309642325920377,0.437942462569802,-0.37753965372621595,0.0,0.437942462569802,0.0,1.6309642325920377,0.43794246256980013,-0.377539653726216,1.387342465114755e-15,0.4379424625698001,-3.907993035837951e-16,1.6309642325920366
2.1282449477681067,-0.7498933872177376,0.0,2.1282449477681062,0.0,5.7562766699716885,2.1282449477681067,-0.7498933872177376,0.0,2.1282449477681062,0.0,5.7562766699716885,2.1282449477680982,-0.7498933872177348,-2.135907426444654e-16,2.1282449477680974,2.507645712249071e-15,5.756276669971681
0.50325770867888,-0.04335978255964759,0.0,0.50325770867888,0.0,1.0932349824770553,0.50325770867888,-0.04335978255964759,0.0,0.50325770867888,0.0,1.0932349824770553,0.5032577086788758,-0.04335978255964751,-2.822103197988362e-17,0.5032577086788752,6.781892795106851e-16,1.093234982477063
1.9583381933518758,-1.0831433057053839,0.0,1.9583381933518758,0.0,6.082962998114521,1.9583381933518758,-1.0831433057053839,0.0,1.9583381933518758,0.0,6.082962998114521,1.9583381933518618,-1.0831433057053732,4.474219840104942e-16,1.9583381933518575,1.200722895812772e-15,6.082962998114447
1.4394707671516893,-1.284503710588664,0.0,1.4394707671516893,0.0,5.447948955480703,1.4394707671516893,-1.284503710588664,0.0,1.4394707671516893,0.0,5.447948955480703,1.4394707671516909,-1.2845037105886667,1.5274615723063618e-15,1.439470767151687,-1.966186047592374e-15,5.447948955480735
0.30774173846884506,-0.22947807612318755,0.0,0.30774173846884506,0.0,1.074439629184066,0.30774173846884506,-0.22947807612318755,0.0,0.30774173846884506,0.0,1.074439629184066,0.30774173846884334,-0.22947807612318621,-3.4225620029649185e-16,0.30774173846884634,3.0141357331231655e-16,1.074439629184076
1.2113785911872101,-1.0699647686497344,0.0,1.21137859118721,0.0,4.5626867196738825,1.2113785911872101,-1.0699647686497344,0.0,1.21137859118721,0.0,4.5626867196738825,1.2113785911871933,-1.0699647686497133,-2.2691726814512493e-15,1.2113785911871968,1.9635499559800987e-15,4.562686719673899
1.040206358504857,-0.3935540553297741,0.0,1.0402063585048573,0.0,2.8675208276692636,1.040206358504857,-0.3935540553297741,0.0,1.0402063585048573,0.0,2.8675208276692636,1.0402063585048618,-0.39355405532977,9.915058927125581e-16,1.0402063585048607,-1.3326301542532596e-15,2.867520827669283
0.5367069606879699,-0.2757784706991947,0.0,0.5367069606879699,0.0,1.62497086277433,0.5367069606879699,-0.2757784706991947,0.0,0.5367069606879699,0.0,1.62497086277433,0.5367069606879643,-0.2757784706991937,-1.5371610775308514e-16,0.5367069606879652,6.258564361703974e-17,1.6249708627743469
0.5228490046893793,-0.4807237927597966,0.0,0.5228490046893792,0.0,2.007145594898353,0.5228490046893793,-0.4807237927597966,0.0,0.5228490046893792,0.0,2.007145594898353,0.522849004689376,-0.48072379275979105,5.685265757552052e-17,0.5228490046893712,-2.1190963250985287e-16,2.007145594898337
0.6134378519431244,-0.09715570203942164,0.0,0.6134378519431243,0.0,1.421187107965092,0.6134378519431244,-0.09715570203942164,0.0,0.6134378519431243,0.0,1.421187107965092,0.6134378519431175,-0.09715570203942095,-6.020907185144444e-17,0.6134378519431196,2.1261267285839598e-16,1.421187107965102
0.5743752761858656,-0.3326854843576518,0.0,0.5743752761858657,0.0,1.8141215210870345,0.5743752761858656,-0.3326854843576518,0.0,0.5743752761858657,0.0,1.8141215210870345,0.5743752761858627,-0.33268548435765066,-7.400355707849393e-16,0.5743752761858619,9.170594922314546e-16,1.8141215210870276
1.1847624159512935,-0.5106878636258132,0.0,1.1847624159512935,0.0,3.390900559154214,1.1847624159512935,-0.5106878636258132,0.0,1.1847624159512935,0.0,3.390900559154214,1.1847624159512824,-0.51068786362581,-2.967470094008481e-16,1.1847624159512835,-9.834844490864947e-16,3.3909005591542023
0.41061711374933196,-0.30611869702399686,0.0,0.4106171137493319,0.0,1.433471621546658,0.41061711374933196,-0.30611869702399686,0.0,0.4106171137493319,0.0,1.433471621546658,0.41061711374933374,-0.3061186970239962,1.2869907149829968e-16,0.4106171137493332,-2.067006741142957e-16,1.433471621546655
0.8783762427140225,-0.19354870614017736,0.0,0.8783762427140226,0.0,2.1438498977083995,0.8783762427140225,-0.19354870614017736,0.0,0.8783762427140226,0.0,2.1438498977083995,0.8783762427140197,-0.19354870614017747,-3.9597931870950107e-16,0.8783762427140199,7.952498208745699e-16,2.1438498977084355
1.6312570584076558,-1.1956488163840675,0.0,1.6312570584076556,0.0,5.653811749583446,1.6312570584076558,-1.1956488163840675,0.0,1.6312570584076556,0.0,5.653811749583446,1.6312570584076298,-1.1956488163840429,-6.172043113873199e-16,1.6312570584076211,1.5360602129721529e-15,5.653811749583386
0.3171212677335697,-0.01828501468896698,0.0,0.3171212677335697,0.0,0.6708125648450733,0.3171212677335697,-0.01828501468896698,0.0,0.3171212677335697,0.0,0.6708125648450733,0.31712126773356636,-0.01828501468896707,-3.3753732660753046e-17,0.31712126773356714,3.3403943786104374e-16,0.6708125648450787
0.4479381064178413,-0.43868086648415994,0.0,0.44793810641784126,0.0,1.7732379458040095,0.4479381064178413,-0.43868086648415994,0.0,0.44793810641784126,0.0,1.7732379458040095,0.4479381064178388,-0.438680866484163,-2.6539012233883423e-16,0.4479381064178422,4.93097861239407e-16,1.7732379458040084
1.7778211726772135,-0.24718892735251868,0.0,1.7778211726772135,0.0,4.050020200059465,1.7778211726772135,-0.24718892735251868,0.0,1.7778211726772135,0.0,4.050020200059465,1.7778211726772055,-0.247188927352519,-1.4515969680492205e-17,1.7778211726772055,-3.967126704015661e-15,4.050020200059471
0.5460547231333798,-0.4647544421090652,0.0,0.5460547231333798,0.0,2.0216183304848925,0.5460547231333798,-0.4647544421090652,0.0,0.5460547231333798,0.0,2.0216183304848925,0.5460547231333807,-0.46475444210905725,4.76606661038985e-17,0.5460547231333769,-1.8650550196161142e-16,2.021618330484901
0.6140838507717278,-0.04177014965592025,0.0,0.6140838507717279,0.0,1.3117080008552964,0.6140838507717278,-0.04177014965592025,0.0,0.6140838507717279,0.0,1.3117080008552964,0.6140838507717198,-0.041770149655920415,-1.5619682569092275e-17,0.6140838507717225,-1.5151710903598895e-15,1.3117080008552935
1.9532806848262092,-0.869708528333486,0.0,1.9532806848262092,0.0,5.645978426319389,1.9532806848262092,-0.869708528333486,0.0,1.9532806848262092,0.0,5.645978426319389,1.9532806848262094,-0.869708528333482,-1.8586834270216304e-16,1.9532806848262074,-8.517738812737022e-16,5.6459784263193535
0.36445271011458147,-0.325268001877575,0.0,0.36445271011458147,0.0,1.379441423984312,0.36445271011458147,-0.325268001877575,0.0,0.36445271011458147,0.0,1.379441423984312,0.36445271011457747,-0.32526800187757426,-3.715495628416844e-16,0.36445271011457847,-1.8121877882295086e-16,1.379441423984327
0.8684241517459699,-0.18172786535445773,0.0,0.86842415174597,0.0,2.100304034200855,0.8684241517459699,-0.18172786535445773,0.0,0.86842415174597,0.0,2.100304034200855,0.8684241517459635,-0.1817278653544568,-3.0281668529465613e-16,0.868424151745961,1.4350392623194393e-15,2.100304034200862
1.1076403282970961,-0.2562961932222955,0.0,1.1076403282970961,0.0,2.727873043038784,1.1076403282970961,-0.2562961932222955,0.0,1.1076403282970961,0.0,2.727873043038784,1.1076403282970928,-0.2562961932222956,2.0439452820325392e-16,1.1076403282970992,1.0653415363998707e-16,2.7278730430387914
0.4162639627599131,-0.3267083076549488,0.0,0.4162639627599132,0.0,1.485944540829725,0.4162639627599131,-0.3267083076549488,0.0,0.4162639627599132,0.0,1.485944540829725,0.4162639627599081,-0.3267083076549473,3.659467100134786e-16,0.41626396275990657,-3.232008371360509e-16,1.4859445408297456
0.8316885844058465,-0.1373306229257799,0.0,0.8316885844058465,0.0,1.9380384146632528,0.8316885844058465,-0.1373306229257799,0.0,0.8316885844058465,0.0,1.9380384146632528,0.8316885844058397,-0.13733062292578002,1.0917545600518553e-16,0.8316885844058347,3.465251648093626e-16,1.9380384146632632
0.36617999204239593,-0.31279357556813076,0.0,0.36617999204239593,0.0,1.3579471352210544,0.36617999204239593,-0.31279357556813076,0.0,0.36617999204239593,0.0,1.3579471352210544,0.36617999204239254,-0.31279357556813037,-3.8888418794568177e-16,0.3661799920423954,3.053615511558899e-16,1.357947135221033
0.8950002750200087,-0.1469038203013454,0.0,0.8950002750200087,0.0,2.083808190642708,0.8950002750200087,-0.1469038203013454,0.0,0.8950002750200087,0.0,2.083808190642708,0.895000275020018,-0.14690382030134527,-1.8191935053596585e-16,0.8950002750200169,-2.0386585737754005e-16,2.0838081906427
0.32977017299736466,-0.11629678004188379,0.0,0.3297701729973646,0.0,0.8921339060784966,0.32977017299736466,-0.11629678004188379,0.0,0.3297701729973646,0.0,0.8921339060784966,0.32977017299736305,-0.11629678004188324,-5.3086384809484817e-17,0.3297701729973614,2.794025271173126e-16,0.8921339060785011
0.312599041068356,-0.3048007197518534,0.0,0.31259904106835595,0.0,1.2347995216404184,0.312599041068356,-0.3048007197518534,0.0,0.31259904106835595,0.0,1.2347995216404184,0.31259904106835074,-0.3048007197518527,-3.6060080905669747e-16,0.31259904106835296,1.4777881011776646e-16,1.2347995216404144
0.4630747393843407,-0.1069199180271578,0.0,0.4630747393843407,0.0,1.1399893148229974,0.4630747393843407,-0.1069199180271578,0.0,0.4630747393843407,0.0,1.1399893148229974,0.4630747393843357,-0.10691991802715711,1.7806460412121278e-16,0.4630747393843334,-1.2761619484570177e-15,1.1399893148229896
0.512174870482215,-0.07687479304859297,0.0,0.512174870482215,0.0,1.1780993270616158,0.512174870482215,-0.07687479304859297,0.0,0.512174870482215,0.0,1.1780993270616158,0.5121748704822165,-0.07687479304859232,4.048044060658212e-17,0.5121748704822167,-4.099400551174403e-16,1.1780993270616253
0.32110958253305366,-0.22845884194271623,0.0,0.32110958253305366,0.0,1.0991368489515392,0.32110958253305366,-0.22845884194271623,0.0,0.32110958253305366,0.0,1.0991368489515392,0.32110958253305155,-0.22845884194271612,-8.735762729655176e-18,0.3211095825330515,-2.6417329689786273e-16,1.0991368489515405
1.5962765666481427,-0.4870463395182303,0.0,1.5962765666481427,0.0,4.166645812332745,1.5962765666481427,-0.4870463395182303,0.0,1.5962765666481427,0.0,4.166645812332745,1.5962765666481435,-0.4870463395182315,-1.6882010222117914e-16,1.5962765666481438,-1.0004251572455796e-15,4.166645812332767
2.389801643901914,-1.2812143424980076,0.0,2.389801643901914,0.0,7.342031972799842,2.389801643901914,-1.2812143424980076,0.0,2.389801643901914,0.0,7.342031972799842,2.3898016439019063,-1.2812143424979967,4.962941084327696e-16,2.389801643901906,-2.377233057104844e-15,7.34203197279984
1.4446651083949638,-1.0481600566822145,0.0,1.4446651083949638,0.0,4.9856503301543595,1.4446651083949638,-1.0481600566822145,0.0,1.4446651083949638,0.0,4.9856503301543595,1.4446651083949584,-1.048160056682207,-3.1672477926152386e-16,1.4446651083949569,1.0082012609235968e-15,4.985650330154335
0.356942445967032,-0.23076724709758145,0.0,0.356942445967032,0.0,1.175419386129227,0.356942445967032,-0.23076724709758145,0.0,0.356942445967032,0.0,1.175419386129227,0.35694244596703134,-0.23076724709758079,2.9246025041647544e-16,0.3569424459670317,-5.363742685174278e-16,1.1754193861292348
0.8661543588342828,-0.09372062100568186,0.0,0.8661543588342827,0.0,1.91974995967993,0.8661543588342828,-0.09372062100568186,0.0,0.8661543588342827,0.0,1.91974995967993,0.8661543588342798,-0.09372062100568133,-1.0602321225481824e-16,0.8661543588342777,1.425696693834211e-15,1.9197499596799121
2.3007904425656114,-1.0127245340617623,0.0,2.300790442565612,0.0,6.62702995325475,2.3007904425656114,-1.0127245340617623,0.0,2.300790442565612,0.0,6.62702995325475,2.300790442565619,-1.0127245340617534,1.6432954660448921e-15,2.300790442565608,-2.155781507716802e-15,6.627029953254733
0.5901675275298518,-0.1353174747053568,0.0,0.5901675275298518,0.0,1.4509700044704168,0.5901675275298518,-0.1353174747053568,0.0,0.5901675275298518,0.0,1.4509700044704168,0.5901675275298462,-0.1353174747053554,2.2329992461856725e-17,0.5901675275298472,-8.033278438958223e-16,1.4509700044704212
0.3071143929883934,-0.24044630560699926,0.0,0.30711439298839344,0.0,1.0951213971907858,0.3071143929883934,-0.24044630560699926,0.0,0.30711439298839344,0.0,1.0951213971907858,0.30711439298839277,-0.2404463056069993,1.6204121481153107e-16,0.30711439298839127,-4.541569579463057e-16,1.0951213971907916
1.63524752955228,-0.49414587472113924,0.0,1.63524752955228,0.0,4.258786808546839,1.63524752955228,-0.49414587472113924,0.0,1.63524752955228,0.0,4.258786808546839,1.6352475295522808,-0.49414587472113614,-3.134963391883441e-16,1.6352475295522713,2.417530900461343e-15,4.258786808546865
2.8593226144565254,-0.7675194855611137,0.0,2.8593226144565254,0.0,7.253684200035279,2.8593226144565254,-0.7675194855611137,0.0,2.8593226144565254,0.0,7.253684200035279,2.8593226144564934,-0.7675194855611108,-9.294856479546003e-16,2.8593226144565014,3.126879600763113e-15,7.253684200035271
0.4961380498579192,-0.44907542658751,0.0,0.4961380498579191,0.0,1.8904269528908606,0.4961380498579192,-0.44907542658751,0.0,0.4961380498579191,0.0,1.8904269528908606,0.4961380498579213,-0.44907542658750504,-5.635152095056584e-17,0.49613804985791965,-2.3588460216421244e-16,1.8904269528908928
1.3400952514012778,-0.16934230420680776,0.0,1.3400952514012778,0.0,3.0188751112161714,1.3400952514012778,-0.16934230420680776,0.0,1.3400952514012778,0.0,3.0188751112161714,1.3400952514012767,-0.16934230420680774,-5.3482627476390845e-17,1.3400952514012723,3.4426494354191716e-15,3.0188751112161634
1.3161389424179792,-1.0068621012343097,0.0,1.316138942417979,0.0,4.646002087304578,1.3161389424179792,-1.0068621012343097,0.0,1.316138942417979,0.0,4.646002087304578,1.3161389424179868,-1.0068621012343109,-7.125444037686282e-16,1.3161389424179744,8.08033420754195e-16,4.646002087304566
0.282778673017852,-0.2130695158029248,0.0,0.282778673017852,0.0,0.9916963776415534,0.282778673017852,-0.2130695158029248,0.0,0.282778673017852,0.0,0.9916963776415534,0.2827786730178499,-0.21306951580292308,7.993781719177336e-17,0.28277867301784915,2.4972948736909487e-18,0.991696377641555
0.2985198894968138,-0.21804613615010218,0.0,0.2985198894968138,0.0,1.0331320512938316,0.2985198894968138,-0.21804613615010218,0.0,0.2985198894968138,0.0,1.0331320512938316,0.2985198894968144,-0.21804613615010057,-1.4678318007146465e-16,0.2985198894968121,-2.0752615790656093e-16,1.03313205129384
0.7912033823169572,-0.3458173647718409,0.0,0.7912033823169573,0.0,2.2740414941775966,0.7912033823169572,-0.3458173647718409,0.0,0.7912033823169573,0.0,2.2740414941775966,0.7912033823169478,-0.3458173647718393,-6.360691439892479e-16,0.7912033823169476,1.542687760385159e-15,2.274041494177623
0.780526959861569,-0.3094632280446855,0.0,0.780526959861569,0.0,2.1799803758125083,0.780526959861569,-0.3094632280446855,0.0,0.780526959861569,0.0,2.1799803758125083,0.7805269598615603,-0.30946322804468207,2.0103125071769767e-16,0.7805269598615608,-8.867316945073755e-16,2.1799803758125362
0.5041729121595703,-0.06694658160797873,0.0,0.5041729121595703,0.0,1.142238987535098,0.5041729121595703,-0.06694658160797873,0.0,0.5041729121595703,0.0,1.142238987535098,0.5041729121595678,-0.06694658160797869,-2.985847964966018e-17,0.5041729121595702,-3.136206094803375e-16,1.142238987535111
0.41903759813331876,-0.029703185159603893,0.0,0.41903759813331876,0.0,0.8974815665858453,0.41903759813331876,-0.029703185159603893,0.0,0.41903759813331876,0.0,0.8974815665858453,0.4190375981333148,-0.029703185159604066,-4.133352878769317e-17,0.4190375981333127,4.453894307490647e-16,0.8974815665858548
2.555776171431865,-0.2604363217165176,0.0,2.5557761714318654,0.0,5.6324249862967655,2.555776171431865,-0.2604363217165176,0.0,2.5557761714318654,0.0,5.6324249862967655,2.555776171431864,-0.2604363217165152,-1.8392284076467487e-16,2.5557761714318654,-1.866739904870391e-17,5.632424986296785
0.8003679372853848,-0.18103451350791713,0.0,0.8003679372853849,0.0,1.9628049015866038,0.8003679372853848,-0.18103451350791713,0.0,0.8003679372853849,0.0,1.9628049015866038,0.8003679372853757,-0.18103451350791633,-2.3885696046452627e-16,0.8003679372853778,6.604373686696131e-16,1.9628049015865896
0.3375194081712071,-0.26469310922415373,0.0,0.3375194081712071,0.0,1.2044250347907222,0.3375194081712071,-0.26469310922415373,0.0,0.3375194081712071,0.0,1.2044250347907222,0.33751940817120496,-0.26469310922415484,2.661852065278817e-16,0.33751940817120296,-4.905053865122547e-16,1.2044250347907248
0.848049324345639,-0.331949742377391,0.0,0.848049324345639,0.0,2.35999813344606,0.848049324345639,-0.331949742377391,0.0,0.848049324345639,0.0,2.35999813344606,0.8480493243456309,-0.3319497423773873,-8.010611873061985e-17,0.8480493243456334,1.5404777853667982e-16,2.3599981334460662
1.6544980719846738,-0.30452350333933437,0.0,1.6544980719846738,0.0,3.9180431506480162,1.6544980719846738,-0.30452350333933437,0.0,1.6544980719846738,0.0,3.9180431506480162,1.6544980719846765,-0.304523503339334,-4.749510602193413e-16,1.6544980719846774,-1.1273526665291867e-16,3.918043150648036
0.44317216324663894,-0.18403289723829752,0.0,0.44317216324663894,0.0,1.254410120969873,0.44317216324663894,-0.18403289723829752,0.0,0.44317216324663894,0.0,1.254410120969873,0.44317216324663966,-0.18403289723829838,4.532445268420318e-16,0.4431721632466371,-1.1413723912715055e-15,1.254410120969876
0.5256571720099649,-0.34544034424551634,0.0,0.5256571720099648,0.0,1.7421950325109623,0.5256571720099649,-0.34544034424551634,0.0,0.5256571720099648,0.0,1.7421950325109623,0.5256571720099611,-0.34544034424551345,-2.377182553463168e-16,0.5256571720099602,1.3838423031676152e-15,1.742195032510964
0.38124011538825064,-0.19455981163864475,0.0,0.3812401153882506,0.0,1.1515998540537904,0.38124011538825064,-0.19455981163864475,0.0,0.3812401153882506,0.0,1.1515998540537904,0.3812401153882502,-0.19455981163864444,1.592062989956021e-16,0.38124011538824987,-1.6032347620520722e-16,1.151599854053789
3.017887853725422,-0.46512552873206514,0.0,3.017887853725423,0.0,6.966026764914974,3.017887853725422,-0.46512552873206514,0.0,3.017887853725423,0.0,6.966026764914974,3.017887853725396,-0.4651255287320633,9.621679419334279e-16,3.0178878537253913,-7.727428238506265e-15,6.966026764914912
0.6498994380348592,-0.4463204463884742,0.0,0.6498994380348592,0.0,2.192439768846667,0.6498994380348592,-0.4463204463884742,0.0,0.6498994380348592,0.0,2.192439768846667,0.6498994380348543,-0.4463204463884681,-3.7603716186964907e-16,0.6498994380348512,9.861420819159792e-16,2.192439768846672
0.39336037042916405,-0.36427161960204774,0.0,0.39336037042916405,0.0,1.515263980062426,0.39336037042916405,-0.36427161960204774,0.0,0.39336037042916405,0.0,1.515263980062426,0.3933603704291627,-0.36427161960204596,4.1219113098131084e-17,0.39336037042916544,-1.2430140632680876e-16,1.5152639800624241
1.054889955203878,-0.33063773568996846,0.0,1.054889955203878,0.0,2.771055381787693,1.054889955203878,-0.33063773568996846,0.0,1.054889955203878,0.0,2.771055381787693,1.0548899552038777,-0.3306377356899673,5.586200623204761e-20,1.0548899552038704,1.1928012506591477e-15,2.7710553817877064
2.56076170859776,-0.41465807312556385,0.0,2.5607617085977603,0.0,5.950839563446648,2.56076170859776,-0.41465807312556385,0.0,2.5607617085977603,0.0,5.950839563446648,2.5607617085977425,-0.4146580731255587,5.831944251282332e-17,2.560761708597751,-1.796685243944622e-15,5.9508395634465945
0.2976967422411976,-0.24820676891448287,0.0,0.2976967422411976,0.0,1.0918070223113605,0.2976967422411976,-0.24820676891448287,0.0,0.2976967422411976,0.0,1.0918070223113605,0.29769674224119697,-0.24820676891448354,4.1105737538109007e-16,0.29769674224119647,-6.863679837905852e-17,1.0918070223113587
2.17200460370743,-0.2540794005739514,0.0,2.17200460370743,0.0,4.852168008562763,2.17200460370743,-0.2540794005739514,0.0,2.17200460370743,0.0,4.852168008562763,2.1720046037074243,-0.2540794005739515,-3.0953871056417006e-17,2.1720046037074336,-3.777917644889005e-15,4.852168008562706
0.38715549598783244,-0.13396569415415424,0.0,0.3871554959878324,0.0,1.042242380283973,0.38715549598783244,-0.13396569415415424,0.0,0.3871554959878324,0.0,1.042242380283973,0.38715549598783344,-0.13396569415415477,-1.0546842962292157e-16,0.38715549598783344,-6.340326680861226e-16,1.0422423802839722
0.9591667212031869,-0.11811290288386735,0.0,0.9591667212031871,0.0,2.154559248174109,0.9591667212031869,-0.11811290288386735,0.0,0.9591667212031871,0.0,2.154559248174109,0.9591667212031799,-0.11811290288386717,-9.411708701453942e-17,0.9591667212031786,1.7765547157967475e-15,2.1545592481741127
1.4585977131754182,-0.0986751771332561,0.0,1.4585977131754182,0.0,3.1145457806173487,1.4585977131754182,-0.0986751771332561,0.0,1.4585977131754182,0.0,3.1145457806173487,1.458597713175413,-0.09867517713325683,2.8402666944836615e-17,1.4585977131754084,-4.112576062273772e-16,3.1145457806173815
1.790487012604275,-0.1845584239213278,0.0,1.790487012604275,0.0,3.950090873051206,1.790487012604275,-0.1845584239213278,0.0,1.790487012604275,0.0,3.950090873051206,1.790487012604257,-0.18455842392132635,2.382199916633773e-16,1.790487012604253,2.4212165329994924e-17,3.9500908730511783
2.589881164104063,-1.7922929964750964,0.0,2.589881164104063,0.0,8.764348321158323,2.589881164104063,-1.7922929964750964,0.0,2.589881164104063,0.0,8.764348321158323,2.5898811641040407,-1.7922929964750953,2.6073872689295233e-15,2.589881164104055,-2.846221163688855e-15,8.764348321158357
2.3651422014781245,-0.43044068308159417,0.0,2.3651422014781245,0.0,5.591165769119436,2.3651422014781245,-0.43044068308159417,0.0,2.3651422014781245,0.0,5.591165769119436,2.365142201478115,-0.43044068308158934,-2.275336768365431e-16,2.3651422014781187,5.005951318389896e-15,5.591165769119424
1.689262646011745,-0.8256743136883633,0.0,1.6892626460117453,0.0,5.0298739194002176,1.689262646011745,-0.8256743136883633,0.0,1.6892626460117453,0.0,5.0298739194002176,1.689262646011739,-0.8256743136883642,-5.595905317019905e-16,1.6892626460117413,1.6741803242342417e-15,5.029873919400206
0.4017176156767955,-0.13859720138931683,0.0,0.4017176156767955,0.0,1.0806296341322243,0.4017176156767955,-0.13859720138931683,0.0,0.4017176156767955,0.0,1.0806296341322243,0.4017176156767954,-0.13859720138931578,3.983033184484046e-17,0.4017176156767923,-2.664471943990649e-17,1.080629634132227
0.9262469120492738,-0.3302015565760486,0.0,0.9262469120492739,0.0,2.512896937250645,0.9262469120492738,-0.3302015565760486,0.0,0.9262469120492739,0.0,2.512896937250645,0.926246912049265,-0.3302015565760445,4.895636661049823e-16,0.9262469120492633,-1.795769358266133e-15,2.5128969372506256
2.5461077116435336,-1.2628150911786133,0.0,2.5461077116435336,0.0,7.617845605644293,2.5461077116435336,-1.2628150911786133,0.0,2.5461077116435336,0.0,7.617845605644293,2.546107711643544,-1.2628150911786,-2.794503835458106e-16,2.546107711643524,3.7078422224737633e-16,7.617845605644337
2.8478743539151523,-0.6267993109458938,0.0,2.847874353915153,0.0,6.949347329722094,2.8478743539151523,-0.6267993109458938,0.0,2.847874353915153,0.0,6.949347329722094,2.847874353915137,-0.6267993109458886,-9.151409667263656e-16,2.8478743539151408,2.632152807665482e-15,6.949347329722107
0.867224599934014,-0.16939444808011384,0.0,0.8672245999340142,0.0,2.073238096028256,0.867224599934014,-0.16939444808011384,0.0,0.8672245999340142,0.0,2.073238096028256,0.8672245999340085,-0.16939444808011234,4.0362199922068014e-17,0.8672245999340095,8.15402169482369e-17,2.0732380960282706
0.7403523549253247,-0.12240458292593968,0.0,0.7403523549253248,0.0,1.7255138757025286,0.7403523549253247,-0.12240458292593968,0.0,0.7403523549253248,0.0,1.7255138757025286,0.740352354925325,-0.12240458292593893,-4.436955463108155e-17,0.7403523549253247,-4.502434263786086e-16,1.7255138757025232
0.6212709894237383,-0.6036277465027604,0.0,0.6212709894237383,0.0,2.449797471853011,0.6212709894237383,-0.6036277465027604,0.0,0.6212709894237383,0.0,2.449797471853011,0.6212709894237405,-0.6036277465027553,1.4973270031503138e-16,0.6212709894237353,-3.267565699003026e-16,2.449797471853045
0.3856678995252442,-0.057285079532667475,0.0,0.38566789952524416,0.0,0.8859059581158234,0.3856678995252442,-0.057285079532667475,0.0,0.38566789952524416,0.0,0.8859059581158234,0.38566789952524105,-0.057285079532667524,-6.603577707707428e-18,0.3856678995252415,6.120329467382177e-16,0.8859059581158224
1.0648223426250234,-0.5099681981663301,0.0,1.0648223426250234,0.0,3.149581081582707,1.0648223426250234,-0.5099681981663301,0.0,1.0648223426250234,0.0,3.149581081582707,1.0648223426250238,-0.5099681981663248,1.0454390160030057e-15,1.064822342625024,-1.0059068994860273e-15,3.1495810815827183
0.8277226982428258,-0.24076707672841596,0.0,0.8277226982428258,0.0,2.1369795499424833,0.8277226982428258,-0.24076707672841596,0.0,0.8277226982428258,0.0,2.1369795499424833,0.8277226982428213,-0.240767076728414,3.6897316093446444e-16,0.827722698242818,-7.610700124453337e-16,2.1369795499424544
2.336385263153737,-0.7759757792029286,0.0,2.336385263153737,0.0,6.224722084713333,2.336385263153737,-0.7759757792029286,0.0,2.336385263153737,0.0,6.224722084713333,2.3363852631536988,-0.7759757792029283,4.297923758938387e-16,2.336385263153746,-6.708228668963512e-16,6.224722084713293
0.2938646214628393,-0.1906669207679541,0.0,0.2938646214628393,0.0,0.9690630844615868,0.2938646214628393,-0.1906669207679541,0.0,0.2938646214628393,0.0,0.9690630844615868,0.29386462146283565,-0.19066692076795172,3.705686760110777e-16,0.29386462146283665,-6.528525967805689e-16,0.9690630844615847
1.0123899645476337,-0.0879515939737833,0.0,1.0123899645476335,0.0,2.200683117042834,1.0123899645476337,-0.0879515939737833,0.0,1.0123899645476335,0.0,2.200683117042834,1.012389964547626,-0.08795159397378274,6.414892418089076e-18,1.0123899645476293,4.1759345491183396e-16,2.2006831170428374
1.3323650958022686,-0.9608979540577692,0.0,1.3323650958022688,0.0,4.5865260997200785,1.3323650958022686,-0.9608979540577692,0.0,1.3323650958022688,0.0,4.5865260997200785,1.3323650958022784,-0.9608979540577738,-1.2987497782851528e-15,1.3323650958022621,1.0744191198422098e-15,4.586526099720063
2.079534044703643,-1.0050779093271935,0.0,2.079534044703643,0.0,6.169223908061671,2.079534044703643,-1.0050779093271935,0.0,2.079534044703643,0.0,6.169223908061671,2.0795340447036272,-1.0050779093271862,-7.815056523536611e-17,2.079534044703639,-4.022366344787876e-15,6.169223908061737
1.42223783740048,-1.2370989700918336,0.0,1.4222378374004803,0.0,5.318673614984627,1.42223783740048,-1.2370989700918336,0.0,1.4222378374004803,0.0,5.318673614984627,1.4222378374004658,-1.237098970091824,1.2806341765357078e-15,1.4222378374004785,-6.832015353810794e-16,5.31867361498465
2.092916203888638,-1.2861886496794133,0.0,2.092916203888638,0.0,6.7582097071361025,2.092916203888638,-1.2861886496794133,0.0,2.092916203888638,0.0,6.7582097071361025,2.0929162038886084,-1.2861886496794133,1.2172386913858551e-15,2.092916203888605,-1.2587886606236552e-15,6.758209707136136
2.8966284276357723,-0.7774290000903872,0.0,2.8966284276357723,0.0,7.348114855452317,2.8966284276357723,-0.7774290000903872,0.0,2.8966284276357723,0.0,7.348114855452317,2.8966284276357555,-0.7774290000903872,-5.991378389534901e-16,2.896628427635771,1.4905087636275403e-15,7.348114855452248
0.6153157177808581,-0.03770894901755578,0.0,0.6153157177808583,0.0,1.306049333596828,0.6153157177808581,-0.03770894901755578,0.0,0.6153157177808583,0.0,1.306049333596828,0.615315717780853,-0.037708949017555525,3.187303020641503e-17,0.6153157177808521,-3.870019107664685e-16,1.3060493335968357
1.6985211435209482,-0.5752071606658623,0.0,1.698521143520948,0.0,4.54745660837362,1.6985211435209482,-0.5752071606658623,0.0,1.698521143520948,0.0,4.54745660837362,1.6985211435209409,-0.5752071606658594,-8.012658821580174e-16,1.6985211435209395,1.935399685893737e-15,4.547456608373624
1.4887135176611022,-1.0578219323691784,0.0,1.4887135176611024,0.0,5.093070900060563,1.4887135176611022,-1.0578219323691784,0.0,1.4887135176611024,0.0,5.093070900060563,1.488713517661091,-1.057821932369172,-1.365423166635392e-15,1.488713517661099,2.008703518106985e-15,5.093070900060603
1.9499636236937061,-1.2002663402966836,0.0,1.9499636236937061,0.0,6.30045992798078,1.9499636236937061,-1.2002663402966836,0.0,1.9499636236937061,0.0,6.30045992798078,1.9499636236936875,-1.200266340296676,6.032042640598839e-16,1.9499636236936884,2.1974376881658886e-15,6.300459927980768
1.9151878019122865,-0.20315607085071435,0.0,1.9151878019122865,0.0,4.236687745526002,1.9151878019122865,-0.20315607085071435,0.0,1.9151878019122865,0.0,4.236687745526002,1.9151878019122823,-0.20315607085071266,5.77283417758367e-17,1.9151878019122786,-7.193868834135048e-16,4.236687745526003
1.527359018688838,-0.11377655801036737,0.0,1.527359018688838,0.0,3.2822711533984106,1.527359018688838,-0.11377655801036737,0.0,1.527359018688838,0.0,3.2822711533984106,1.5273590186888257,-0.11377655801036679,-6.761059758393531e-17,1.5273590186888253,1.1034346506202992e-17,3.282271153398454
0.3330469087689686,-0.11323922948046351,0.0,0.33304690876896864,0.0,0.8925722764988642,0.3330469087689686,-0.11323922948046351,0.0,0.33304690876896864,0.0,0.8925722764988642,0.33304690876896687,-0.11323922948046236,1.6514755605958638e-17,0.3330469087689678,-7.466580999416033e-18,0.8925722764988667
0.9379894872361435,-0.8928005700517913,0.0,0.9379894872361435,0.0,3.661580114575866,0.9379894872361435,-0.8928005700517913,0.0,0.9379894872361435,0.0,3.661580114575866,0.9379894872361363,-0.8928005700517857,8.827918571884839e-16,0.9379894872361282,-4.3292413216285716e-16,3.661580114575864
1.5181809022772292,-1.448375646274806,0.0,1.5181809022772292,0.0,5.933113097104055,1.5181809022772292,-1.448375646274806,0.0,1.5181809022772292,0.0,5.933113097104055,1.5181809022772104,-1.4483756462748103,-1.2263004565362935e-17,1.518180902277226,4.215156902712367e-18,5.9331130971041155
0.7561311242803216,-0.455329272561625,0.0,0.7561311242803216,0.0,2.4229207936838937,0.7561311242803216,-0.455329272561625,0.0,0.7561311242803216,0.0,2.4229207936838937,0.7561311242803221,-0.45532927256162115,3.225476852734766e-16,0.75613112428032,-1.1406871583588324e-15,2.422920793683895
2.18521544752562,-0.35832402950516257,0.0,2.1852154475256205,0.0,5.087078954061567,2.18521544752562,-0.35832402950516257,0.0,2.1852154475256205,0.0,5.087078954061567,2.1852154475256107,-0.35832402950516073,4.676509297006132e-16,2.1852154475256214,-5.673830026608106e-16,5.087078954061631
0.39021682739904806,-0.09880945815589255,0.0,0.390216827399048,0.0,0.978052571109881,0.39021682739904806,-0.09880945815589255,0.0,0.390216827399048,0.0,0.978052571109881,0.39021682739904673,-0.09880945815589189,7.569906903991762e-17,0.39021682739904606,-2.6584409348674006e-16,0.9780525711098788
1.9119845274384284,-0.5729973301257215,0.0,1.9119845274384284,0.0,4.9699637151283005,1.9119845274384284,-0.5729973301257215,0.0,1.9119845274384284,0.0,4.9699637151283005,1.9119845274384217,-0.5729973301257217,-8.121891361221674e-16,1.9119845274384246,3.4140742615204035e-15,4.969963715128338
2.306066519676294,-0.3428999255111954,0.0,2.306066519676294,0.0,5.297932890374979,2.306066519676294,-0.3428999255111954,0.0,2.306066519676294,0.0,5.297932890374979,2.306066519676274,-0.3428999255111933,5.3513985721010526e-17,2.306066519676273,-2.029189461935787e-15,5.297932890374969
0.3343287377538833,-0.1468157905509585,0.0,0.3343287377538833,0.0,0.9622890566096838,0.3343287377538833,-0.1468157905509585,0.0,0.3343287377538833,0.0,0.9622890566096838,0.3343287377538811,-0.14681579055095717,1.0872372783450075e-16,0.3343287377538826,-1.623929969724725e-16,0.962289056609692
0.6710724090209464,-0.13427024162471127,0.0,0.6710724090209466,0.0,1.6106853012913158,0.6710724090209464,-0.13427024162471127,0.0,0.6710724090209466,0.0,1.6106853012913158,0.6710724090209411,-0.13427024162471082,1.2607755752076547e-16,0.6710724090209412,-1.3445457768139574e-16,1.6106853012912974
0.49272307095056117,-0.37955522460194824,0.0,0.49272307095056106,0.0,1.7445565911050187,0.49272307095056117,-0.37955522460194824,0.0,0.49272307095056106,0.0,1.7445565911050187,0.49272307095056234,-0.37955522460194735,6.3527381687951965e-16,0.49272307095056067,-5.932938844347165e-16,1.7445565911050107
0.7026481470102152,-0.3259801361020523,0.0,0.7026481470102152,0.0,2.057256566224535,0.7026481470102152,-0.3259801361020523,0.0,0.7026481470102152,0.0,2.057256566224535,0.7026481470102135,-0.32598013610205123,-5.476697942904938e-16,0.7026481470102112,-4.2679989728459243e-16,2.0572565662245323
1.0777511588047464,-0.08106293295754971,0.0,1.0777511588047464,0.0,2.317628183524592,1.0777511588047464,-0.08106293295754971,0.0,1.0777511588047464,0.0,2.317628183524592,1.0777511588047424,-0.08106293295755018,-1.351401990175343e-16,1.077751158804742,2.1158955354970206e-15,2.317628183524603
0.41410748467814823,-0.1577353008688181,0.0,0.41410748467814823,0.0,1.1436855710939327,0.41410748467814823,-0.1577353008688181,0.0,0.41410748467814823,0.0,1.1436855710939327,0.41410748467814795,-0.1577353008688175,1.6018975556189758e-16,0.4141074846781459,-1.4600475247033926e-15,1.1436855710939453
1.7203823207735227,-0.7990857428163013,0.0,1.7203823207735227,0.0,5.038936127179648,1.7203823207735227,-0.7990857428163013,0.0,1.7203823207735227,0.0,5.038936127179648,1.7203823207735114,-0.7990857428162994,4.729466060440254e-16,1.720382320773511,-1.0592173429112665e-15,5.038936127179612
0.2707475116003908,-0.24297028387531242,0.0,0.2707475116003908,0.0,1.0274355909514072,0.2707475116003908,-0.24297028387531242,0.0,0.2707475116003908,0.0,1.0274355909514072,0.27074751160038824,-0.2429702838753105,-3.1548035661616866e-16,0.27074751160039057,4.3837500767848974e-16,1.0274355909514101
0.5488745023093782,-0.47468398729848554,0.0,0.5488745023093782,0.0,2.047116979215726,0.5488745023093782,-0.47468398729848554,0.0,0.5488745023093782,0.0,2.047116979215726,0.5488745023093714,-0.4746839872984847,-1.6624481844013735e-17,0.5488745023093723,-3.3991810778352135e-16,2.0471169792157284
2.380823219973061,-0.680168367412316,0.0,2.3808232199730615,0.0,6.1219831747707545,2.380823219973061,-0.680168367412316,0.0,2.3808232199730615,0.0,6.1219831747707545,2.3808232199730384,-0.6801683674123128,-9.635594577709794e-16,2.3808232199730366,4.357566349145775e-15,6.121983174770737
1.1348505918336205,-1.0328411395265449,0.0,1.1348505918336205,0.0,4.335383462720325,1.1348505918336205,-1.0328411395265449,0.0,1.1348505918336205,0.0,4.335383462720325,1.1348505918336105,-1.0328411395265376,-2.8467315826023844e-16,1.134850591833607,-1.7483131362406925e-15,4.335383462720353
1.1132028646691052,-0.1425805279610487,0.0,1.1132028646691052,0.0,2.5115667852603076,1.1132028646691052,-0.1425805279610487,0.0,1.1132028646691052,0.0,2.5115667852603076,1.1132028646691006,-0.14258052796104823,3.1991079016182704e-16,1.113202864669104,-2.30902834213263e-15,2.511566785260309
0.7026897036507198,-0.3549706318027445,0.0,0.7026897036507198,0.0,2.1153206709069297,0.7026897036507198,-0.3549706318027445,0.0,0.7026897036507198,0.0,2.1153206709069297,0.7026897036507209,-0.35497063180274113,3.5500414877350115e-16,0.7026897036507211,-2.981176310226909e-16,2.1153206709069168
0.3303392177493745,-0.16818925487972092,0.0,0.3303392177493745,0.0,0.9970569452581906,0.3303392177493745,-0.16818925487972092,0.0,0.3303392177493745,0.0,0.9970569452581906,0.3303392177493731,-0.16818925487971914,-8.161092135056606e-18,0.330339217749373,-3.019423388223811e-16,0.9970569452581896
0.5812163652371461,-0.28839897745038795,0.0,0.5812163652371463,0.0,1.7392306853750683,0.5812163652371461,-0.28839897745038795,0.0,0.5812163652371463,0.0,1.7392306853750683,0.5812163652371433,-0.28839897745038207,-1.0086931617215987e-16,0.5812163652371424,8.64212320697957e-16,1.7392306853750867
0.43999346681944723,-0.0341721918186439,0.0,0.4399934668194473,0.0,0.9483313172761824,0.43999346681944723,-0.0341721918186439,0.0,0.4399934668194473,0.0,0.9483313172761824,0.4399934668194471,-0.03417219181864399,1.938917026670711e-17,0.4399934668194474,7.957254937673552e-16,0.9483313172761814
1.16365623126928,-0.8859728714377912,0.0,1.1636562312692798,0.0,4.099258205414144,1.16365623126928,-0.8859728714377912,0.0,1.1636562312692798,0.0,4.099258205414144,1.1636562312692902,-0.8859728714377932,7.0297879472672365e-16,1.1636562312692948,8.084027506171949e-16,4.099258205414147
0.5762361771960123,-0.3394350064345697,0.0,0.5762361771960122,0.0,1.8313423672611635,0.5762361771960123,-0.3394350064345697,0.0,0.5762361771960122,0.0,1.8313423672611635,0.5762361771960106,-0.33943500643456886,5.056805303375365e-16,0.5762361771960098,-9.12048210334919e-16,1.8313423672611664
0.36684306476282663,-0.02287031995902255,0.0,0.36684306476282663,0.0,0.7794267694436984,0.36684306476282663,-0.02287031995902255,0.0,0.36684306476282663,0.0,0.7794267694436984,0.36684306476282447,-0.02287031995902254,-6.346190262644636e-17,0.36684306476282685,5.488284235507201e-16,0.7794267694437015
0.8549480342993341,-0.5329603303812498,0.0,0.8549480342993342,0.0,2.7758167293611673,0.8549480342993341,-0.5329603303812498,0.0,0.8549480342993342,0.0,2.7758167293611673,0.8549480342993326,-0.53296033038125,3.4380275285632185e-16,0.8549480342993304,-8.170796200708613e-16,2.77581672936116
2.6795425286203276,-0.9009923537176256,0.0,2.6795425286203276,0.0,7.161069764675907,2.6795425286203276,-0.9009923537176256,0.0,2.6795425286203276,0.0,7.161069764675907,2.6795425286203187,-0.9009923537176138,1.4306386011403455e-15,2.679542528620314,2.0842037831232426e-17,7.161069764675896
1.7954359117008238,-0.1420167998574724,0.0,1.795435911700824,0.0,3.8749054231165934,1.7954359117008238,-0.1420167998574724,0.0,1.795435911700824,0.0,3.8749054231165934,1.7954359117008025,-0.14201679985747068,-2.3380985654901164e-16,1.7954359117007996,1.2148572580806232e-15,3.8749054231166173
2.054847085548775,-1.167437286606649,0.0,2.054847085548775,0.0,6.444568744310845,2.054847085548775,-1.167437286606649,0.0,2.054847085548775,0.0,6.444568744310845,2.054847085548785,-1.1674372866066387,1.064699315645067e-15,2.0548470855487717,-4.058406031885266e-15,6.444568744310884
1.6222190865122714,-0.4382872699840902,0.0,1.6222190865122714,0.0,4.121012712992723,1.6222190865122714,-0.4382872699840902,0.0,1.6222190865122714,0.0,4.121012712992723,1.6222190865122539,-0.4382872699840879,5.681305640962928e-16,1.6222190865122532,1.9521963860496263e-16,4.121012712992749
0.5341834701294439,-0.3530606425207354,0.0,0.5341834701294439,0.0,1.7744882253003582,0.5341834701294439,-0.3530606425207354,0.0,0.5341834701294439,0.0,1.7744882253003582,0.5341834701294432,-0.35306064252073405,-3.2121035429845707e-17,0.5341834701294444,-3.7829397362823227e-16,1.774488225300372
0.3182310409241323,-0.09837879126249496,0.0,0.31823104092413224,0.0,0.8332196643732546,0.3182310409241323,-0.09837879126249496,0.0,0.31823104092413224,0.0,0.8332196643732546,0.31823104092413446,-0.09837879126249463,-2.2200809470210163e-17,0.3182310409241304,5.609403301603886e-17,0.8332196643732572
0.5059493776684908,-0.2044536298153564,0.0,0.5059493776684907,0.0,1.4208060149676942,0.5059493776684908,-0.2044536298153564,0.0,0.5059493776684907,0.0,1.4208060149676942,0.5059493776684864,-0.2044536298153567,-2.199449391673784e-16,0.5059493776684869,4.085947169566122e-16,1.4208060149677062
0.4892943576193138,-0.3430918647294817,0.0,0.4892943576193138,0.0,1.6647724446975907,0.4892943576193138,-0.3430918647294817,0.0,0.4892943576193138,0.0,1.6647724446975907,0.48929435761931284,-0.34309186472947895,5.328660643699037e-16,0.48929435761931367,-7.398427792918343e-16,1.6647724446975727
0.32333746458326085,-0.058620467230670964,0.0,0.32333746458326085,0.0,0.7639158636278638,0.32333746458326085,-0.058620467230670964,0.0,0.32333746458326085,0.0,0.7639158636278638,0.32333746458325985,-0.0586204672306709,-3.44986844674462e-17,0.3233374645832606,3.942334353388103e-16,0.7639158636278637
0.37419656625608955,-0.11238685133048354,0.0,0.37419656625608955,0.0,0.973166835173146,0.37419656625608955,-0.11238685133048354,0.0,0.37419656625608955,0.0,0.973166835173146,0.37419656625608866,-0.1123868513304813,-9.891114371663866e-17,0.37419656625608755,1.736828958936932e-16,0.9731668351731528
0.3837537111726897,-0.22458847855706793,0.0,0.3837537111726897,0.0,1.2166843794595152,0.3837537111726897,-0.22458847855706793,0.0,0.3837537111726897,0.0,1.2166843794595152,0.3837537111726862,-0.2245884785570668,5.018957379088015e-16,0.38375371117268475,-8.572793598889828e-16,1.2166843794595177
0.9834701711600565,-0.6574493422321122,0.0,0.9834701711600565,0.0,3.2818390267843367,0.9834701711600565,-0.6574493422321122,0.0,0.9834701711600565,0.0,3.2818390267843367,0.983470171160051,-0.6574493422321109,8.59505464030988e-16,0.9834701711600553,4.4270261895245947e-16,3.2818390267843496
0.32430135337939736,-0.10439960502771087,0.0,0.3243013533793973,0.0,0.8574019168142164,0.32430135337939736,-0.10439960502771087,0.0,0.3243013533793973,0.0,0.8574019168142164,0.32430135337939403,-0.10439960502771041,-8.666927114428938e-17,0.32430135337939453,3.981546457956925e-16,0.8574019168142084
2.853055409899919,-0.37010816121884965,0.0,2.8530554098999192,0.0,6.446327142237537,2.853055409899919,-0.37010816121884965,0.0,2.8530554098999192,0.0,6.446327142237537,2.8530554098999064,-0.3701081612188495,-9.980114309580916e-16,2.853055409899916,5.5139619542927655e-15,6.44632714223752
2.046286763865462,-0.5749078833547565,0.0,2.046286763865462,0.0,5.2423892944404376,2.046286763865462,-0.5749078833547565,0.0,2.046286763865462,0.0,5.2423892944404376,2.0462867638654516,-0.5749078833547502,-1.0473855382961775e-15,2.0462867638654596,3.397922333067552e-15,5.24238929444048
1.5673813774891987,-0.8553704661365853,0.0,1.5673813774891987,0.0,4.845503687251568,1.5673813774891987,-0.8553704661365853,0.0,1.5673813774891987,0.0,4.845503687251568,1.5673813774892047,-0.8553704661365837,-6.470526017955103e-16,1.5673813774891918,1.1142862842141408e-15,4.845503687251524
1.0562231979674344,-0.5696045451084528,0.0,1.0562231979674346,0.0,3.251655486151775,1.0562231979674344,-0.5696045451084528,0.0,1.0562231979674346,0.0,3.251655486151775,1.0562231979674392,-0.5696045451084474,-4.1108993879395637e-16,1.0562231979674324,5.077247327286648e-16,3.251655486151778
2.3855751905763407,-0.29635678696212253,0.0,2.3855751905763407,0.0,5.363863955076925,2.3855751905763407,-0.29635678696212253,0.0,2.3855751905763407,0.0,5.363863955076925,2.3855751905763602,-0.29635678696212275,-3.454587882993573e-16,2.3855751905763634,1.8705403217443775e-15,5.36386395507691
0.33475071509427,-0.09996320261602769,0.0,0.33475071509427007,0.0,0.8694278354205952,0.33475071509427,-0.09996320261602769,0.0,0.33475071509427007,0.0,0.8694278354205952,0.334750715094269,-0.09996320261602724,-1.1601291002705557e-16,0.3347507150942687,3.789288324707777e-16,0.8694278354205992
0.3484586720694464,-0.0945306727640025,0.0,0.34845867206944636,0.0,0.8859786896668977,0.3484586720694464,-0.0945306727640025,0.0,0.34845867206944636,0.0,0.8859786896668977,0.3484586720694476,-0.0945306727640026,-1.5875922205980844e-17,0.34845867206944653,2.6883224217240743e-16,0.8859786896668957
0.4380209744627783,-0.2605229276746629,0.0,0.4380209744627783,0.0,1.3970878042748827,0.4380209744627783,-0.2605229276746629,0.0,0.4380209744627783,0.0,1.3970878042748827,0.43802097446277816,-0.2605229276746583,-4.5780943752754275e-17,0.4380209744627789,-9.520371104080137e-17,1.397087804274891
2.4134682291385032,-0.29975786010223726,0.0,2.4134682291385032,0.0,5.4264521784814805,2.4134682291385032,-0.29975786010223726,0.0,2.4134682291385032,0.0,5.4264521784814805,2.413468229138507,-0.29975786010223515,1.2053118521107348e-16,2.4134682291384983,1.4838433040061166e-15,5.426452178481529
1.1839747887296894,-0.589388623518264,0.0,1.1839747887296896,0.0,3.5467268244959076,1.1839747887296894,-0.589388623518264,0.0,1.1839747887296896,0.0,3.5467268244959076,1.1839747887296912,-0.5893886235182668,-2.1820393929433434e-16,1.1839747887296943,9.451618054201625e-16,3.546726824495905
1.0489149940296418,-0.7388315948043513,0.0,1.0489149940296418,0.0,3.5754931776679855,1.0489149940296418,-0.7388315948043513,0.0,1.0489149940296418,0.0,3.5754931776679855,1.0489149940296347,-0.7388315948043435,5.290809800211571e-16,1.048914994029628,-1.689427442882789e-15,3.575493177667991
0.3540247600247375,-0.029835625652352326,0.0,0.35402476002473754,0.0,0.7677207713541797,0.3540247600247375,-0.029835625652352326,0.0,0.35402476002473754,0.0,0.7677207713541797,0.35402476002473626,-0.02983562565235215,4.6042624635606826e-17,0.3540247600247377,-5.798561963630237e-16,0.767720771354179
0.8925543060900365,-0.6678557136574611,0.0,0.8925543060900364,0.0,3.1208200394949945,0.8925543060900365,-0.6678557136574611,0.0,0.8925543060900364,0.0,3.1208200394949945,0.8925543060900331,-0.6678557136574587,1.0693679985426174e-15,0.8925543060900334,1.6737581810519538e-16,3.120820039494956
1.0229953158783884,-0.5055073100731006,0.0,1.0229953158783884,0.0,3.0570052519029773,1.0229953158783884,-0.5055073100731006,0.0,1.0229953158783884,0.0,3.0570052519029773,1.0229953158783822,-0.5055073100731039,-6.896776149112574e-16,1.022995315878386,1.2477957934486497e-15,3.057005251902977
1.1065475594998264,-0.5254893242903689,0.0,1.1065475594998264,0.0,3.26407376758039,1.1065475594998264,-0.5254893242903689,0.0,1.1065475594998264,0.0,3.26407376758039,1.1065475594998173,-0.5254893242903657,7.630955352891403e-16,1.10654755949982,-3.5179236505976027e-16,3.2640737675804283
1.5863567952818005,-0.6494191249895445,0.0,1.5863567952818007,0.0,4.47155184054269,1.5863567952818005,-0.6494191249895445,0.0,1.5863567952818007,0.0,4.47155184054269,1.586356795281797,-0.6494191249895366,-2.358188566453642e-16,1.5863567952817832,3.0546224062307132e-15,4.471551840542749
0.7166104804913401,-0.050348349044240355,0.0,0.7166104804913401,0.0,1.533917659071161,0.7166104804913401,-0.050348349044240355,0.0,0.7166104804913401,0.0,1.533917659071161,0.7166104804913385,-0.05034834904424044,3.7410927597248344e-17,0.7166104804913351,-1.4406828213315484e-15,1.5339176590711598
1.3043695075169224,-0.39384765668877686,0.0,1.3043695075169224,0.0,3.3964343284113987,1.3043695075169224,-0.39384765668877686,0.0,1.3043695075169224,0.0,3.3964343284113987,1.3043695075169208,-0.3938476566887754,-6.409569412259028e-16,1.3043695075169137,1.3534144924925463e-15,3.3964343284114205
0.7154059840239422,-0.16338210619756163,0.0,0.7154059840239421,0.0,1.757576180443007,0.7154059840239422,-0.16338210619756163,0.0,0.7154059840239421,0.0,1.757576180443007,0.7154059840239471,-0.16338210619755994,-1.212330751121943e-16,0.7154059840239472,7.342092470232932e-16,1.757576180442999
0.7783952031118958,-0.3305362302150932,0.0,0.7783952031118958,0.0,2.217862866653978,0.7783952031118958,-0.3305362302150932,0.0,0.7783952031118958,0.0,2.217862866653978,0.7783952031118867,-0.33053623021509293,1.3293573640677403e-16,0.7783952031118884,-7.796120216128876e-18,2.2178628666539857
0.47075733488512234,-0.2006502698597914,0.0,0.47075733488512234,0.0,1.3428152094898276,0.47075733488512234,-0.2006502698597914,0.0,0.47075733488512234,0.0,1.3428152094898276,0.47075733488512445,-0.20065026985979006,8.562288782075652e-17,0.47075733488512445,-4.978973829528198e-16,1.3428152094898327
0.42160420737866755,-0.2197230752086878,0.0,0.4216042073786675,0.0,1.2826545651747103,0.42160420737866755,-0.2197230752086878,0.0,0.4216042073786675,0.0,1.2826545651747103,0.42160420737866744,-0.2197230752086876,4.975568970411178e-16,0.4216042073786663,-1.2726900275638892e-15,1.2826545651747108
0.379181624106331,-0.16950129429778296,0.0,0.37918162410633105,0.0,1.0973658368082277,0.379181624106331,-0.16950129429778296,0.0,0.37918162410633105,0.0,1.0973658368082277,0.3791816241063257,-0.1695012942977815,-1.80341779599051e-16,0.37918162410632766,4.186985157192796e-16,1.0973658368082337
1.0075385884919346,-0.17875353374304284,0.0,1.0075385884919343,0.0,2.3725842444699543,1.0075385884919346,-0.17875353374304284,0.0,1.0075385884919343,0.0,2.3725842444699543,1.0075385884919255,-0.17875353374304148,2.099035908810276e-16,1.0075385884919263,-2.2488129052003145e-15,2.372584244469977
0.5404050418698483,-0.11977402042965328,0.0,0.5404050418698483,0.0,1.3203581245990033,0.5404050418698483,-0.11977402042965328,0.0,0.5404050418698483,0.0,1.3203581245990033,0.5404050418698464,-0.11977402042965277,-9.079997299176399e-17,0.5404050418698451,8.733595731830963e-16,1.320358124599008
1.6467210798443404,-1.3442256172761005,0.0,1.6467210798443404,0.0,5.981893394240878,1.6467210798443404,-1.3442256172761005,0.0,1.6467210798443404,0.0,5.981893394240878,1.64672107984435,-1.3442256172761022,-1.2851874081506171e-15,1.6467210798443497,1.1336191014606525e-15,5.981893394240842
1.5180228435562722,-1.244446625914818,0.0,1.5180228435562722,0.0,5.5249389389421815,1.5180228435562722,-1.244446625914818,0.0,1.5180228435562722,0.0,5.5249389389421815,1.5180228435562606,-1.2444466259148212,2.2308232470640834e-15,1.518022843556259,4.1223614311777746e-16,5.524938938942132
0.30665259197861705,-0.14962199390952585,0.0,0.30665259197861705,0.0,0.9125491717762858,0.30665259197861705,-0.14962199390952585,0.0,0.30665259197861705,0.0,0.9125491717762858,0.3066525919786197,-0.149621993909525,8.17627047292079e-17,0.3066525919786155,-1.727306052962581e-16,0.9125491717762875
0.7145031288318048,-0.05206530981755271,0.0,0.7145031288318048,0.0,1.533136877298715,0.7145031288318048,-0.05206530981755271,0.0,0.7145031288318048,0.0,1.533136877298715,0.7145031288317959,-0.05206530981755252,-4.904704186976317e-17,0.7145031288317968,5.660783378895031e-16,1.5331368772986997
2.0421550805397586,-0.7146725233525755,0.0,2.0421550805397586,0.0,5.513655207784667,2.0421550805397586,-0.7146725233525755,0.0,2.0421550805397586,0.0,5.513655207784667,2.0421550805397555,-0.7146725233525703,-1.0884228361946852e-16,2.0421550805397435,-7.794305714378082e-16,5.5136552077846686
2.56594689187908,-0.7586249667225776,0.0,2.5659468918790806,0.0,6.649143717203316,2.56594689187908,-0.7586249667225776,0.0,2.5659468918790806,0.0,6.649143717203316,2.5659468918790673,-0.7586249667225728,6.268008172254755e-16,2.5659468918790815,-5.2474956836175175e-15,6.6491437172032954
0.32350619888664145,-0.10391090367256259,0.0,0.32350619888664145,0.0,0.854834205118408,0.32350619888664145,-0.10391090367256259,0.0,0.32350619888664145,0.0,0.854834205118408,0.3235061988866383,-0.10391090367256231,-1.127713555355854e-16,0.3235061988866385,3.5346561935914883e-16,0.8548342051184138
0.3696782542916614,-0.0471334777895038,0.0,0.36967825429166135,0.0,0.8336234641623304,0.3696782542916614,-0.0471334777895038,0.0,0.36967825429166135,0.0,0.8336234641623304,0.3696782542916588,-0.047133477789503615,-9.553667156221414e-19,0.36967825429166024,3.0891466680176017e-17,0.8336234641623254
2.304566674075642,-2.1678015293966206,0.0,2.3045666740756423,0.0,8.944736406944523,2.304566674075642,-2.1678015293966206,0.0,2.3045666740756423,0.0,8.944736406944523,2.3045666740756294,-2.167801529396651,1.336986966323829e-15,2.304566674075653,-5.878496296648553e-17,8.944736406944553
0.282005497319082,-0.14709675755043805,0.0,0.282005497319082,0.0,0.8582045097390402,0.282005497319082,-0.14709675755043805,0.0,0.282005497319082,0.0,0.8582045097390402,0.2820054973190803,-0.147096757550438,4.640650213314232e-17,0.28200549731908114,1.2092059841681276e-16,0.8582045097390361
0.364782940589882,-0.17976524964399723,0.0,0.3647829405898819,0.0,1.0890963804677583,0.364782940589882,-0.17976524964399723,0.0,0.3647829405898819,0.0,1.0890963804677583,0.36478294058988076,-0.17976524964399662,8.825943061736439e-17,0.3647829405898833,2.3699953091183825e-16,1.0890963804677665
2.7200959210683164,-0.3445901142285806,0.0,2.7200959210683164,0.0,6.129372070593795,2.7200959210683164,-0.3445901142285806,0.0,2.7200959210683164,0.0,6.129372070593795,2.720095921068312,-0.3445901142285766,6.489461563757836e-17,2.7200959210682796,-7.36553056687768e-16,6.129372070593727
0.2551642775362658,-0.21954306348703037,0.0,0.2551642775362658,0.0,0.9494146820465912,0.2551642775362658,-0.21954306348703037,0.0,0.2551642775362658,0.0,0.9494146820465912,0.25516427753626303,-0.21954306348703204,1.7003595305944052e-16,0.25516427753626575,-2.4854415734856793e-16,0.9494146820465824
1.1803214417838233,-1.1321015266521632,0.0,1.1803214417838233,0.0,4.6248459368719725,1.1803214417838233,-1.1321015266521632,0.0,1.1803214417838233,0.0,4.6248459368719725,1.180321441783824,-1.1321015266521584,2.6312615796906638e-15,1.1803214417838328,-3.2413538260704896e-15,4.624845936871962
0.7270640060366581,-0.14303884461549085,0.0,0.7270640060366581,0.0,1.7402057013042986,0.7270640060366581,-0.14303884461549085,0.0,0.7270640060366581,0.0,1.7402057013042986,0.7270640060366499,-0.14303884461549032,2.5124073021363175e-16,0.7270640060366502,-1.494414061810278e-15,1.7402057013043004
0.5542225108667057,-0.31922690076782734,0.0,0.5542225108667057,0.0,1.7468988232690656,0.5542225108667057,-0.31922690076782734,0.0,0.5542225108667057,0.0,1.7468988232690656,0.5542225108667024,-0.3192269007678264,6.571124989819897e-16,0.5542225108666999,-1.4433331911801822e-15,1.746898823269051
0.34913677631519663,-0.15020000654372664,0.0,0.34913677631519663,0.0,0.9986735657178468,0.34913677631519663,-0.15020000654372664,0.0,0.34913677631519663,0.0,0.9986735657178468,0.34913677631519585,-0.15020000654372592,-3.1844771459296656e-17,0.349136776315197,-4.0901753225643953e-16,0.9986735657178487
0.6877473229254217,-0.6564612217310761,0.0,0.6877473229254217,0.0,2.6884170893129897,0.6877473229254217,-0.6564612217310761,0.0,0.6877473229254217,0.0,2.6884170893129897,0.6877473229254142,-0.6564612217310738,-4.4259609962629134e-16,0.6877473229254143,7.226474530761992e-16,2.688417089313004
1.0368567906243522,-0.9335369724174285,0.0,1.0368567906243522,0.0,3.940787526083554,1.0368567906243522,-0.9335369724174285,0.0,1.0368567906243522,0.0,3.940787526083554,1.0368567906243393,-0.933536972417438,3.4372735529385887e-16,1.0368567906243409,-2.926837789837115e-16,3.9407875260835428
2.04544592098238,-1.7605347023412674,0.0,2.0454459209823797,0.0,7.61196124664729,2.04544592098238,-1.7605347023412674,0.0,2.0454459209823797,0.0,7.61196124664729,2.0454459209823783,-1.7605347023412656,1.6228039255583377e-15,2.045445920982376,-1.2675393276494432e-15,7.6119612466473106
0.8154818927503246,-0.3243931120788403,0.0,0.8154818927503247,0.0,2.2797500096583296,0.8154818927503246,-0.3243931120788403,0.0,0.8154818927503247,0.0,2.2797500096583296,0.815481892750316,-0.3243931120788368,1.651593159094151e-16,0.8154818927503205,-1.0210094440419739e-15,2.2797500096583434
0.5490005277569806,-0.498236195388911,0.0,0.5490005277569806,0.0,2.094473446291787,0.5490005277569806,-0.498236195388911,0.0,0.5490005277569806,0.0,2.094473446291787,0.5490005277569858,-0.49823619538890984,-2.527805386899602e-18,0.549000527756981,3.804340481474656e-16,2.094473446291788
1.5696048417060142,-0.19312323822535682,0.0,1.5696048417060144,0.0,3.5254561598627427,1.5696048417060142,-0.19312323822535682,0.0,1.5696048417060144,0.0,3.5254561598627427,1.5696048417060018,-0.19312323822535737,6.322533850346747e-18,1.5696048417060053,1.692101984169081e-15,3.52545615986274
1.3168939510335582,-0.28940484118631343,0.0,1.3168939510335582,0.0,3.212597584439743,1.3168939510335582,-0.28940484118631343,0.0,1.3168939510335582,0.0,3.212597584439743,1.3168939510335482,-0.2894048411863138,2.495963357170321e-16,1.3168939510335484,1.2884552587611355e-15,3.2125975844397714
2.2327500717947815,-0.2809367761951418,0.0,2.232750071794782,0.0,5.027373695979848,2.2327500717947815,-0.2809367761951418,0.0,2.232750071794782,0.0,5.027373695979848,2.2327500717947792,-0.28093677619514185,-6.129797221117441e-16,2.23275007179477,5.744854738962823e-15,5.02737369597978
1.0382367173220717,-0.5285977836888089,0.0,1.0382367173220717,0.0,3.1336690020217612,1.0382367173220717,-0.5285977836888089,0.0,1.0382367173220717,0.0,3.1336690020217612,1.0382367173220586,-0.5285977836888099,-2.761867111969906e-16,1.038236717322062,-3.624131117308633e-16,3.13366900202175
2.114097378602235,-0.6645893314955319,0.0,2.114097378602235,0.0,5.557373420195534,2.114097378602235,-0.6645893314955319,0.0,2.114097378602235,0.0,5.557373420195534,2.1140973786022372,-0.6645893314955312,3.642756878523362e-16,2.1140973786022292,4.236222045214722e-16,5.557373420195532
1.6592701667733234,-0.7919409699850887,0.0,1.6592701667733234,0.0,4.902422273516825,1.6592701667733234,-0.7919409699850887,0.0,1.6592701667733234,0.0,4.902422273516825,1.6592701667733245,-0.7919409699850815,2.5734752275786954e-16,1.6592701667733238,1.8227912502258457e-15,4.902422273516845
1.2303503003574097,-0.20257447208508314,0.0,1.2303503003574097,0.0,2.8658495448849854,1.2303503003574097,-0.20257447208508314,0.0,1.2303503003574097,0.0,2.8658495448849854,1.2303503003573921,-0.20257447208508167,-7.729158016066097e-17,1.2303503003573892,1.9153361466758194e-15,2.8658495448849792
1.2141989645480376,-0.6924487573741781,0.0,1.2141989645480376,0.0,3.81329544384443,1.2141989645480376,-0.6924487573741781,0.0,1.2141989645480376,0.0,3.81329544384443,1.2141989645480293,-0.6924487573741717,-1.095603411789145e-15,1.2141989645480287,2.5056453556550646e-15,3.8132954438443916
0.9955535965382695,-0.25125781282778714,0.0,0.9955535965382695,0.0,2.4936228187321126,0.9955535965382695,-0.25125781282778714,0.0,0.9955535965382695,0.0,2.4936228187321126,0.9955535965382628,-0.25125781282778614,-1.8647695291391434e-16,0.9955535965382674,1.3801988262924666e-15,2.493622818732115
0.9176206126968062,-0.22476357561138233,0.0,0.9176206126968062,0.0,2.2847683766163773,0.9176206126968062,-0.22476357561138233,0.0,0.9176206126968062,0.0,2.2847683766163773,0.9176206126968,-0.2247635756113819,5.113303456733858e-16,0.9176206126967965,-5.248609525691489e-16,2.2847683766163533
0.33754054153930374,-0.18934220057602016,0.0,0.33754054153930374,0.0,1.0537654842306476,0.33754054153930374,-0.18934220057602016,0.0,0.33754054153930374,0.0,1.0537654842306476,0.3375405415393034,-0.18934220057601933,-1.2301454372186372e-16,0.3375405415393023,1.18624111991515e-16,1.0537654842306592
1.2730052160336902,-0.21289352256549374,0.0,1.2730052160336902,0.0,2.971797477198368,1.2730052160336902,-0.21289352256549374,0.0,1.2730052160336902,0.0,2.971797477198368,1.273005216033689,-0.21289352256549388,-1.0031797561845808e-16,1.2730052160336858,-3.932524879029949e-16,2.9717974771983573
0.4045290968090676,-0.1967101641545409,0.0,0.4045290968090677,0.0,1.2024785219272172,0.4045290968090676,-0.1967101641545409,0.0,0.4045290968090677,0.0,1.2024785219272172,0.40452909680906757,-0.19671016415454082,5.202911390810732e-17,0.4045290968090659,-2.9470563846210985e-16,1.2024785219272238
0.48328798869271894,-0.4236594475588381,0.0,0.48328798869271894,0.0,1.8138948725031152,0.48328798869271894,-0.4236594475588381,0.0,0.48328798869271894,0.0,1.8138948725031152,0.48328798869271533,-0.4236594475588363,2.421703403407081e-16,0.48328798869271644,-1.9833238274073451e-16,1.8138948725031228
0.37448002987937323,-0.17369783629483904,0.0,0.3744800298793733,0.0,1.0963557323484245,0.37448002987937323,-0.17369783629483904,0.0,0.3744800298793733,0.0,1.0963557323484245,0.3744800298793708,-0.173697836294837,-6.566990213460687e-17,0.374480029879372,3.6777164527388034e-16,1.096355732348423
2.2773874189123102,-0.5001189638898728,0.0,2.2773874189123102,0.0,5.555012765604366,2.2773874189123102,-0.5001189638898728,0.0,2.2773874189123102,0.0,5.555012765604366,2.2773874189123076,-0.5001189638898688,3.6259798058861454e-17,2.277387418912299,-3.6866644835078533e-16,5.555012765604337
0.5311744424589174,-0.1301861898686589,0.0,0.5311744424589174,0.0,1.3227212646551525,0.5311744424589174,-0.1301861898686589,0.0,0.5311744424589174,0.0,1.3227212646551525,0.5311744424589157,-0.1301861898686581,2.0758882700694616e-16,0.5311744424589148,-3.608015738145462e-16,1.3227212646551498
0.7494406699803202,-0.3252974123547123,0.0,0.7494406699803202,0.0,2.1494761646700646,0.7494406699803202,-0.3252974123547123,0.0,0.7494406699803202,0.0,2.1494761646700646,0.7494406699803149,-0.32529741235471105,4.189499007033636e-16,0.749440669980315,-4.506336981962724e-16,2.149476164670052
